CodPar,CodIns,CanIns,Deprec,Contad,CodAlt
"P0002544","EQUI0275",4.0000000000000000e+00,1.0000000000000000e-02,30306,
"P0002544","EQUI0073",4.0000000000000000e+00,1.0000000000000000e-02,30307,
"P0002544","EQUI0181",1.0000000000000000e+01,3.5000000000000001e-03,30308,
"P0002544","EQUI0335",1.0000000000000000e+01,1.0000000000000000e-02,30309,
"P0002673","EQUI0285",2.0000000000000000e+00,1.0000000000000000e-02,30310,
"P0002673","EQUI0217",1.0000000000000000e+00,1.0000000000000000e-02,30311,
"P0002673","EQUI0175",2.0000000000000000e+00,5.0000000000000001e-03,30312,
"P0002673","EQUI0078",1.0000000000000000e+00,5.0000000000000001e-03,30313,
"P0002674","EQUI0285",2.0000000000000000e+00,1.0000000000000000e-02,30314,
"P0002674","EQUI0217",1.0000000000000000e+00,1.0000000000000000e-02,30315,
"P0002674","EQUI0175",2.0000000000000000e+00,5.0000000000000001e-03,30316,
"P0002674","EQUI0078",1.0000000000000000e+00,5.0000000000000001e-03,30317,
"P0002930","EQUIP",1.0000000000000000e+00,1.0000000000000000e+00,30318,
"P0002986","EQUI0351",3.0000000000000000e+00,1.0000000000000000e-02,30319,
"P0002986","EQUI0116",3.0000000000000000e+00,1.0000000000000000e-02,30320,
"P0002986","EQUI0275",3.0000000000000000e+00,1.0000000000000000e-02,30321,
"P0002986","EQUI0073",3.0000000000000000e+00,1.0000000000000000e-02,30322,
"P0002986","EQUI0335",3.0000000000000000e+00,1.0000000000000000e-02,30324,
"P0002986","EQUI0233",6.0000000000000000e+00,1.0000000000000000e-02,30325,
"P0002986","EQUI0114",3.0000000000000000e+00,1.0000000000000000e-02,30326,
"P0002986","EQUI0061",3.0000000000000000e+00,3.5000000000000001e-03,30327,
"P0003174","EQUI0279",5.0000000000000000e+00,1.0000000000000000e-02,30328,
"P0003174","EQUI0069",2.0000000000000000e+00,1.0000000000000000e-02,30329,
"P0003174","EQUI0061",2.0000000000000000e+00,3.5000000000000001e-03,30330,
"P0003174","BOMCON",1.0000000000000000e+00,3.0000000000000001e-03,30331,
"P0003174","FIORI",1.0000000000000000e+00,1.0000000000000000e+00,30332,
"P0003198","EQUI0351",1.0000000000000000e+00,1.0000000000000000e-02,30333,
"P0003198","EQUI0279",2.0000000000000000e+00,1.0000000000000000e-02,30334,
"P0003198","EQUI0061",1.0000000000000000e+00,3.5000000000000001e-03,30335,
"P0003576","EQUI0310",1.0000000000000000e+00,1.0000000000000000e+00,30336,
"P0003576","EQUI0318",1.0000000000000000e+00,1.0000000000000000e-02,30337,
"P0003576","EQUI0275",1.0000000000000000e+00,1.0000000000000000e-02,30338,
"P0003576","EQUI0073",1.0000000000000000e+00,1.0000000000000000e-02,30339,
"P0003576","EQUI0019",1.0000000000000000e+00,1.0000000000000000e+00,30340,
"P0003606","PLO012",1.0000000000000000e+00,1.0000000000000000e+00,30341,
"P0003641","PLO012",1.0000000000000000e+00,1.0000000000000000e+00,30342,
"P0003820","EQUI0001",1.0000000000000000e+00,1.0000000000000000e-02,30343,
"P0003820","EQUI0073",1.0000000000000000e+00,1.0000000000000000e-02,30344,
"P0003820","EQUI0031",2.5000000000000000e-01,1.0000000000000000e+00,30345,
"P0003820","EQUI0229",2.0000000000000000e+00,1.0000000000000000e-02,30346,
"P0003820","EQUI0342",1.0000000000000000e+00,1.0000000000000000e-02,30347,
"P0003821","EQUI0001",1.0000000000000000e+00,1.0000000000000000e-02,30348,
"P0003821","EQUI0073",1.0000000000000000e+00,1.0000000000000000e-02,30349,
"P0003897","EQUI0031",1.0000000000000001e-01,1.0000000000000000e+00,30353,
"P0003897","EQUI0023",2.0000000000000000e+00,1.0000000000000000e-02,30354,
"P0003897","EQUI0173",1.0000000000000000e+00,1.0000000000000000e-02,30355,
"P0003897","EQUI0183",1.0000000000000000e+00,1.0000000000000000e-02,30356,
"P0003897","EQUI0175",1.0000000000000000e+00,5.0000000000000001e-03,30357,
"P0003997","EQUI0118",1.0000000000000000e+00,1.0000000000000000e+00,30365,
"P0003997","EQUI0228",1.0000000000000000e+00,1.0000000000000000e+00,30366,
"LAI490","MED010",1.0000000000000000e+00,5.0000000000000003e-02,30030,
"LAI490","MED008",1.0000000000000000e+00,6.0000000000000001e-03,30031,
"P0003821","EQUI0031",2.5000000000000000e-01,1.0000000000000000e+00,30350,
"P0003821","EQUI0229",2.0000000000000000e+00,1.0000000000000000e-02,30351,
"P0004757","EQUI0351",1.0000000000000000e+00,1.0000000000000000e-02,30367,
"P0004757","EQUI0279",2.0000000000000000e+00,1.0000000000000000e-02,30368,
"P0004757","EQUI0116",1.0000000000000000e+00,1.0000000000000000e-02,30369,
"P0004757","EQUI0275",1.0000000000000000e+00,1.0000000000000000e-02,30370,
"P0004757","EQUI0061",2.0000000000000000e+00,3.5000000000000001e-03,30371,
"P0004769","EQUI0259",1.0000000000000000e+00,1.0000000000000000e+00,30372,
"P0004769","EQUI0279",4.0000000000000000e+00,1.0000000000000000e-02,30373,
"P0004769","EQUI0116",1.0000000000000000e+00,1.0000000000000000e-02,30374,
"P0004769","EQUI0063",3.0000000000000000e+00,3.5500000000000002e-03,30375,
"P0004769","EQUI0361",2.0000000000000000e+00,3.0000000000000001e-03,30376,
"P0004769","EQUI0051",1.0000000000000000e+00,1.0000000000000000e+00,30377,
"P0005133","EQUI0285",1.0000000000000000e+00,1.0000000000000000e-02,30378,
"P0005133","EQUI0217",1.0000000000000000e+00,1.0000000000000000e-02,30379,
"P0005133","EQUI0001",2.0000000000000000e+00,1.0000000000000000e-02,30380,
"P0005133","EQUI0175",2.0000000000000000e+00,5.0000000000000001e-03,30381,
"P0005133","EQUI0363",1.0000000000000000e+00,3.0000000000000001e-03,30382,
"P0005222","EQUI0138",1.0000000000000000e+00,8.3599999999999994e-02,30383,
"P0005222","EQUI0142",1.0000000000000000e+00,1.0000000000000000e+00,30384,
"P0005222","EQUI0342",1.0000000000000000e+00,1.0000000000000000e-02,30385,
"P0005222","EQUI0173",1.0000000000000000e+00,1.0000000000000000e-02,30386,
"P0005222","EQUI0053",1.0000000000000000e+00,1.0000000000000000e-02,30387,
"P0005222","EQUI0203",1.0000000000000000e+00,1.0000000000000000e-02,30388,
"P0005222","EQUI0114",1.0000000000000000e+00,1.0000000000000000e-02,30389,
"P0005708","EQUI0031",1.0000000000000001e-01,1.0000000000000000e+00,30393,
"P0005708","EQUI0172",1.0000000000000000e+00,1.0000000000000000e+00,30394,
"P0005708","EQUI0342",1.0000000000000000e+00,1.0000000000000000e-02,30395,
"P0005708","EQUI0219",1.0000000000000000e+00,1.0000000000000000e-02,30396,
"P0005708","EQUI0001",1.0000000000000000e+00,1.0000000000000000e-02,30397,
"P0005722","EQUI0351",1.0000000000000000e+00,1.0000000000000000e-02,30398,
"P0005722","EQUI0279",2.0000000000000000e+00,1.0000000000000000e-02,30399,
"P0005722","EQUI0061",1.0000000000000000e+00,3.5000000000000001e-03,30400,
"P0005841","EQUI0351",1.0000000000000000e+00,1.0000000000000000e-02,30407,
"P0005841","EQUI0116",1.0000000000000000e+00,1.0000000000000000e-02,30408,
"P0005841","EQUI0073",1.0000000000000000e+00,1.0000000000000000e-02,30409,
"LAI490","MED009",1.0000000000000000e+00,1.0000000000000000e-02,30032,
"LAI490","MED016",1.0000000000000000e+00,1.0000000000000000e+00,30033,
"LAI499","ALB133",1.0000000000000000e+00,8.0000000000000002e-03,30034,
"LAI499","ALB027",8.0000000000000000e+00,3.4000000000000002e-02,30035,
"LAI499","ALB091",2.0000000000000000e+00,3.5000000000000003e-02,30036,
"LAI499","ALB002",2.0000000000000000e+00,3.7999999999999999e-02,30037,
"LAI499","COP038",1.0000000000000000e+00,1.0000000000000000e+00,30038,
"LAI530","COP075",2.5000000000000000e-01,3.1419999999999998e-03,30039,
"LAI530","ALB002",1.0000000000000000e+00,3.7999999999999999e-02,30040,
"LAI530","ALB027",1.0000000000000000e+00,3.4000000000000002e-02,30041,
"LAI530","ALB136",1.0000000000000000e+00,1.0000000000000000e-02,30043,
"LAI530","ALB026",1.0000000000000000e+00,6.7000000000000004e-02,30045,
"LAI531","PIN013",1.0000000000000000e+00,7.0000000000000007e-02,30046,
"LAI531","MED010",1.0000000000000000e+00,5.0000000000000003e-02,30047,
"LAI531","MED008",1.0000000000000000e+00,6.0000000000000001e-03,30048,
"LAI531","MED009",1.0000000000000000e+00,1.0000000000000000e-02,30049,
"LAI531","MED016",1.0000000000000000e+00,1.0000000000000000e+00,30050,
"LIC006","COP074",2.5000000000000000e-01,3.5320000000000000e-03,30051,
"LIC006","PLO012",1.0000000000000000e+00,1.0000000000000000e+00,30052,
"P0003821","EQUI0342",1.0000000000000000e+00,1.0000000000000000e-02,30352,
"P0003897","EQUI0024",2.0000000000000000e+00,1.0000000000000000e-02,30358,
"P0003898","EQUI0031",1.0000000000000001e-01,1.0000000000000000e+00,30359,
"P0003898","EQUI0023",2.0000000000000000e+00,1.0000000000000000e-02,30360,
"P0003898","EQUI0173",1.0000000000000000e+00,1.0000000000000000e-02,30361,
"P0003898","EQUI0183",1.0000000000000000e+00,1.0000000000000000e-02,30362,
"P0005853","EQUI0267",1.0000000000000000e+00,1.0000000000000000e+00,30414,
"P0005858","EQUI0140",4.0000000000000002e-01,1.0000000000000000e+00,30415,
"P0005858","EQUI0059",1.0000000000000000e+00,1.0000000000000000e+00,30416,
"P0005858","EQUI0051",4.0000000000000002e-01,1.0000000000000000e+00,30417,
"P0005722","COP078",5.0000000000000000e-01,1.0000000000000000e+00,30558,
"P0005861","EQUI0229",1.0000000000000000e+00,1.0000000000000000e-02,30419,
"P0005861","EQUI0238",1.0000000000000000e+00,1.0000000000000000e+00,30420,
"P0005861","EQUI0275",1.0000000000000000e+00,1.0000000000000000e-02,30421,
"P0005861","EQUI0073",1.0000000000000000e+00,1.0000000000000000e-02,30422,
"P0005861","EQUI0042",1.0000000000000001e-01,1.0000000000000000e+00,30423,
"P0005861","EQUI0080",1.0000000000000000e+00,1.0000000000000000e-02,30424,
"UP333","COP078",2.5000000000000000e-01,1.0000000000000000e+00,30506,
"UP333","PIN013",1.0000000000000000e+00,7.0000000000000007e-02,30507,
"UP333","ALB138",1.0000000000000000e+00,1.0000000000000000e-02,30508,
"UP333","ALB136",1.0000000000000000e+00,1.0000000000000000e-02,30509,
"UP333","MED015",1.0000000000000000e+00,2.0000000000000000e-02,30510,
"UP333","ALB137",1.0000000000000000e+00,2.1999999999999999e-02,30511,
"UP333","ALB051",1.0000000000000000e+00,1.0000000000000000e-02,30512,
"P0005862","EQUI0143",1.0000000000000000e+00,3.5000000000000001e-03,30425,
"P0005862","EQUI0201",5.0000000000000000e-01,2.0000000000000000e-03,30426,
"P0005862","EQUI0330",2.0000000000000000e+00,3.5000000000000001e-03,30427,
"P0005862","EQUI0181",1.0000000000000000e+00,3.5000000000000001e-03,30428,
"P0005864","EQUI0031",1.0000000000000001e-01,1.0000000000000000e+00,30429,
"P0005864","EQUI0229",2.0000000000000000e+00,1.0000000000000000e-02,30430,
"P0000035","EQUI0028",1.0000000000000000e+00,1.0000000000000000e-03,30053,
"P0000035","EQUI0344",1.0000000000000000e+00,1.1000000000000001e-03,30054,
"P0000035","EQUI0277",1.0000000000000000e+00,1.0000000000000000e-03,30055,
"P0000035","EQUI0214",6.0000000000000000e+00,3.0000000000000001e-03,30056,
"P0000035","EQUI0074",2.0000000000000000e+00,1.0000000000000000e-02,30057,
"P0000110","COP078",1.0000000000000000e+00,1.0000000000000000e+00,30059,
"P0000147","EQUI0284",3.0000000000000000e+00,1.0000000000000000e-02,30060,
"P0000147","EQUI0015",2.0000000000000000e+00,1.0000000000000000e-02,30061,
"P0000147","EQUI0279",1.0000000000000000e+01,1.0000000000000000e-02,30062,
"P0000160","EQUI0284",2.0000000000000000e+00,1.0000000000000000e-02,30063,
"P0000160","EQUI0279",2.0000000000000000e+00,1.0000000000000000e-02,30064,
"P0000160","EQUI0243",1.0000000000000001e-01,8.0000000000000002e-03,30065,
"P0000160","EQUI0061",4.0000000000000000e+00,3.5000000000000001e-03,30066,
"P0000164","EQUI0311",2.0000000000000000e+00,1.0000000000000000e+00,30067,
"P0000164","EQUI0284",4.0000000000000000e+00,1.0000000000000000e-02,30068,
"P0000164","EQUI0015",2.0000000000000000e+00,1.0000000000000000e-02,30069,
"P0000164","EQUI0279",4.0000000000000000e+00,1.0000000000000000e-02,30070,
"P0000164","EQUI0061",2.0000000000000000e+00,3.5000000000000001e-03,30071,
"P0000173","EQUI0091",2.0000000000000000e+00,1.0000000000000000e+00,30072,
"P0000173","EQUI0279",8.0000000000000000e+00,1.0000000000000000e-02,30073,
"P0000173","EQUI0243",2.0000000000000000e+00,8.0000000000000002e-03,30074,
"P0000173","EQUI0061",4.0000000000000000e+00,3.5000000000000001e-03,30075,
"P0000176","EQUI0259",1.0000000000000000e+00,1.0000000000000000e+00,30076,
"P0000176","EQUI0284",2.0000000000000000e+00,1.0000000000000000e-02,30077,
"P0000176","EQUI0279",8.0000000000000000e+00,1.0000000000000000e-02,30078,
"P0000176","EQUI0243",1.0000000000000000e+00,8.0000000000000002e-03,30079,
"P0000176","EQUI0061",2.0000000000000000e+00,3.5000000000000001e-03,30080,
"P0000211","EQUI0259",1.0000000000000000e+00,1.0000000000000000e+00,30081,
"P0000211","EQUI0362",2.0000000000000000e+00,3.0000000000000001e-03,30082,
"P0000211","EQUI0279",3.0000000000000000e+00,1.0000000000000000e-02,30083,
"P0000645","EQUI0109",1.0000000000000000e+00,1.0000000000000000e+00,30087,
"P0000645","EQUI0342",4.0000000000000000e+00,1.0000000000000000e-02,30088,
"P0000645","EQUI0001",4.0000000000000000e+00,1.0000000000000000e-02,30089,
"P0000645","EQUI0073",3.0000000000000000e+00,1.0000000000000000e-02,30090,
"P0000645","EQUI0124",1.0000000000000000e+00,1.0000000000000000e+00,30091,
"P0000648","EQUI0342",4.0000000000000000e+00,1.0000000000000000e-02,30097,
"P0000648","EQUI0001",4.0000000000000000e+00,1.0000000000000000e-02,30098,
"P0000648","EQUI0073",3.0000000000000000e+00,1.0000000000000000e-02,30099,
"P0000648","EQUI0080",2.0000000000000000e+00,1.0000000000000000e-02,30100,
"P0000696","EQUI0351",2.0000000000000000e+00,1.0000000000000000e-02,30105,
"P0000696","EQUI0286",1.0000000000000000e+00,1.0000000000000000e-02,30106,
"P0000696","EQUI0279",3.0000000000000000e+00,1.0000000000000000e-02,30107,
"P0000696","EQUI0116",2.0000000000000000e+00,1.0000000000000000e-02,30108,
"P0000696","EQUI0296",1.0000000000000000e+00,1.0000000000000000e-02,30109,
"P0000696","EQUI0275",1.0000000000000000e+00,1.0000000000000000e-02,30110,
"P0000696","EQUI0061",2.0000000000000000e+00,3.5000000000000001e-03,30111,
"P0000726","COP078",3.0000000000000000e+00,1.0000000000000000e+00,30112,
"P0000726","EQUI0351",1.0000000000000000e+01,1.0000000000000000e-02,30113,
"P0000726","EQUI0286",1.0000000000000000e+00,1.0000000000000000e-02,30114,
"P0000726","EQUI0279",2.0000000000000000e+01,1.0000000000000000e-02,30115,
"P0000726","EQUI0116",2.0000000000000000e+01,1.0000000000000000e-02,30116,
"P0000726","EQUI0296",5.0000000000000000e+00,1.0000000000000000e-02,30117,
"P0000726","EQUI0275",1.0000000000000000e+00,1.0000000000000000e-02,30118,
"P0000726","EQUI0073",1.0000000000000000e+00,1.0000000000000000e-02,30119,
"P0000726","EQUI0061",2.0000000000000000e+01,3.5000000000000001e-03,30120,
"P0000738","COP078",3.0000000000000000e+00,1.0000000000000000e+00,30134,
"P0000738","EQUI0005",1.0000000000000000e+01,5.0000000000000001e-03,30135,
"P0000738","EQUI0351",1.0000000000000000e+01,1.0000000000000000e-02,30136,
"P0000738","EQUI0286",1.0000000000000000e+00,1.0000000000000000e-02,30137,
"P0000738","EQUI0279",1.0000000000000000e+01,1.0000000000000000e-02,30138,
"P0000738","EQUI0116",1.0000000000000000e+01,1.0000000000000000e-02,30139,
"P0000738","EQUI0296",1.0000000000000000e+00,1.0000000000000000e-02,30140,
"P0000738","EQUI0275",1.0000000000000000e+00,1.0000000000000000e-02,30141,
"P0000738","EQUI0073",1.0000000000000000e+00,1.0000000000000000e-02,30142,
"P0000896","EQUI0173",1.0000000000000000e+00,1.0000000000000000e-02,30157,
"P0000896","EQUI0183",2.0000000000000000e+00,1.0000000000000000e-02,30158,
"P0000896","EQUI0175",1.0000000000000000e+00,5.0000000000000001e-03,30159,
"P0000896","EQUI0026",2.0000000000000000e+00,1.0000000000000000e-02,30160,
"P0000896","EQUI0024",2.0000000000000000e+00,1.0000000000000000e-02,30161,
"P0000904","EQUI0312",2.0000000000000000e+01,1.0000000000000000e-02,30162,
"P0000904","EQUI0194",2.0000000000000000e+01,1.0000000000000000e-02,30163,
"P0000904","EQUI0014",2.0000000000000000e+01,1.0000000000000000e-02,30164,
"P0005815","EQUI0362",2.0000000000000000e+00,4.0000000000000001e-03,30401,
"P0000822","EQUI0312",2.0000000000000000e+00,1.0000000000000000e-02,30144,
"P0000822","EQUI0026",2.0000000000000000e+00,1.0000000000000000e-02,30145,
"P0000822","EQUI0173",1.0000000000000000e+00,1.0000000000000000e-02,30146,
"P0000849","EQUI0335",1.0000000000000000e+01,1.0000000000000000e-02,30147,
"P0000849","EQUI0296",1.0000000000000000e+01,1.0000000000000000e-02,30148,
"P0000849","EQUI0275",8.0000000000000000e+00,1.0000000000000000e-02,30149,
"P0000849","EQUI0073",4.0000000000000000e+00,1.0000000000000000e-02,30150,
"P0000855","EQUI0253",8.0000000000000000e+00,1.0000000000000000e-02,30151,
"P0000855","EQUI0177",8.0000000000000000e+00,1.0000000000000000e-02,30152,
"P0000855","EQUI0275",4.0000000000000000e+00,1.0000000000000000e-02,30153,
"P0000855","EQUI0073",4.0000000000000000e+00,1.0000000000000000e-02,30154,
"P0000855","EQUI0323",4.0000000000000000e+00,1.0000000000000000e-02,30155,
"P0000855","EQUI0335",4.0000000000000000e+00,1.0000000000000000e-02,30156,
"P0000904","EQUI0173",2.0000000000000000e+01,1.0000000000000000e-02,30165,
"P0000904","EQUI0183",2.0000000000000000e+01,1.0000000000000000e-02,30166,
"P0000904","EQUI0175",2.0000000000000000e+01,5.0000000000000001e-03,30167,
"P0000904","EQUI0026",2.0000000000000000e+01,1.0000000000000000e-02,30168,
"P0000904","EQUI0024",2.0000000000000000e+01,1.0000000000000000e-02,30169,
"P0000909","EQUI0335",8.0000000000000000e+00,1.0000000000000000e-02,30170,
"P0000909","EQUI0217",8.0000000000000000e+00,1.0000000000000000e-02,30171,
"P0000909","EQUI0253",4.0000000000000000e+00,1.0000000000000000e-02,30172,
"P0000909","EQUI0073",4.0000000000000000e+00,1.0000000000000000e-02,30174,
"P0000930","EQUI0217",1.0000000000000000e+00,1.0000000000000000e-02,30175,
"P0000930","EQUI0001",2.0000000000000000e+00,1.0000000000000000e-02,30176,
"P0000930","EQUI0318",2.0000000000000000e+00,1.0000000000000000e-02,30177,
"P0000930","EQUI0073",2.0000000000000000e+00,1.0000000000000000e-02,30178,
"P0000930","EQUI0174",1.0000000000000000e+00,5.0000000000000001e-03,30179,
"P0000935","EQUI0174",5.0000000000000001e-03,5.0000000000000001e-03,30180,
"P0000935","EQUI0217",1.0000000000000000e+00,1.0000000000000000e-02,30181,
"P0000935","EQUI0001",2.0000000000000000e+00,1.0000000000000000e-02,30182,
"P0000935","EQUI0318",2.0000000000000000e+00,1.0000000000000000e-02,30183,
"P0000935","EQUI0073",2.0000000000000000e+00,1.0000000000000000e-02,30184,
"P0000935","EQUI0288",6.6000000000000003e-01,5.0000000000000001e-03,30185,
"P0000936","EQUI0217",1.0000000000000000e+00,1.0000000000000000e-02,30186,
"P0000936","EQUI0001",2.0000000000000000e+00,1.0000000000000000e-02,30187,
"P0001013","EQUI0217",1.0000000000000000e+01,1.0000000000000000e-02,30191,
"P0001013","EQUI0001",1.0000000000000000e+01,1.0000000000000000e-02,30192,
"P0001013","EQUI0175",2.0000000000000000e+00,5.0000000000000001e-03,30193,
"P0001013","EQUI0073",2.0000000000000000e+00,1.0000000000000000e-02,30194,
"LAI490","PIN013",1.0000000000000000e+00,7.0000000000000007e-02,30029,
"P0000936","EQUI0318",2.0000000000000000e+00,1.0000000000000000e-02,30188,
"P0001017","EQUI0217",1.0000000000000000e+00,1.0000000000000000e-02,30195,
"P0001017","EQUI0001",2.0000000000000000e+00,1.0000000000000000e-02,30196,
"P0001017","EQUI0175",2.0000000000000000e+00,5.0000000000000001e-03,30197,
"P0001017","EQUI0073",2.0000000000000000e+00,1.0000000000000000e-02,30198,
"P0001042","EQUI0285",1.0000000000000000e+00,1.0000000000000000e-02,30199,
"P0001042","EQUI0299",1.0000000000000000e+00,1.0000000000000000e-02,30200,
"P0001042","EQUI0217",1.0000000000000000e+00,1.0000000000000000e-02,30201,
"P0001042","EQUI0001",2.0000000000000000e+00,1.0000000000000000e-02,30202,
"P0001042","EQUI0175",1.0000000000000000e+00,5.0000000000000001e-03,30203,
"P0001049","EQUI0285",1.0000000000000000e+00,1.0000000000000000e-02,30204,
"P0001049","EQUI0299",1.0000000000000000e+00,1.0000000000000000e-02,30205,
"P0001049","EQUI0217",1.0000000000000000e+00,1.0000000000000000e-02,30206,
"P0001049","EQUI0001",2.0000000000000000e+00,1.0000000000000000e-02,30207,
"P0001049","EQUI0175",1.0000000000000000e+00,5.0000000000000001e-03,30208,
"P0001049","EQUI0073",1.0000000000000000e+00,1.0000000000000000e-02,30209,
"P0001049","EQUI0363",1.0000000000000000e+00,3.0000000000000001e-03,30210,
"P0001053","EQUI0351",1.0000000000000000e+00,1.0000000000000000e-02,30211,
"P0001053","EQUI0217",2.0000000000000000e+00,1.0000000000000000e-02,30212,
"P0001053","EQUI0001",4.0000000000000000e+00,1.0000000000000000e-02,30213,
"P0001053","EQUI0116",4.0000000000000000e+00,1.0000000000000000e-02,30214,
"P0001053","EQUI0175",2.0000000000000000e+00,5.0000000000000001e-03,30215,
"P0001053","EQUI0073",2.0000000000000000e+00,1.0000000000000000e-02,30216,
"P0001171","EQUI0025",1.0000000000000000e+00,1.0000000000000000e-02,30217,
"P0001171","EQUI0074",1.0000000000000000e+00,1.0000000000000000e-02,30218,
"P0001171","EQUI0177",1.0000000000000000e+00,1.0000000000000000e-02,30219,
"P0001171","EQUI0318",1.0000000000000000e+00,1.0000000000000000e-02,30220,
"P0001171","EQUI0275",1.0000000000000000e+00,1.0000000000000000e-02,30221,
"P0001171","EQUI0020",1.0000000000000000e+00,1.0000000000000000e-02,30222,
"P0001171","EQUI0061",1.0000000000000000e+00,3.5000000000000001e-03,30223,
"P0001172","EQUI0025",6.0000000000000000e+00,1.0000000000000000e-02,30224,
"P0001172","EQUI0074",4.0000000000000000e+00,1.0000000000000000e-02,30225,
"P0001172","EQUI0177",6.0000000000000000e+00,1.0000000000000000e-02,30226,
"P0001172","EQUI0318",6.0000000000000000e+00,1.0000000000000000e-02,30227,
"P0001172","EQUI0275",4.0000000000000000e+00,1.0000000000000000e-02,30228,
"P0001172","EQUI0020",4.0000000000000000e+00,1.0000000000000000e-02,30229,
"P0001172","EQUI0061",6.0000000000000000e+00,3.5000000000000001e-03,30230,
"P0001173","EQUI0025",1.0000000000000000e+00,1.0000000000000000e-02,30231,
"P0001173","EQUI0074",1.0000000000000000e+00,1.0000000000000000e-02,30232,
"P0001173","EQUI0177",1.0000000000000000e+00,1.0000000000000000e-02,30233,
"P0001173","EQUI0318",1.0000000000000000e+00,1.0000000000000000e-02,30234,
"P0001173","EQUI0275",1.0000000000000000e+00,1.0000000000000000e-02,30235,
"P0001173","EQUI0020",1.0000000000000000e+00,1.0000000000000000e-02,30236,
"P0001173","EQUI0061",1.0000000000000000e+00,3.5000000000000001e-03,30237,
"P0001209","EQUI0025",1.0000000000000000e+00,1.0000000000000000e-02,30238,
"P0001209","EQUI0074",1.0000000000000000e+00,1.0000000000000000e-02,30239,
"P0001209","EQUI0177",1.0000000000000000e+00,1.0000000000000000e-02,30240,
"P0001209","EQUI0318",6.0000000000000000e+00,1.0000000000000000e-02,30241,
"P0001209","EQUI0275",6.0000000000000000e+00,1.0000000000000000e-02,30242,
"P0001209","EQUI0247",6.0000000000000000e+00,1.0000000000000000e-02,30243,
"P0001209","EQUI0061",1.0000000000000000e+00,3.5000000000000001e-03,30244,
"P0001211","EQUI0025",1.0000000000000000e+00,1.0000000000000000e-02,30245,
"P0001211","EQUI0074",4.0000000000000000e+00,1.0000000000000000e-02,30246,
"P0001211","EQUI0177",6.0000000000000000e+00,1.0000000000000000e-02,30247,
"P0001211","EQUI0318",6.0000000000000000e+00,1.0000000000000000e-02,30248,
"P0001211","EQUI0275",6.0000000000000000e+00,1.0000000000000000e-02,30249,
"P0001211","EQUI0247",4.0000000000000000e+00,1.0000000000000000e-02,30250,
"P0001211","EQUI0061",4.0000000000000000e+00,3.5000000000000001e-03,30251,
"P0001217","EQUI0074",1.0000000000000000e+00,1.0000000000000000e-02,30252,
"P0001217","EQUI0116",1.0000000000000000e+00,1.0000000000000000e-02,30253,
"P0001217","EQUI0318",1.0000000000000000e+00,1.0000000000000000e-02,30254,
"P0001217","EQUI0275",1.0000000000000000e+00,1.0000000000000000e-02,30255,
"P0001217","EQUI0247",1.0000000000000000e+00,1.0000000000000000e-02,30256,
"P0001217","EQUI0061",1.0000000000000000e+00,3.5000000000000001e-03,30257,
"P0001250","EQUI0074",1.0000000000000000e+00,1.0000000000000000e-02,30258,
"P0001250","EQUI0001",1.0000000000000000e+00,1.0000000000000000e-02,30259,
"P0001250","EQUI0177",1.0000000000000000e+00,1.0000000000000000e-02,30260,
"P0001250","EQUI0318",1.0000000000000000e+00,1.0000000000000000e-02,30261,
"P0001250","EQUI0275",1.0000000000000000e+00,1.0000000000000000e-02,30262,
"P0001250","EQUI0247",1.0000000000000000e+00,1.0000000000000000e-02,30263,
"P0001250","EQUI0061",1.0000000000000000e+00,3.5000000000000001e-03,30264,
"P0001251","EQUI0074",1.0000000000000000e+00,1.0000000000000000e-02,30265,
"P0001251","EQUI0001",1.0000000000000000e+00,1.0000000000000000e-02,30266,
"P0001251","EQUI0177",1.0000000000000000e+00,1.0000000000000000e-02,30267,
"P0001251","EQUI0318",1.0000000000000000e+00,1.0000000000000000e-02,30268,
"P0001251","EQUI0275",1.0000000000000000e+00,1.0000000000000000e-02,30269,
"P0001251","EQUI0247",1.0000000000000000e+00,1.0000000000000000e-02,30270,
"P0001251","EQUI0061",1.0000000000000000e+00,3.5000000000000001e-03,30271,
"P0001303","EQUI0351",1.0000000000000000e+00,1.0000000000000000e-02,30272,
"P0001303","EQUI0116",1.0000000000000000e+00,1.0000000000000000e-02,30273,
"P0001303","EQUI0275",1.0000000000000000e+00,1.0000000000000000e-02,30274,
"P0001303","EQUI0073",1.0000000000000000e+00,1.0000000000000000e-02,30275,
"P0001303","EQUI0233",2.0000000000000000e+00,1.0000000000000000e-02,30276,
"P0001321","EQUI0116",1.0000000000000000e+00,1.0000000000000000e-02,30277,
"P0001321","EQUI0275",1.0000000000000000e+00,1.0000000000000000e-02,30278,
"P0001321","EQUI0073",1.0000000000000000e+00,1.0000000000000000e-02,30279,
"P0001367","EQUI0279",8.0000000000000000e+00,1.0000000000000000e-02,30280,
"P0001367","EQUI0116",2.0000000000000000e+00,1.0000000000000000e-02,30281,
"P0001367","EQUI0069",2.0000000000000000e+00,1.0000000000000000e-02,30282,
"P0001367","EQUI0063",4.0000000000000000e+00,3.5500000000000002e-03,30283,
"P0001367","EQUI0061",2.0000000000000000e+00,3.5000000000000001e-03,30284,
"P0001367","EQUI0361",2.0000000000000000e+00,3.0000000000000001e-03,30285,
"P0001367","FIORI",4.0000000000000000e+00,1.0000000000000000e+00,30286,
"P0001661","EQUI0091",1.0000000000000000e+00,1.0000000000000000e+00,30287,
"P0001661","EQUI0259",5.0000000000000000e-01,1.0000000000000000e+00,30288,
"P0001661","EQUI0278",2.0000000000000000e+00,1.0000000000000000e-02,30289,
"P0001661","EQUI0061",2.0000000000000000e+00,3.5000000000000001e-03,30290,
"P0002002","EQUI0091",2.0000000000000000e+00,1.0000000000000000e+00,30291,
"P0002002","EQUI0279",8.0000000000000000e+00,1.0000000000000000e-02,30292,
"P0002002","EQUI0243",2.0000000000000000e+00,8.0000000000000002e-03,30293,
"P0002002","EQUI0061",4.0000000000000000e+00,3.5000000000000001e-03,30294,
"P0002329","EQUI0015",2.0000000000000000e+00,1.0000000000000000e-02,30295,
"P0002329","EQUI0322",2.0000000000000000e+00,1.0000000000000000e-02,30296,
"P0002329","EQUI0253",2.0000000000000000e+00,1.0000000000000000e-02,30297,
"P0002329","EQUI0177",2.0000000000000000e+00,1.0000000000000000e-02,30298,
"P0002329","EQUI0275",2.0000000000000000e+00,1.0000000000000000e-02,30299,
"P0002329","EQUI0073",3.0000000000000000e+00,1.0000000000000000e-02,30300,
"P0002329","EQUI0326",3.3000000000000002e-01,2.5000000000000001e-03,30301,
"P0002329","EQUI0068",1.0000000000000000e+00,1.2000000000000000e-02,30302,
"P0002329","EQUI0063",1.0000000000000000e+00,3.5500000000000002e-03,30303,
"P0002329","EQUI0007",2.0000000000000000e+00,1.0000000000000000e+00,30304,
"P0002544","EQUI0253",1.0000000000000000e+01,1.0000000000000000e-02,30305,
"P0005864","EQUI0219",1.0000000000000000e+00,1.0000000000000000e-02,30431,
"P0005865","EQUI0031",1.0000000000000001e-01,1.0000000000000000e+00,30433,
"P0005865","EQUI0229",2.0000000000000000e+00,1.0000000000000000e-02,30434,
"P0005865","EQUI0219",1.0000000000000000e+00,1.0000000000000000e-02,30435,
"P0005865","EQUI0275",1.0000000000000000e+00,1.0000000000000000e-02,30436,
"P0005866","EQUI0031",1.0000000000000001e-01,1.0000000000000000e+00,30437,
"P0005866","EQUI0229",2.0000000000000000e+00,1.0000000000000000e-02,30438,
"P0005866","EQUI0219",1.0000000000000000e+00,1.0000000000000000e-02,30439,
"P0005866","EQUI0275",1.0000000000000000e+00,1.0000000000000000e-02,30440,
"P0005868","EQUI0342",1.0000000000000000e+00,1.0000000000000000e-02,30441,
"P0005868","EQUI0219",1.0000000000000000e+00,1.0000000000000000e-02,30442,
"P0005868","EQUI0001",1.0000000000000000e+00,1.0000000000000000e-02,30443,
"P0005868","EQUI0073",1.0000000000000000e+00,1.0000000000000000e-02,30444,
"P0005868","EQUI0042",1.0000000000000000e+00,1.0000000000000000e+00,30445,
"P0005872","EQUI0106",3.6000000000000001e+00,1.0000000000000000e-02,30446,
"P0005872","EQUI0015",2.0000000000000000e+00,1.0000000000000000e-02,30447,
"P0005872","EQUI0322",2.0000000000000000e+00,1.0000000000000000e-02,30448,
"P0005888","EQUI0143",1.0000000000000000e+00,3.5000000000000001e-03,30456,
"P0005888","EQUI0330",1.0000000000000000e+00,3.5000000000000001e-03,30457,
"P0005888","EQUI0181",1.0000000000000000e+00,3.5000000000000001e-03,30458,
"P0005893","EQUI0051",1.0000000000000001e-01,1.0000000000000000e+00,30459,
"P0005894","EQUI0285",2.0000000000000000e+00,1.0000000000000000e-02,30460,
"P0005894","EQUI0217",1.0000000000000000e+00,1.0000000000000000e-02,30461,
"P0005894","EQUI0001",2.0000000000000000e+00,1.0000000000000000e-02,30462,
"P0005894","EQUI0175",1.0000000000000000e+00,5.0000000000000001e-03,30463,
"P0005858","*CAMIO03",3.0000000000000000e+00,2.0000000000000000e-03,30554,
"P0005895","EQUI0343",2.0000000000000000e+00,1.0000000000000000e-02,30466,
"P0005895","EQUI0031",2.0000000000000001e-01,1.0000000000000000e+00,30467,
"P0005895","EQUI0342",1.0000000000000000e+00,1.0000000000000000e-02,30468,
"P0005895","EQUI0001",1.0000000000000000e+00,1.0000000000000000e-02,30469,
"P0005895","EQUI0080",1.0000000000000000e+00,1.0000000000000000e-02,30470,
"P0005896","EQUI0229",1.0000000000000000e+00,1.0000000000000000e-02,30471,
"P0005896","EQUI0238",1.0000000000000000e+00,1.0000000000000000e+00,30472,
"P0005896","EQUI0275",1.0000000000000000e+00,1.0000000000000000e-02,30473,
"P0005896","EQUI0073",1.0000000000000000e+00,1.0000000000000000e-02,30474,
"P0005896","EQUI0042",1.0000000000000000e+00,1.0000000000000000e+00,30475,
"P0005896","EQUI0080",1.0000000000000000e+00,1.0000000000000000e-02,30476,
"EDF-0901","EQUI0217",4.0000000000000000e+00,1.0000000000000000e-02,30009,
"EDF-0901","EQUI0253",4.0000000000000000e+00,1.0000000000000000e-02,30010,
"EDF-0901","EQUI0275",4.0000000000000000e+00,1.0000000000000000e-02,30011,
"EDF-0901","EQUI0073",4.0000000000000000e+00,1.0000000000000000e-02,30012,
"EDF-0901","EQUI0181",1.0000000000000000e+00,3.5000000000000001e-03,30013,
"EDF-0901","EQUI0333",1.0000000000000000e+00,1.0000000000000000e-02,30014,
"EDF-9004","EQUI0109",1.0000000000000000e+00,1.0000000000000000e+00,30015,
"EDF-9004","EQUI0342",4.0000000000000000e+00,1.0000000000000000e-02,30016,
"EDF-9004","EQUI0001",4.0000000000000000e+00,1.0000000000000000e-02,30017,
"EDF-9004","EQUI0073",3.0000000000000000e+00,1.0000000000000000e-02,30018,
"P0000211","EQUI0069",2.0000000000000000e+00,1.0000000000000000e-02,30084,
"P0000653","EQUI0342",1.4000000000000000e+01,1.0000000000000000e-02,30101,
"P0000653","EQUI0001",1.2000000000000000e+01,1.0000000000000000e-02,30102,
"P0000653","EQUI0073",1.2000000000000000e+01,1.0000000000000000e-02,30103,
"P0000653","EQUI0080",8.0000000000000000e+00,1.0000000000000000e-02,30104,
"P0000726","EQUI0007",1.0000000000000000e+01,1.0000000000000000e+00,30121,
"P0003898","EQUI0175",1.0000000000000000e+00,5.0000000000000001e-03,30363,
"P0003898","EQUI0024",2.0000000000000000e+00,1.0000000000000000e-02,30364,
"P0005275","EQUI0133",1.3000000000000000e-01,1.0000000000000000e+00,30390,
"P0005275","EQUI0165",1.0000000000000000e+00,7.7000000000000002e-03,30391,
"P0005453","EQUI0164",1.0000000000000000e+00,4.7900000000000000e-03,30392,
"P0005815","EQUI0279",3.0000000000000000e+00,1.0000000000000000e-02,30402,
"P0005815","EQUI0116",2.0000000000000000e+00,1.0000000000000000e-02,30403,
"P0005815","EQUI0063",4.0000000000000000e+00,3.5500000000000002e-03,30404,
"P0005815","BOMCON",1.0000000000000000e+00,3.0000000000000001e-03,30405,
"P0005815","FIORI",2.0000000000000000e+00,1.0000000000000000e+00,30406,
"P0005864","EQUI0275",1.0000000000000000e+00,1.0000000000000000e-02,30432,
"P0005872","EQUI0253",2.0000000000000000e+00,1.0000000000000000e-02,30449,
"P0005872","EQUI0177",2.0000000000000000e+00,1.0000000000000000e-02,30450,
"P0005872","EQUI0275",2.0000000000000000e+00,1.0000000000000000e-02,30451,
"P0005872","EQUI0326",3.3000000000000002e-01,2.5000000000000001e-03,30452,
"P0005872","EQUI0068",1.0000000000000000e+00,1.2000000000000000e-02,30453,
"P0005872","EQUI0063",1.0000000000000000e+00,3.5500000000000002e-03,30454,
"P0005872","EQUI0366",5.0000000000000000e-01,2.5000000000000001e-03,30455,
"P0005901","EQUI0351",1.0000000000000000e+00,1.0000000000000000e-02,30477,
"P0005901","EQUI0116",1.0000000000000000e+00,1.0000000000000000e-02,30478,
"P0005901","EQUI0275",1.0000000000000000e+00,1.0000000000000000e-02,30479,
"P0005901","EQUI0073",1.0000000000000000e+00,1.0000000000000000e-02,30480,
"P0005901","EQUI0335",1.0000000000000000e+00,1.0000000000000000e-02,30481,
"P0005901","EQUI0233",2.0000000000000000e+00,1.0000000000000000e-02,30482,
"P0005901","EQUI0061",1.0000000000000000e+00,3.5000000000000001e-03,30483,
"P0005902","EQUI0005",4.0000000000000000e+00,5.0000000000000001e-03,30484,
"P0005902","EQUI0253",2.0000000000000000e+00,1.0000000000000000e-02,30485,
"CALBRE3","EQUI0285",2.0000000000000000e+00,1.0000000000000000e-02,29999,
"CALBRE3","EQUI0217",1.0000000000000000e+00,1.0000000000000000e-02,30000,
"CALBRE3","EQUI0219",1.0000000000000000e+00,1.0000000000000000e-02,30001,
"CALBRE3","EQUI0074",1.0000000000000000e+00,1.0000000000000000e-02,30002,
"CALBRE3","EQUI0175",2.0000000000000000e+00,5.0000000000000001e-03,30003,
"CALBRE3","EQUI0073",2.0000000000000000e+00,1.0000000000000000e-02,30004,
"CALBRE3","EQUI0208",1.0000000000000000e+00,2.5000000000000001e-03,30005,
"CALBRE3","EQUI0077",1.0000000000000000e+00,5.0000000000000001e-03,30006,
"CALBRE3","EQUI0078",1.0000000000000000e+00,5.0000000000000001e-03,30007,
"CALBRE3","EQUI0363",1.0000000000000000e+00,3.0000000000000001e-03,30008,
"ESTRUC27","EQUI0143",1.0000000000000000e+00,3.5000000000000001e-03,30020,
"ESTRUC27","EQUI0201",1.0000000000000000e+00,2.0000000000000000e-03,30021,
"ESTRUC27","EQUI0330",2.0000000000000000e+00,3.5000000000000001e-03,30022,
"ESTRUC27","EQUI0181",1.0000000000000000e+00,3.5000000000000001e-03,30023,
"P0005902","EQUI0177",2.0000000000000000e+00,1.0000000000000000e-02,30486,
"P0005902","EQUI0275",2.0000000000000000e+00,1.0000000000000000e-02,30487,
"P0005902","ENCOFRAD",1.0000000000000000e+00,6.3000000000000000e-03,30488,
"P0005904","EQUI0362",2.0000000000000000e+00,3.0000000000000001e-03,30489,
"P0005904","EQUI0279",3.0000000000000000e+00,1.0000000000000000e-02,30490,
"P0005904","EQUI0116",2.0000000000000000e+00,1.0000000000000000e-02,30491,
"P0005904","EQUI0063",4.0000000000000000e+00,3.5500000000000002e-03,30492,
"P0005904","FIORI",1.0000000000000000e+00,1.0000000000000000e+00,30493,
"PAR0942","*PISTOLA",1.0000000000000000e+00,3.5000000000000001e-03,30494,
"PAR0942","*PINZAS1",2.0000000000000000e+00,1.0000000000000000e-02,30495,
"PAR0942","*DESTOR1",1.0000000000000000e+00,5.4999999999999997e-03,30496,
"PAR0942","*ALICAT2",2.0000000000000000e+00,1.0000000000000000e-02,30497,
"PAR0942","*ESCALE1",1.0000000000000000e+00,5.4999999999999997e-03,30498,
"PAR0942","*TALADR1",5.0000000000000000e-01,5.0999999999999997e-02,30499,
"PAR0942","*AMPERM1",1.0000000000000000e+00,3.0000000000000001e-03,30500,
"TEGDG","EQUI0342",1.0000000000000000e+00,1.0000000000000000e-02,30501,
"TEGDG","EQUI0219",1.0000000000000000e+00,1.0000000000000000e-02,30502,
"TEGDG","EQUI0001",1.0000000000000000e+00,1.0000000000000000e-02,30503,
"TEGDG","EQUI0073",1.0000000000000000e+00,1.0000000000000000e-02,30504,
"TEGDG","EQUI0042",5.0000000000000000e-01,1.0000000000000000e+00,30505,
"UP333","ALB002",1.0000000000000000e+00,3.7999999999999999e-02,30513,
"*ALBAÑ52","*EQUIP05",1.0000000000000000e+00,1.0000000000000000e-02,29983,
"P0005894","EQUI0031",1.0000000000000000e+00,1.0000000000000000e+00,30560,
"FEFF","EQUI0031",1.0000000000000001e-01,1.0000000000000000e+00,30024,
"FEFF","EQUI0229",2.0000000000000000e+00,1.0000000000000000e-02,30025,
"FEFF","EQUI0219",1.0000000000000000e+00,1.0000000000000000e-02,30026,
"P0000211","EQUI0063",4.0000000000000000e+00,3.5500000000000002e-03,30085,
"P0000211","FIORI",2.0000000000000000e+00,1.0000000000000000e+00,30086,
"P0000647","EQUI0109",1.0000000000000000e+00,1.0000000000000000e+00,30092,
"P0000647","EQUI0342",4.0000000000000000e+00,1.0000000000000000e-02,30093,
"P0000647","EQUI0001",4.0000000000000000e+00,1.0000000000000000e-02,30094,
"P0000647","EQUI0073",3.0000000000000000e+00,1.0000000000000000e-02,30095,
"P0000647","EQUI0124",1.0000000000000000e+00,1.0000000000000000e+00,30096,
"P0000738","EQUI0061",1.0000000000000000e+01,3.5000000000000001e-03,30143,
"P0000936","EQUI0073",2.0000000000000000e+00,1.0000000000000000e-02,30189,
"P0000936","EQUI0288",6.6000000000000003e-01,5.0000000000000001e-03,30190,
"*ALBAÑ52","COP078",2.0000000000000000e+00,1.0000000000000000e+00,29984,
"*ALBAÑ52","FIORI",2.0000000000000000e+00,1.0000000000000000e+00,29985,
"*ARMRE07","*EQUIP02",1.0000000000000000e+00,3.5000000000000001e-03,29987,
"*CABLE28","*EQUIP10",1.0000000000000000e+00,2.0000000000000000e-03,29988,
"BREAKER","EQUI0285",1.0000000000000000e+00,1.0000000000000000e-02,29989,
"BREAKER","EQUI0217",1.0000000000000000e+00,1.0000000000000000e-02,29990,
"BREAKER","EQUI0001",2.0000000000000000e+00,1.0000000000000000e-02,29991,
"BREAKER","EQUI0175",2.0000000000000000e+00,5.0000000000000001e-03,29992,
"BREAKER","EQUI0363",1.0000000000000000e+00,3.0000000000000001e-03,29993,
"CAJAMED","EQUI0031",1.0000000000000001e-01,1.0000000000000000e+00,29994,
"CAJAMED","EQUI0172",1.0000000000000000e+00,1.0000000000000000e+00,29995,
"CAJAMED","EQUI0342",1.0000000000000000e+00,1.0000000000000000e-02,29996,
"CAJAMED","EQUI0219",1.0000000000000000e+00,1.0000000000000000e-02,29997,
"CAJAMED","EQUI0001",1.0000000000000000e+00,1.0000000000000000e-02,29998,
"EDF-9004","EQUI0124",1.0000000000000000e+00,1.0000000000000000e+00,30019,
"FEFF","EQUI0275",1.0000000000000000e+00,1.0000000000000000e-02,30027,
"ALBAÑ27","*EQUIP06",1.5000000000000000e+01,2.0000000000000000e-03,30516,
"ALBAÑ27","*EQUIP05",1.5000000000000000e+01,1.0000000000000000e-02,30517,
"ALBAÑ28","*EQUIP06",1.5000000000000000e+01,2.0000000000000000e-03,30518,
"ALBAÑ28","*EQUIP05",1.5000000000000000e+01,1.0000000000000000e-02,30519,
"HERRE20","*EQUIP05",1.0000000000000000e+00,0.0000000000000000e+00,30522,
"HERRE20","*WINCHE1",1.0000000000000000e+00,0.0000000000000000e+00,30523,
"BOTE1","EQUI0035",1.0000000000000000e+00,3.5899999999999999e-03,30525,
"*OBREX33","*CARRET2",1.0000000000000000e+00,0.0000000000000000e+00,30526,
"*OBREX33","*CARRET1",3.0000000000000000e+00,0.0000000000000000e+00,30527,
"P0005853","*COMPAC6",1.0000000000000000e+00,1.5000000000000000e-03,30552,
"*ARMRE07","EQUI0201",2.5000000000000000e-01,2.0000000000000000e-03,30555,
"*OBREX33","*VIBRAD1",2.0000000000000000e+00,0.0000000000000000e+00,30528,
"*OBREX33","*CUCHAR1",4.0000000000000000e+00,0.0000000000000000e+00,30529,
"*OBREX33","*PALA001",4.0000000000000000e+00,0.0000000000000000e+00,30530,
"*OBREX30","*CARRET2",1.0000000000000000e+00,0.0000000000000000e+00,30533,
"*OBREX30","*GRUATEL",5.0000000000000000e-01,0.0000000000000000e+00,30534,
"*OBREX30","*PALA001",4.0000000000000000e+00,0.0000000000000000e+00,30535,
"*OBREX30","*CUCHAR1",4.0000000000000000e+00,0.0000000000000000e+00,30536,
"*OBREX30","*VIBRAD1",2.0000000000000000e+00,0.0000000000000000e+00,30537,
"*OBREX30","*CARRET1",3.0000000000000000e+00,0.0000000000000000e+00,30538,
"*OBREX30","*MEZCLA1",2.0000000000000000e+00,0.0000000000000000e+00,30539,
"OBREX30","*EQUIP15",1.0000000000000000e+00,0.0000000000000000e+00,30541,
"P0002330","EQUI0015",2.0000000000000000e+00,1.0000000000000000e-02,30542,
"P0002330","EQUI0322",2.0000000000000000e+00,1.0000000000000000e-02,30543,
"P0002330","EQUI0253",2.0000000000000000e+00,1.0000000000000000e-02,30544,
"P0002330","EQUI0177",2.0000000000000000e+00,1.0000000000000000e-02,30545,
"P0002330","EQUI0275",2.0000000000000000e+00,1.0000000000000000e-02,30546,
"P0002330","EQUI0073",3.0000000000000000e+00,1.0000000000000000e-02,30547,
"P0002330","EQUI0326",3.3000000000000002e-01,2.5000000000000001e-03,30548,
"P0002330","EQUI0068",1.0000000000000000e+00,1.2000000000000000e-02,30549,
"P0002330","EQUI0063",1.0000000000000000e+00,3.5500000000000002e-03,30550,
"P0002330","EQUI0007",2.0000000000000000e+00,1.0000000000000000e+00,30551,
"P0005853","*CAMIO02",1.0000000000000000e+00,2.0000000000000000e-03,30553,
"P0001367","BOMCON",2.0000000000000000e+00,2.0000000000000000e-03,30556,
"*OBREX33","FIORI",5.0000000000000000e-01,1.0000000000000000e+00,30557,
"P0003198","COP078",5.0000000000000000e-01,1.0000000000000000e+00,30559,
"P0000653","EQUI0201",5.0000000000000000e-01,2.0000000000000000e-03,30890,
"P0005902","EQUI0042",1.0000000000000000e+00,1.0000000000000000e+00,30891,
"*ALBAÑ52","BOMCON",1.0000000000000000e+00,2.0000000000000000e-03,30892,
"P0000905","EQUI0312",2.0000000000000000e+01,1.0000000000000000e-02,30893,
"P0000905","EQUI0194",2.0000000000000000e+01,1.0000000000000000e-02,30894,
"P0000905","EQUI0014",2.0000000000000000e+01,1.0000000000000000e-02,30895,
"P0000905","EQUI0173",2.0000000000000000e+01,1.0000000000000000e-02,30896,
"P0000905","EQUI0183",2.0000000000000000e+01,1.0000000000000000e-02,30897,
"P0000905","EQUI0175",2.0000000000000000e+01,5.0000000000000001e-03,30898,
"P0000905","EQUI0026",2.0000000000000000e+01,1.0000000000000000e-02,30899,
"P0000905","EQUI0024",2.0000000000000000e+01,1.0000000000000000e-02,30900,
"P0001329","EQUI0366",5.0000000000000003e-02,2.5000000000000001e-03,30901,
"P0001329","EQUI0061",1.0000000000000000e+00,3.5000000000000001e-03,30902,
"P0001329","EQUI0114",1.0000000000000000e+00,1.0000000000000000e-02,30903,
"P0001329","EQUI0233",2.0000000000000000e+00,1.0000000000000000e-02,30904,
"P0001329","EQUI0335",1.0000000000000000e+00,1.0000000000000000e-02,30905,
"P0001329","EQUI0345",1.0000000000000000e+00,2.0000000000000000e-03,30906,
"P0001329","EQUI0073",1.0000000000000000e+00,1.0000000000000000e-02,30907,
"P0001329","EQUI0275",1.0000000000000000e+00,1.0000000000000000e-02,30908,
"P0001329","EQUI0116",1.0000000000000000e+00,1.0000000000000000e-02,30909,
"P0001329","EQUI0351",1.0000000000000000e+00,1.0000000000000000e-02,30910,
"P0001330","EQUI0061",1.0000000000000000e+00,3.5000000000000001e-03,30912,
"P0001330","EQUI0114",1.0000000000000000e+00,1.0000000000000000e-02,30913,
"P0001330","EQUI0233",2.0000000000000000e+00,1.0000000000000000e-02,30914,
"P0001330","EQUI0335",1.0000000000000000e+00,1.0000000000000000e-02,30915,
"P0001330","EQUI0073",1.0000000000000000e+00,1.0000000000000000e-02,30917,
"P0001330","EQUI0275",1.0000000000000000e+00,1.0000000000000000e-02,30918,
"CARPI08","*WINCHE1",1.0000000000000000e+00,0.0000000000000000e+00,30921,
"CARPI08","*EQUIP04",1.0000000000000000e+00,0.0000000000000000e+00,30922,
"CARPI09","*WINCHE1",1.0000000000000000e+00,0.0000000000000000e+00,30923,
"CARPI09","*EQUIP04",1.0000000000000000e+01,1.0000000000000000e-02,30924,
"CARPI10","*WINCHE1",1.0000000000000000e+00,0.0000000000000000e+00,30925,
"CARPI10","*EQUIP04",1.0000000000000000e+00,0.0000000000000000e+00,30926,
"COCINA","EQUI0164",1.0000000000000000e+00,4.7900000000000000e-03,30927,
"COCINA1","EQUI0164",1.0000000000000000e+00,4.7900000000000000e-03,30928,
"*HERRE17","*EQUIP05",1.0000000000000000e+00,0.0000000000000000e+00,30929,
"*HERRE17","*WINCHE1",1.0000000000000000e+00,0.0000000000000000e+00,30930,
"HERRE18","*WINCHE1",1.0000000000000000e+00,0.0000000000000000e+00,30932,
"HERRE18","EQUI0143",4.0000000000000000e+00,3.5000000000000001e-03,30933,
"*COMPC01","*EQUIP12",3.0000000000000000e+00,5.0000000000000000e-01,30934,
"*COMPC01","*PLANCH1",3.0000000000000000e+00,1.0000000000000000e+00,30935,
"*BACHEO7","*PATROL1",1.0000000000000000e+00,0.0000000000000000e+00,30936,
"*BACHEO7","*COMPAC2",1.0000000000000000e+00,0.0000000000000000e+00,30937,
"*BACHEO7","*COMPAC7",1.0000000000000000e+00,0.0000000000000000e+00,30938,
"*COMPC01","*CAMIO03",3.0000000000000000e+00,2.0000000000000000e-03,30939,
"*PAVAS01","*CAMIO06",3.0000000000000000e+00,2.0000000000000000e-03,30940,
"*PAVAS01","*CAMIO07",3.0000000000000000e+00,5.0000000000000000e-01,30941,
"TAPON","EQUI0351",1.0000000000000000e+00,1.0000000000000000e-02,30942,
"TAPON","EQUI0116",1.0000000000000000e+00,1.0000000000000000e-02,30943,
"TAPON","EQUI0073",1.0000000000000000e+00,1.0000000000000000e-02,30944,
"TAPON1","EQUI0351",1.0000000000000000e+00,1.0000000000000000e-02,30945,
"TAPON1","EQUI0116",1.0000000000000000e+00,1.0000000000000000e-02,30946,
"TAPON1","EQUI0073",1.0000000000000000e+00,1.0000000000000000e-02,30947,
"P0003577","EQUI0310",1.0000000000000000e+00,1.0000000000000000e+00,30948,
"P0003577","EQUI0318",1.0000000000000000e+00,1.0000000000000000e-02,30949,
"P0003577","EQUI0275",1.0000000000000000e+00,1.0000000000000000e-02,30950,
"P0003577","EQUI0073",1.0000000000000000e+00,1.0000000000000000e-02,30951,
"P0003577","EQUI0019",1.0000000000000000e+00,1.0000000000000000e+00,30952,
"P0003578","EQUI0310",1.0000000000000000e+00,1.0000000000000000e+00,30953,
"P0003578","EQUI0318",1.0000000000000000e+00,1.0000000000000000e-02,30954,
"P0003578","EQUI0275",1.0000000000000000e+00,1.0000000000000000e-02,30955,
"P0003578","EQUI0073",1.0000000000000000e+00,1.0000000000000000e-02,30956,
"P0003578","EQUI0019",1.0000000000000000e+00,1.0000000000000000e+00,30957,
"P0003579","EQUI0310",1.0000000000000000e+00,1.0000000000000000e+00,30958,
"P0003579","EQUI0318",1.0000000000000000e+00,1.0000000000000000e-02,30959,
"P0003579","EQUI0275",1.0000000000000000e+00,1.0000000000000000e-02,30960,
"P0003579","EQUI0073",1.0000000000000000e+00,1.0000000000000000e-02,30961,
"P0003579","EQUI0019",1.0000000000000000e+00,1.0000000000000000e+00,30962,
"CAJAMED1","EQUI0031",1.0000000000000001e-01,1.0000000000000000e+00,30963,
"CAJAMED1","EQUI0172",1.0000000000000000e+00,1.0000000000000000e+00,30964,
"CAJAMED1","EQUI0342",1.0000000000000000e+00,1.0000000000000000e-02,30965,
"CAJAMED1","EQUI0219",1.0000000000000000e+00,1.0000000000000000e-02,30966,
"CAJAMED1","EQUI0001",1.0000000000000000e+00,1.0000000000000000e-02,30967,
"CAJAMED2","EQUI0031",1.0000000000000001e-01,1.0000000000000000e+00,30968,
"CAJAMED2","EQUI0172",1.0000000000000000e+00,1.0000000000000000e+00,30969,
"CAJAMED2","EQUI0342",1.0000000000000000e+00,1.0000000000000000e-02,30970,
"CAJAMED2","EQUI0219",1.0000000000000000e+00,1.0000000000000000e-02,30971,
"CAJAMED2","EQUI0001",1.0000000000000000e+00,1.0000000000000000e-02,30972,
"PAR0985","*LLAVE03",2.0000000000000000e+00,1.0000000000000000e-02,30973,
"PAR0985","*DRYWA33",1.0000000000000000e+00,1.0000000000000000e-02,30974,
"PAR0985","*SEGUETA",1.0000000000000000e+00,1.0000000000000000e-02,30975,
"PAR0985","*ALICAT2",2.0000000000000000e+00,1.0000000000000000e-02,30976,
"PAR0985","*LLAVE50",1.0000000000000000e+00,1.0000000000000000e-02,30977,
"PAR0985","*DESTOR1",1.0000000000000000e+00,1.0000000000000000e-02,30978,
"PAR0985","*PROBADO",1.0000000000000000e+00,1.0000000000000000e-02,30979,
"PAR0985","*PINZAS1",2.0000000000000000e+00,1.0000000000000000e-02,30980,
"PAR0985","*LIMA001",1.0000000000000000e+00,3.8500000000000001e-03,30981,
"PAR0986","*DRYWA33",1.0000000000000000e+00,1.0000000000000000e-02,30983,
"PAR0986","*ALICAT2",3.0000000000000000e+00,1.0000000000000000e-02,30985,
"PAR0986","*DESTOR1",1.0000000000000000e+00,1.0000000000000000e-02,30987,
"PAR0986","*PROBADO",1.0000000000000000e+00,1.0000000000000000e-02,30988,
"PAR0986","*PINZAS1",2.0000000000000000e+00,1.0000000000000000e-02,30989,
"TUBECOBR","EQUI0142",1.0000000000000000e+00,1.0000000000000000e+00,30992,
"TUBECOBR","EQUI0342",5.0000000000000000e+00,1.0000000000000000e-02,30993,
"TUBECOBR","EQUI0173",5.0000000000000000e+00,1.0000000000000000e-02,30994,
"TUBECOBR","EQUI0053",3.0000000000000000e+00,1.0000000000000000e-02,30995,
"TUBECOBR","EQUI0203",5.0000000000000000e+00,1.0000000000000000e-02,30996,
"TUBECOBR","EQUI0114",3.0000000000000000e+00,1.0000000000000000e-02,30997,
