CodMan,CodFam,Salari,Superv,FecMan,PorNacImp,Importado,CodAlt,Descri
"MANO0032","00",1.5000000000000000e+01,"N","01/31/23 00:00:00",1.0000000000000000e+02,0,,"IMPERMEABILIZADOR DE 1ra."
"MANO0038","00",1.5000000000000000e+01,"N","01/31/23 00:00:00",1.0000000000000000e+02,0,,"LINIERO DE 1ra."
"MANO0039","01",2.0000000000000000e+01,"N","01/31/23 00:00:00",1.0000000000000000e+02,0,,"MAESTRO CABILLERO"
"MANO0040","00",1.8000000000000000e+01,"N","01/31/23 00:00:00",1.0000000000000000e+02,0,,"MAESTRO CARPINTERO DE 1ra."
"MANO0041","00",1.5000000000000000e+01,"N","01/31/23 00:00:00",1.0000000000000000e+02,0,,"MAESTRO CARPINTERO DE 2da."
"MANO0042","00",2.0000000000000000e+01,"N","01/31/23 00:00:00",1.0000000000000000e+02,0,,"MAESTRO DE OBRA DE 1ra."
"MANO0043","00",1.8000000000000000e+01,"N","01/31/23 00:00:00",1.0000000000000000e+02,0,,"MAESTRO DE OBRA DE 2da."
"MANO0044","00",1.8000000000000000e+01,"N","01/31/23 00:00:00",1.0000000000000000e+02,0,,"MAESTRO DE OBRAS ELECTROMECANICAS"
"MANO0045","00",1.8000000000000000e+01,"N","01/31/23 00:00:00",1.0000000000000000e+02,0,,"MAESTRO ELECTRICISTA"
"MANO0047","00",1.8000000000000000e+01,"N","01/31/23 00:00:00",1.0000000000000000e+02,0,,"MAESTRO IMPERMEABILIZADOR"
"MANO0049","00",1.8000000000000000e+01,"N","01/31/23 00:00:00",1.0000000000000000e+02,0,,"MAESTRO PINTOR"
"MANO0050","00",1.8000000000000000e+01,"N","01/31/23 00:00:00",1.0000000000000000e+02,0,,"MAESTRO PLOMERO DE 1ra."
"MANO0051","00",1.8000000000000000e+01,"N","01/31/23 00:00:00",1.0000000000000000e+02,0,,"MAQUINISTA DE CONCRETO DE 1ra."
"MANO0055","00",1.5000000000000000e+01,"N","01/31/23 00:00:00",1.0000000000000000e+02,0,,"MONTADOR"
"MANO0056","01",1.0000000000000000e+01,"N","01/31/23 00:00:00",1.0000000000000000e+02,0,,"OBRERO DE 1ra."
"MANO0057","00",1.2000000000000000e+01,"N","01/31/23 00:00:00",1.0000000000000000e+02,0,,"OPERADOR DE EQUIPO LIVIANO"
"MANO0059","00",1.5000000000000000e+01,"N","03/08/23 00:00:00",1.0000000000000000e+02,0,,"OPERADOR DE EQUIPO PESADO DE 1ra."
"MANO0070","00",1.5000000000000000e+01,"N","01/31/23 00:00:00",1.0000000000000000e+02,0,,"PINTOR DE 1ra."
"MANO0071","00",1.2000000000000000e+01,"N","01/31/23 00:00:00",1.0000000000000000e+02,0,,"PINTOR DE 2da."
"MANO0072","00",1.5000000000000000e+01,"N","01/31/23 00:00:00",1.0000000000000000e+02,0,,"PLOMERO DE 1ra."
"MANO0074","00",1.5000000000000000e+01,"N","01/31/23 00:00:00",1.0000000000000000e+02,0,,"SOLDADOR DE 1ra."
"MANO0077","00",2.0000000000000000e+01,"N","01/31/23 00:00:00",1.0000000000000000e+02,0,,"TRACTORISTA DE 1ra."
"MANO0031","00",1.8000000000000000e+01,"N","01/30/23 00:00:00",1.0000000000000000e+02,0,,"GÜINCHERO"
"*GUINCHE","01",1.2000000000000000e+01,"N","02/02/22 00:00:00",1.0000000000000000e+02,0,,"GÜINCHERO"
"*MCARPI2","01",9.1999999999999993e+00,"N","01/13/22 00:00:00",1.0000000000000000e+02,0,,"MAESTRO CARPINTERO DE 2da."
"*CARPI01","01",1.2000000000000000e+01,"N","01/02/22 00:00:00",1.0000000000000000e+02,0,,"CARPINTERO DE 1ra."
"*OPEMAQ2","01",1.8000000000000000e+01,"N","09/04/22 00:00:00",1.0000000000000000e+02,0,,"OPERADOR DE MAQUINAS-HERRAMIENTAS DE 2DA"
"*AYUDAOP","01",1.5000000000000000e+01,"N","09/04/22 00:00:00",1.0000000000000000e+02,0,,"AYUDANTE DE OPERADORES"
"*MAESTR1","01",1.0960000000000001e+01,"N","01/13/22 00:00:00",1.0000000000000000e+02,0,,"MAESTRO DE OBRA DE 1ra."
"*ALBAÑ01","01",1.5000000000000000e+01,"N","06/14/22 00:00:00",1.0000000000000000e+02,0,,"ALBAÑIL DE 1ra."
"*ALBAÑ02","01",1.5000000000000000e+01,"N","06/13/22 00:00:00",1.0000000000000000e+02,0,,"ALBAÑIL DE 2da."
"*AYUDAN1","01",1.2000000000000000e+01,"N","01/31/23 00:00:00",1.0000000000000000e+02,0,,"AYUDANTE"
"*CABILL1","01",3.1299999999999999e+00,"N","09/01/21 00:00:00",1.0000000000000000e+02,0,,"CABILLERO DE 1ra."
"*CABILL2","01",2.6499999999999999e+00,"N","09/01/21 00:00:00",1.0000000000000000e+02,0,,"CABILLERO DE 2da."
"*CAPORAL","01",2.5000000000000000e+01,"N","09/04/22 00:00:00",1.0000000000000000e+02,0,,"CAPORAL"
"*ELECTR1","01",2.0000000000000000e+01,"N","06/14/22 00:00:00",1.0000000000000000e+02,0,,"ELECTRICISTA DE 1ra."
"*ELECTR2","01",2.6499999999999999e+00,"N","09/01/21 00:00:00",1.0000000000000000e+02,0,,"ELECTRICISTA DE 2da."
"*MAESTR2","01",1.5000000000000000e+01,"N","01/02/22 00:00:00",1.0000000000000000e+02,0,,"MAESTRO DE OBRA DE 2da."
"*MALBAÑ1","01",1.5000000000000000e+01,"N","01/02/22 00:00:00",1.0000000000000000e+02,0,,"MAESTRO ALBAÑIL"
"*MAQCON1","01",1.8000000000000000e+01,"N","09/04/22 00:00:00",1.0000000000000000e+02,0,,"MAQUINISTA DE CONCRETO DE 1ra."
"*MCABILL","01",3.3199999999999998e+00,"N","10/06/21 00:00:00",1.0000000000000000e+02,0,,"MAESTRO CABILLERO"
"*MELECTR","01",2.0000000000000000e+01,"N","06/14/22 00:00:00",1.0000000000000000e+02,0,,"MAESTRO ELECTRICISTA"
"*OBRERO1","01",1.2000000000000000e+01,"N","01/31/23 00:00:00",1.0000000000000000e+02,0,,"OBRERO DE 1ra."
"DTC003","01",3.0000000000000000e+01,"N","01/31/23 00:00:00",1.0000000000000000e+02,0,,"TOPOGRAFO CON EQUIPO Y AUXILIAR"
"MANO0001","00",1.2000000000000000e+01,"N","01/31/23 00:00:00",1.0000000000000000e+02,0,,"ALBAÑIL DE 1ra."
"MANO0005","01",1.2000000000000000e+01,"N","01/31/23 00:00:00",1.0000000000000000e+02,0,,"AYUDANTE"
"MANO0007","00",1.0000000000000000e+01,"N","01/31/23 00:00:00",1.0000000000000000e+02,0,,"AYUDANTE DE OPERADORES"
"MANO0008","00",1.2000000000000000e+01,"N","01/31/23 00:00:00",1.0000000000000000e+02,0,,"AYUDANTE DE TOPOGRAFO"
"MANO0009","01",1.5000000000000000e+01,"N","01/31/23 00:00:00",1.0000000000000000e+02,0,,"CABILLERO DE 1ra."
"MANO0010","01",1.2000000000000000e+01,"N","01/31/23 00:00:00",1.0000000000000000e+02,0,,"CABILLERO DE 2da."
"MANO0011","00",1.8000000000000000e+01,"N","01/31/23 00:00:00",1.0000000000000000e+02,0,,"CAPORAL"
"MANO0012","00",1.8000000000000000e+01,"N","01/31/23 00:00:00",1.0000000000000000e+02,0,,"CAPORAL DE EQUIPO"
"MANO0013","00",1.5000000000000000e+01,"N","01/31/23 00:00:00",1.0000000000000000e+02,0,,"CARPINTERO DE 1ra."
"MANO0014","00",1.2000000000000000e+01,"N","01/31/23 00:00:00",1.0000000000000000e+02,0,,"CARPINTERO DE 2da."
"MANO0018","00",1.5000000000000000e+01,"N","01/31/23 00:00:00",1.0000000000000000e+02,0,,"CHOFER DE 1ra. (DE 8 A 15 TONS)"
"MANO0019","00",1.2000000000000000e+01,"N","01/31/23 00:00:00",1.0000000000000000e+02,0,,"CHOFER DE 2ra. (DE 3 A 8 TONS)"
"MANO0020","00",1.2000000000000000e+01,"N","01/31/23 00:00:00",1.0000000000000000e+02,0,,"CHOFER DE 3ra. (HASTA 3 TONS)"
"MANO0021","00",1.5000000000000000e+01,"N","03/08/23 00:00:00",1.0000000000000000e+02,0,,"CHOFER DE 4ta."
"MANO0026","00",1.5000000000000000e+01,"N","01/31/23 00:00:00",1.0000000000000000e+02,0,,"ELECTRICISTA DE 1ra."
"MANO0028","00",1.2000000000000000e+01,"N","01/31/23 00:00:00",1.0000000000000000e+02,0,,"ENGRASADOR"
"*OPENIV1","01",9.7200000000000006e+00,"N","01/13/22 00:00:00",1.0000000000000000e+02,0,,"OPERADOR DE MOTONIVELADORA DE 1RA."
"*OPERLIV","01",1.7000000000000000e+01,"N","06/14/22 00:00:00",1.0000000000000000e+02,0,,"OPERADOR DE EQUIPO LIVIANO"
"*CAPEQUI","01",9.7200000000000006e+00,"N","01/13/22 00:00:00",1.0000000000000000e+02,0,,"CAPORAL DE EQUIPO"
"*CHOFER1","01",9.1600000000000001e+00,"N","01/13/22 00:00:00",1.0000000000000000e+02,0,,"CHOFER DE 1ra. (DE 8 A 1TON)"
"*MOBELEM","01",1.9719999999999999e+01,"N","06/13/22 00:00:00",1.0000000000000000e+02,0,,"MAESTRO DE OBRAS ELECTROMECANICAS"
