CodObr,NumPar,CodPar,Cont,Descri,PreUni,CanPar,RenPar2,FechaIni,CantDias,FechaFin,Seccionada,PartBase,Porcentaje,UniPar,IndIni
"576PDVS2",1,"P0000035",,"REPLANTEO DE COORDENADAS PARA UBICACION DE ELEMENTOS CONSTRUCTIVOS EN OBRA.",4.6999999999999997e-01,5.0454540000000001e+04,2.0000000000000000e+04,"04/27/23 00:00:00",3.0000000000000000e+00,"05/01/23 00:00:00",0,0,0.0000000000000000e+00,"M2","I"
"576PDVS2",2,"P0000110",,"DEFORESTACION LIVIANA Y LIMPIEZA PARA TERRACEO (RASTROJOS, VEGETACION BAJA EN GENERAL, CON ALTURA INFERIOR A 8m), EN AREAS COMPRENDIDAS ENTRE 1 Y 5 HECTAREAS. INCLUYE DESRAIZAMIENTO Y ELIMINACION DE TRINCHERAS ",2.3065099999999998e+03,6.5400000000000000e+00,3.0000000000000004e-01,"05/04/23 00:00:00",2.2000000000000000e+01,"06/02/23 00:00:00",0,0,0.0000000000000000e+00,"ha","I"
"576PDVS2",3,"P0003997",,"TRANSPORTE DE MAQUINARIA PESADA PARA LA PREPARACION DEL SITIO, DRENAJES, MOVIMIENTO DE TIERRA, BASES, ASFALTOS, CON PESO DE 10 A 30 T. POR MAQUINARIA. ",1.8700000000000001e+00,1.2727270000000000e+04,5.0000000000000000e+02,"05/08/23 00:00:00",2.6000000000000000e+01,"06/12/23 00:00:00",0,0,0.0000000000000000e+00,"tfxkm","I"
"576PDVS2",4,"P0005853",,"CONSTRUCCION DE RELLENO CON MATERIAL MEJORADO COMPACTADO CON EQUIPOS DE PERCUCION.",1.5190000000000000e+01,8.5340000000000000e+03,1.0000000000000000e+03,"05/24/23 00:00:00",9.0000000000000000e+00,"06/05/23 00:00:00",0,0,0.0000000000000000e+00,"m3","I"
"576PDVS2",5,"P0005858",,"EXCAVACION DE CUALQUIER TIPO DE MATERIAL, CON EMPLEO DE TRACTOR Y EQUIPO CARGADOR, CARGA, TRANSPORTE HASTA 200m DE DISTANCIA Y DESCARGA.",5.3500000000000005e+00,7.5480000000000000e+03,4.5000000000000000e+02,"04/27/23 00:00:00",1.7000000000000000e+01,"05/19/23 00:00:00",0,0,0.0000000000000000e+00,"M3","I"
"576PDVS2",6,"LAI499",,"CONSTRUCCION DE BASE DE PIEDRA PICADA CORRESPONDIENTE A OBRAS PREPARATIVAS.",6.3430000000000000e+01,1.7370000000000000e+03,4.0000000000000000e+01,"04/27/23 00:00:00",4.4000000000000000e+01,"06/27/23 00:00:00",0,0,0.0000000000000000e+00,"m3","I"
"576PDVS2",7,"*COMPC01",,"COMPACTACION DE RELLENO CON APISONADORES DE PERCUCION CORRESPONDIENTE A LA PREPARACION DEL SITIO CON MATERIAL MEJORADO",4.8519999999999996e+01,3.1480000000000000e+03,1.5000000000000000e+02,"04/27/23 00:00:00",2.1000000000000000e+01,"05/25/23 00:00:00",0,0,0.0000000000000000e+00,"m3","I"
"576PDVS2",8,"*BACHEO7",,"SUMINISTRO Y COLOCACION DE CARPETA ASFALTICA UTILIZANDO MEZCLA ASFALTICA EN CALIENTE, TIPO II CON AGREGADOS PROCEDENTES DE CANTERA, PRODUCTO DE VOLADURA Y TRITURACION,IINCLUYE EL TRANSPORTE DE LOS AGREGADOS, Y DELL MATERIAL ASFALTICO DE LA MEZCLA",1.2742000000000000e+02,2.8000000000000000e+03,1.6000000000000000e+02,"04/27/23 00:00:00",1.8000000000000000e+01,"05/22/23 00:00:00",0,0,0.0000000000000000e+00,"Ton.","I"
"576PDVS2",9,"*PAVAS01",,"IMPRIMACION ASFALTICA EMPLEANDO MATERIAL ASFALTICO TIPO.    ",7.1200000000000001e+00,1.1200000000000000e+04,3.8000000000000000e+03,"04/27/23 00:00:00",2.9500000000000002e+00,"04/29/23 00:00:00",0,0,0.0000000000000000e+00,"m2","I"
"576PDVS2",10,"*ARMRE07",,"SUMUNISTRO Y TRANSPORTE, PREPARACION Y COLOCACION DE MALLA SOLDADA DE ACERO, PARA INFRAESTRUCTURA.   ",8.9199999999999999e+00,9.6000000000000000e+03,5.0000000000000000e+02,"04/27/23 00:00:00",2.0000000000000000e+01,"05/24/23 00:00:00",0,0,0.0000000000000000e+00,"Kg.","I"
"576PDVS2",11,"P0002329",,"ENCOFRADO DE MADERA TIPO RECTO, ACABADO CORRIENTE EN CAMINERIAS, INCLUYENDO MACIZADOS",5.1540000000000006e+01,7.0000000000000000e+02,1.2000000000000000e+02,"04/27/23 00:00:00",6.0000000000000000e+00,"05/04/23 00:00:00",0,0,0.0000000000000000e+00,"m2","I"
"576PDVS2",12,"P0001367",,"CONCRETO Fc 200 kgf/cm2 A LOS 28 DIAS, PARA LA CONSTRUCCION DE CAMINERIAS, CORRESPONDIENTE A OBRAS DE SERVICIO",2.2645000000000002e+02,5.6000000000000000e+02,8.6000000000000000e+01,"04/27/23 00:00:00",7.0000000000000000e+00,"05/05/23 00:00:00",0,0,0.0000000000000000e+00,"m3","I"
"576PDVS2",13,"*OBREX33",,"CONCRETO DE Fc 180 Kg/CM2 A LOS 28 DIAS, PARA LA CONSTRUCCION DE BROCALES CORRESPONDIENTES A OBRAS DE SERVICIOS. INCLUYE TRANSPORTE DEL CEMENTO Y AGREGADOS HASTA 50 KM Y EXCLUYE EL REFUERZO METALICO Y EL ENCOFRADO.",1.8950000000000000e+02,3.3500000000000000e+02,1.4000000000000000e+01,"04/27/23 00:00:00",2.4000000000000000e+01,"05/30/23 00:00:00",0,0,0.0000000000000000e+00,"m3","I"
"576PDVS2",14,"*OBREX30",,"CONCRETO DE Fc 180 Kg/CM2 A LOS 28 DIAS, PARA LA CONSTRUCCION DE ACERAS Y CUNETAS CORRESPONDIENTES A OBRAS DE SERVICIOS. INCLUYE TRANSPORTE DEL CEMENTO Y AGREGADOS HASTA 50 KM Y EXCLUYE EL REFUERZO METALICO Y EL ENCOFRADO.",1.9120000000000002e+02,2.4000000000000000e+02,1.4000000000000000e+01,"04/27/23 00:00:00",1.8000000000000000e+01,"05/22/23 00:00:00",0,0,0.0000000000000000e+00,"m3","I"
"576PDVS2",15,"OBREX30",,"PAISAJISMO CON ARBUSTOS, PLANTAS DECORATIVAS  Y PIEDRA PARA AREAS EXTERIORES.",6.9819999999999993e+01,3.2500000000000000e+03,6.0000000000000000e+01,"04/27/23 00:00:00",5.5000000000000000e+01,"07/12/23 00:00:00",0,0,0.0000000000000000e+00,"m2","I"
"576PDVS2",16,"LAI490",,"REPLANTEO AUXILIAR DE CLOACAS.",3.0899999999999999e+00,1.6180000000000000e+03,4.0000000000000000e+02,"04/27/23 00:00:00",5.0000000000000000e+00,"05/03/23 00:00:00",0,0,0.0000000000000000e+00,"ml","I"
"576PDVS2",17,"P0000164",,"EXCAVACION EN TIERRA CON USO DE EQUIPO RETROEXCAVADOR PARA ASIENTO DE FUNDACIONES, ZANJAS, ETC. INCLUYE REPERFILAMIENTO A MANO ",2.1379999999999999e+01,1.0014600000000000e+03,6.0000000000000000e+01,"04/27/23 00:00:00",1.7000000000000000e+01,"05/19/23 00:00:00",0,0,0.0000000000000000e+00,"m3","I"
"576PDVS2",18,"BOTE1",,"BOTE DE CUALQUIER TIPO DE MATERIAL PROVENIENTE DE LAS EXCAVACIONES Y MOVIMIENTO DE TIERRA, A DISTANCIAS MAYORES DE 10 KM",6.6399999999999997e+00,8.1123999999999996e+03,1.0000000000000000e+02,"04/27/23 00:00:00",8.2000000000000000e+01,"08/18/23 00:00:00",0,0,0.0000000000000000e+00,"M3","I"
"576PDVS2",19,"LAI499",,"CONSTRUCCION DE BASE DE PIEDRA PICADA CORRESPONDIENTE A OBRAS PREPARATIVAS.",6.3430000000000000e+01,6.6760000000000005e+01,4.0000000000000000e+01,"04/27/23 00:00:00",2.0000000000000000e+00,"04/28/23 00:00:00",0,0,0.0000000000000000e+00,"m3","I"
"576PDVS2",20,"P0001661",,"SUMINISTRO TRANSPORTE Y COLOCACION DE POLVILLO PARA OBRAS DE DRENAJE.",3.0649999999999999e+01,4.0581999999999999e+02,4.5000000000000000e+01,"04/27/23 00:00:00",1.0000000000000000e+01,"05/10/23 00:00:00",0,0,0.0000000000000000e+00,"m3","I"
"576PDVS2",21,"P0002002",,"COMPACTACION DE RELLENOS CON APISONADORES DE PERCUSION, CORRESPONDIENTE A LOS ASIENTOS DE FUNDACIONES, ZANJAS, ETC. ",3.0129999999999999e+01,1.3353000000000000e+02,3.7500000000000000e+01,"04/27/23 00:00:00",4.0000000000000000e+00,"05/02/23 00:00:00",0,0,0.0000000000000000e+00,"m3","I"
"576PDVS2",22,"UP333",,"SUMINISTRO, TRANSPORTE Y COLOCACION DE TUBERIA PVC PARA CLOACAS DE PVC DE AGUAS NEGRAS D=  8"" JUNTA DE GOMA AUTOMATICA",6.3359999999999999e+01,1.1127300000000000e+03,3.0000000000000000e+01,"04/27/23 00:00:00",3.8000000000000000e+01,"06/19/23 00:00:00",0,0,0.0000000000000000e+00,"m","I"
"576PDVS2",23,"LAI530",,"SUMINISTRO Y COLOC. DE EMPOTRAMIENTO TIPO I, COMPUESTO POR CORTE YEE 6"" CODO 45I D= 6""(CL-C-65), A COLECTOR.(INCLUYE TANQUILLA, TAPA  Y TUBERIA)",6.6754999999999995e+02,4.8000000000000000e+01,3.0000000000000000e+00,"04/27/23 00:00:00",1.6000000000000000e+01,"05/18/23 00:00:00",0,0,0.0000000000000000e+00,"pza","I"
"576PDVS2",24,"P0004769",,"CONSTRUCCION DE BASES DE CONCRETO PARA BOCAS DE VISITA PREFABRICADAS, INCLUYE EL TRANSPORTE DEL CEMENTO Y AGREGADOS HASTA 50km EXCLUYE EL REFUERZO METALICO. ",2.6931999999999999e+02,1.2000000000000000e+01,1.0000000000000000e+01,"04/27/23 00:00:00",2.0000000000000000e+00,"04/28/23 00:00:00",0,0,0.0000000000000000e+00,"m3","I"
"576PDVS2",25,"P0005722",,"SUMINISTRO, TRANSPORTE Y COLOCACION DE CONOS DE DIAMETROS O.61m Y 1.22m Y ALTURA UTIL DE 1.00m, PARA BOCA DE VISITA.",5.9575999999999999e+02,1.4000000000000000e+01,3.0000000000000000e+00,"04/27/23 00:00:00",5.0000000000000000e+00,"05/03/23 00:00:00",0,0,0.0000000000000000e+00,"pza","I"
"576PDVS2",26,"P0003198",,"SUMINISTRO, TRANSPORTE Y COLOCACION DE CILINDRO PARA BOCA DE VISITA M DE 1.22m DE DIAMETRO. ",7.1462000000000000e+02,1.3090000000000000e+01,2.0000000000000000e+00,"04/27/23 00:00:00",7.0000000000000000e+00,"05/05/23 00:00:00",0,0,0.0000000000000000e+00,"m","I"
"576PDVS2",27,"P0004757",,"SUMINISTRO TRANSPORTE Y COLOCACION DE MARCO Y TAPA DE HIERRO FUNDIDO PESADO PARA BOCA DE VISITA ",4.1731000000000000e+02,1.4000000000000000e+01,5.0000000000000000e+00,"04/27/23 00:00:00",3.0000000000000000e+00,"05/01/23 00:00:00",0,0,0.0000000000000000e+00,"und","I"
"576PDVS2",28,"LAI531",,"REPLANTEO AUXILIAR DE ACUEDUCTOS",3.0900000000000003e+00,1.1127300000000000e+03,3.3500000000000000e+02,"04/27/23 00:00:00",4.0000000000000000e+00,"05/02/23 00:00:00",0,0,0.0000000000000000e+00,"ml","I"
"576PDVS2",29,"P0000164",,"EXCAVACION EN TIERRA CON USO DE EQUIPO RETROEXCAVADOR PARA ASIENTO DE FUNDACIONES, ZANJAS, ETC. INCLUYE REPERFILAMIENTO A MANO ",2.1379999999999999e+01,4.0057999999999998e+02,6.0000000000000000e+01,"04/27/23 00:00:00",7.0000000000000000e+00,"05/05/23 00:00:00",0,0,0.0000000000000000e+00,"m3","I"
"576PDVS2",30,"P0000173",,"COMPACTACION DE RELLENOS CON APISONADORES DE PERCUSION, CORRESPONDIENTE A LOS ASIENTOS DE FUNDACIONES, ZANJAS, ETC ",2.2660000000000000e+01,6.6760000000000005e+01,5.0000000000000000e+01,"04/27/23 00:00:00",2.0000000000000000e+00,"04/28/23 00:00:00",0,0,0.0000000000000000e+00,"m3","I"
"576PDVS2",31,"P0003576",,"SUMINISTRO, TRANSPORTE Y COLOCACION DE TUBERIA DE PVC, CLASE AB, D=4"" 110mm E-JA ",5.0609999999999999e+01,1.1127300000000000e+03,1.0000000000000000e+02,"04/27/23 00:00:00",1.2000000000000000e+01,"05/12/23 00:00:00",0,0,0.0000000000000000e+00,"m","I"
"576PDVS2",32,"P0003606",,"SUMINISTRO Y TRANSPORTE DE TEE PVC DE 110x110mm CLASE AC JA-JA-JA ",9.3849999999999994e+01,5.2000000000000000e+01,1.0000000000000000e+01,"04/27/23 00:00:00",6.0000000000000000e+00,"05/04/23 00:00:00",0,0,0.0000000000000000e+00,"PZA","I"
"576PDVS2",33,"P0003641",,"SUMINISTRO Y TRANSPORTE DE TAPON MACHO DE PVC D=110mm (4"") CLASE AC JA ",7.3280000000000001e+01,5.2000000000000000e+01,1.0000000000000000e+01,"04/27/23 00:00:00",6.0000000000000000e+00,"05/04/23 00:00:00",0,0,0.0000000000000000e+00,"PZA","I"
"576PDVS2",34,"LIC006",,"CONSTRUCCION DE TOMAS DOMICILIARIAS D = 1/2"". INCLUYE COLOCACION DE ABRAZADERAS, ADAPTADOR MACHO ROSCADO, CAJA TRONCOCONICA Y LLAVE PASO",5.9300000000000004e+01,5.7600000000000000e+02,1.2000000000000000e+01,"04/27/23 00:00:00",4.8000000000000000e+01,"07/03/23 00:00:00",0,0,0.0000000000000000e+00,"pza","I"
"576PDVS2",35,"P0005861",,"S/I DE POSTE DE HIERRO DE37´, SECC 6-5-4",1.9783600000000001e+03,1.3000000000000000e+01,6.0000000000000000e+00,"04/27/23 00:00:00",3.0000000000000000e+00,"05/01/23 00:00:00",0,0,0.0000000000000000e+00,"UND","I"
"576PDVS2",36,"P0005862",,"S/I DE ESTRUCTURA DE HIERRO DE 37´, SECC 6-5-4, PARA POSTES DE ALTA TENSION.",2.6936799999999998e+03,1.4000000000000000e+01,1.0000000000000000e+01,"04/27/23 00:00:00",2.0000000000000000e+00,"04/28/23 00:00:00",0,0,0.0000000000000000e+00,"UND","I"
"576PDVS2",37,"P0005896",,"S/I DE POSTE DE HIERRO DE27´, SECC 6-5-4",1.8173100000000002e+03,5.2000000000000000e+01,3.0000000000000000e+00,"04/27/23 00:00:00",1.8000000000000000e+01,"05/22/23 00:00:00",0,0,0.0000000000000000e+00,"UND","I"
"576PDVS2",38,"ESTRUC27",,"S/I DE ESTRUCTURA DE HIERRO DE 27´, SECC 6-5-4, PARA POSTES DE ALTA TENSION.",2.7293500000000004e+03,8.0000000000000000e+00,1.0000000000000000e+01,"04/27/23 00:00:00",1.0000000000000000e+00,"04/27/23 00:00:00",0,0,0.0000000000000000e+00,"UND","I"
"576PDVS2",39,"P0005864",,"SUMINISTRO Y COLOCACION DE CRUCETA DOBLE EN HIERRO GALVANIZADO, EN LINEA TERMINAL TRIFASICA, L=1.80m (75mmx75mmx8mm) INCLUYE EL TRANSPORTE",1.5621500000000001e+03,2.6000000000000000e+01,2.0000000000000000e+01,"04/27/23 00:00:00",2.0000000000000000e+00,"04/28/23 00:00:00",0,0,0.0000000000000000e+00,"pza","I"
"576PDVS2",40,"P0005865",,"SUMINISTRO Y COLOCACION DE CRUCETA DE 1.80m EN PASO DE LINEA TRIFASICA.",1.2598199999999999e+03,2.0000000000000000e+01,2.0000000000000000e+01,"04/27/23 00:00:00",1.0000000000000000e+00,"04/27/23 00:00:00",0,0,0.0000000000000000e+00,"UND","I"
"576PDVS2",41,"P0005866",,"S/I DE SECCIONAMIENTO DE LINEA DE ALTA TENSION TRIFASICA, EN POSTE.",9.2600000000000009e+01,4.3200000000000000e+02,4.0000000000000000e+01,"04/27/23 00:00:00",1.1000000000000000e+01,"05/11/23 00:00:00",0,0,0.0000000000000000e+00,"UND","I"
"576PDVS2",42,"P0005868",,"SUMINISTRO Y COLOCACION DE BANCO DE TRES TRANSFORMADORES MONOFASICOS DE 50 KVA, 13.800/240 120VOLT. INCLUYE EL TRANSPORTE.",1.3353309999999999e+04,2.4000000000000000e+01,3.0000000000000000e+00,"04/27/23 00:00:00",8.0000000000000000e+00,"05/08/23 00:00:00",0,0,0.0000000000000000e+00,"UND","I"
"576PDVS2",43,"P0005872",,"INSTALACION ELECTRICA DE CABLE DE COBRE TRENZADO REVESTIDO CALIBRE 2/0 AWG, 15 KV.",1.6140000000000001e+01,7.8546000000000004e+02,5.5000000000000000e+01,"04/27/23 00:00:00",1.5000000000000000e+01,"05/17/23 00:00:00",0,0,0.0000000000000000e+00,"M","I"
"576PDVS2",44,"CALBRE3",,"INSTALACION ELECTRICA DE CABLE DE COBRE, TRENZADO, REVESTIDO, THW, CALIBRE 3/0 AWG(5.89mm).",2.0020000000000000e+01,5.8909000000000003e+02,1.2000000000000000e+02,"04/27/23 00:00:00",5.0000000000000000e+00,"05/03/23 00:00:00",0,0,0.0000000000000000e+00,"m","I"
"576PDVS2",45,"TEGDG",,"SUMINISTRO Y COLOCACION DE PUESTA A TIERRA DE BANCO DE TRANSPFORMADOR AEREO",4.8113000000000005e+02,2.4000000000000000e+01,2.0000000000000000e+00,"04/27/23 00:00:00",1.2000000000000000e+01,"05/12/23 00:00:00",0,0,0.0000000000000000e+00,"UND","I"
"576PDVS2",46,"FEFF",,"S/I DE SECCIONAMIENTO DE BANCO DE TRANSFORMACION TRIFASICO AEREO.",2.6486000000000001e+02,2.4000000000000000e+01,2.0000000000000000e+00,"04/27/23 00:00:00",1.2000000000000000e+01,"05/12/23 00:00:00",0,0,0.0000000000000000e+00,"UND","I"
"576PDVS2",47,"P0005888",,"SUMINISTRO Y COLOCACION DE TANQUILLA TIPO E2 SEGUN NORMA DE CORPOELC. INCLUYE TAPA PARA TANQUILLA.",2.8141000000000003e+02,1.3800000000000000e+02,2.0000000000000000e+01,"04/27/23 00:00:00",7.0000000000000000e+00,"05/05/23 00:00:00",0,0,0.0000000000000000e+00,"UND","I"
"576PDVS2",48,"P0005893",,"S/C DE BANCADA DE BAJA TENSION TIPO B1C1 SEGUN NORMA DE CORPOELC",6.5079999999999998e+01,7.8546000000000004e+02,3.5000000000000000e+01,"04/27/23 00:00:00",2.3000000000000000e+01,"05/29/23 00:00:00",0,0,0.0000000000000000e+00,"ML","I"
"576PDVS2",49,"P0005894",,"SUMINISTRO, TRANSPORTE E INSTALACION DE LAMPARA TIPO M400, CON BOMBILLO DE V/S DE 250 W Y BRAZO DE 2.1 M",2.2025000000000000e+02,6.4000000000000000e+01,1.5000000000000000e+01,"04/27/23 00:00:00",5.0000000000000000e+00,"05/03/23 00:00:00",0,0,0.0000000000000000e+00,"UND","I"
"576PDVS2",50,"P0005895",,"SUMINISTRO Y COLOCACION DE CONDUCTOR ARVIDAL No. 2/0. INCLUYE EL TRANSPORTE",1.2579999999999998e+01,1.2800000000000000e+04,2.0000000000000000e+03,"04/27/23 00:00:00",7.0000000000000000e+00,"05/05/23 00:00:00",0,0,0.0000000000000000e+00,"ml","I"
"576PDVS2",51,"P0003897",,"PINTURA DE ESMALTE EN POSTE BT 27""",1.2098999999999999e+02,5.2000000000000000e+01,1.0000000000000000e+01,"04/27/23 00:00:00",6.0000000000000000e+00,"05/04/23 00:00:00",0,0,0.0000000000000000e+00,"pza","I"
"576PDVS2",52,"P0003898",,"PINTURA DE ESMALTE EN POSTE BT 37""",1.1413000000000000e+02,1.4000000000000000e+01,1.0000000000000000e+01,"04/27/23 00:00:00",2.0000000000000000e+00,"04/28/23 00:00:00",0,0,0.0000000000000000e+00,"pza","I"
"576PDVS2",53,"P0003820",,"PERCHA DE 5  AISLADORES DE BT, ARREGLO EN PASO.",3.6412000000000000e+02,4.0000000000000000e+01,2.6000000000000000e+01,"04/27/23 00:00:00",2.0000000000000000e+00,"04/28/23 00:00:00",0,0,0.0000000000000000e+00,"PIEZA","I"
"576PDVS2",54,"P0003821",,"PERCHA DE 5  AISLADORES DE BT, ARREGLO EN TERMINAL",3.6728000000000003e+02,9.2000000000000000e+01,2.2000000000000000e+01,"04/27/23 00:00:00",5.0000000000000000e+00,"05/03/23 00:00:00",0,0,0.0000000000000000e+00,"PIEZA","I"
"576PDVS2",55,"P0005708",,"CAJA DE CONTROL DE ALUMBRADO DE 2x60 ",1.0384400000000001e+03,1.4000000000000000e+01,3.5000000000000000e+01,"04/27/23 00:00:00",1.0000000000000000e+00,"04/27/23 00:00:00",0,0,0.0000000000000000e+00,"pza","I"
"576PDVS2",56,"P0000160",,"EXCAVACION EN TIERRA A MANO PARA ASIENTO DE FUNDACIONES, ZANJAS, ETC. HASTA PROFUNDIDADES COMPRENDIDAS ENTRE 0m Y 1,50m",1.1230000000000000e+01,3.6000000000000000e+03,5.0000000000000000e+01,"04/27/23 00:00:00",7.2000000000000000e+01,"08/04/23 00:00:00",0,0,0.0000000000000000e+00,"m3","I"
"576PDVS2",57,"P0000147",,"CARGA A MANO DE MATERIAL PROVENIENTE DE LA PREPARACION DEL SITIO",7.5400000000000000e+00,4.6800000000000000e+03,8.0000000000000000e+01,"04/27/23 00:00:00",5.9000000000000000e+01,"07/18/23 00:00:00",0,0,0.0000000000000000e+00,"m3","I"
"576PDVS2",58,"P0000176",,"CONSTRUCCION DE BASE DE PIEDRA PICADA CORRESPONDIENTE A OBRAS PREPARATIVAS.",6.5450000000000003e+01,1.3500000000000000e+03,3.0000000000000000e+01,"04/27/23 00:00:00",4.5000000000000000e+01,"06/28/23 00:00:00",0,0,0.0000000000000000e+00,"m3","I"
"576PDVS2",59,"P0000645",,"SUMINISTRO, PREPARACION Y COLOCACION DE ACERO DE REFUERZO RAT=2.100 kg/cm2, UTILIZANDO CABILLA DE DIAMETRO IGUAL O INFERIOR A 1/2"" EN INFRAESTRUCTURA",4.1299999999999999e+00,8.3127299999999996e+03,1.0000000000000000e+03,"04/27/23 00:00:00",9.0000000000000000e+00,"05/09/23 00:00:00",0,0,0.0000000000000000e+00,"kgf","I"
"576PDVS2",60,"P0000647",,"SUMINISTRO, PREPARACION Y COLOCACION DE ACERO DE REFUERZO RAT=2.100 kg/cm2, UTILIZANDO CABILLA DE DIAMETRO IGUAL O INFERIOR A 3/8"" EN SUPERESTRUCTURA",4.0400000000000000e+00,9.3312000000000007e+03,1.0000000000000000e+03,"04/27/23 00:00:00",1.0000000000000000e+01,"05/10/23 00:00:00",0,0,0.0000000000000000e+00,"kgf","I"
"576PDVS2",61,"EDF-9004",,"SUMINISTRO, TRANSPORTE, PREPARACION Y COLOCACION DE ACERO DE REFUERZO RAT=2.100 KG/CM2, UTILIZANDO CABILLA DE DIAMETRO DE 1/2 A 7/8"" DE PGDA. PARA SUPERESTRUCTURA ",4.1000000000000005e+00,6.2181800000000003e+03,1.0000000000000000e+03,"04/27/23 00:00:00",7.0000000000000000e+00,"05/05/23 00:00:00",0,0,0.0000000000000000e+00,"Kg.","I"
"576PDVS2",62,"P0000648",,"SUMINISTRO, PREPARACION Y COLOCACION DE MALLA SOLDADA DE ACERO PARA REFUERZO EN LOSAS DE FUNDACION DE 6 MM 10 X10",1.0230000000000000e+01,2.8000000000000000e+04,5.0000000000000000e+02,"04/27/23 00:00:00",5.6000000000000000e+01,"07/13/23 00:00:00",0,0,0.0000000000000000e+00,"M2","I"
"576PDVS2",63,"P0002330",,"ENCOFRADO DE MADERA TIPO RECTO, ACABADO CORRIENTE EN LOSAS, INCLUYENDO MACIZADOS",6.8839999999999989e+01,1.5000000000000000e+03,4.0000000000000000e+01,"04/27/23 00:00:00",3.8000000000000000e+01,"06/19/23 00:00:00",0,0,0.0000000000000000e+00,"m2","I"
"576PDVS2",64,"P0000211",,"CONCRETO DE Fc 200 kgf/cm2 A LOS 28 DIAS, ACABADO CORRIENTE, PARA LA CONSTRUCCION DE ESCALERAS.",2.5544000000000000e+02,6.0000000000000000e+01,1.6000000000000000e+01,"04/27/23 00:00:00",4.0000000000000000e+00,"05/02/23 00:00:00",0,0,0.0000000000000000e+00,"m3","I"
"576PDVS2",65,"P0005904",,"CONCRETO DE f´c 250 kgf/cm2 A LOS 28 DIAS, ASENTAMIENTO 5"",  ACABADO CORRIENTE, PARA LOSAS DE FUNDACION.",2.4221999999999997e+02,3.3590000000000000e+03,6.5000000000000000e+01,"04/27/23 00:00:00",5.2000000000000000e+01,"07/07/23 00:00:00",0,0,0.0000000000000000e+00,"m3","I"
"576PDVS2",66,"P0000653",,"SUMINISTRO, PREPARACION Y COLOCACION DE MALLA RIGIDA DE 6 MM, DE 10 X 10 PARA REFUERZO DE MUROS PORTANTES Y LOSAS DE ENTREPISO.",1.0539999999999999e+01,1.2500000000000000e+05,1.9000000000000000e+03,"04/27/23 00:00:00",6.6000000000000000e+01,"07/27/23 00:00:00",0,0,0.0000000000000000e+00,"M2.","I"
"576PDVS2",67,"P0005902",,"ENCOFRADO DE MOLDES PARA COLADO MONOLITICO DE MUROS, MARCA WESTERN FORMS O SIMILAR, PARA MURO Y LOSAS DE ENTREPISO Y TECHO",8.5899999999999999e+00,1.6000000000000000e+05,1.0000000000000000e+03,"04/27/23 00:00:00",1.6000000000000000e+02,"12/06/23 00:00:00",0,0,0.0000000000000000e+00,"m2","I"
"576PDVS2",68,"P0005815",,"CONCRETO PREMEZCLADO DE f´c 250 kgf/cm2 A LOS 28 DIAS, ASENTAMIENTO 7"", CON BOMBA ACABADO CORRIENTE, PARA MUROS PORTANTES Y TECHOS PLANOS.",2.2762000000000000e+02,1.0800000000000000e+04,9.0000000000000000e+01,"04/27/23 00:00:00",1.2000000000000000e+02,"10/11/23 00:00:00",0,0,0.0000000000000000e+00,"m3","I"
"576PDVS2",69,"P0000822",,"IMPERMEABILIZACION EN TECHOS CON PINTURA ASFALTICA",1.9719999999999999e+01,2.0736000000000000e+04,1.5000000000000000e+02,"04/27/23 00:00:00",1.3900000000000000e+02,"11/07/23 00:00:00",0,0,0.0000000000000000e+00,"m2","I"
"576PDVS2",70,"P0003174",,"PENDIENTE EN CONCRETO F´C 180KG/CM 2, E=5 CM, EN TECHOS.",1.9000000000000000e+01,1.3136000000000000e+04,1.8000000000000000e+02,"04/27/23 00:00:00",7.3000000000000000e+01,"08/07/23 00:00:00",0,0,0.0000000000000000e+00,"M2","I"
"576PDVS2",71,"*ALBAÑ52",,"CONSTRUCCION DE SOBREPISOS ESPESOR 5 CM",1.9110000000000003e+01,4.0320000000000000e+04,4.0000000000000000e+02,"04/27/23 00:00:00",1.0100000000000000e+02,"09/14/23 00:00:00",0,0,0.0000000000000000e+00,"m2","I"
"576PDVS2",72,"P0000696",,"CONSTRUCCION DE PAREDES DE BLOQUES HUECOS DE ARCILLA, ACABADO CORRIENTE, e=15cm NO INCLUYE MACHONES, DINTELES Y BROCALES ",2.3329999999999998e+01,1.8260000000000000e+03,4.5000000000000000e+01,"04/27/23 00:00:00",4.1000000000000000e+01,"06/22/23 00:00:00",0,0,0.0000000000000000e+00,"m2","I"
"576PDVS2",73,"P0000726",,"CONSTRUCCION DE REVESTIMIENTO EN PAREDES CON MORTERO A BASE DE CAL, ACABADO LISO. INCLUYE FRISO BASE",7.2999999999999998e+00,1.2380285000000001e+05,1.0000000000000000e+03,"04/27/23 00:00:00",1.2400000000000000e+02,"10/17/23 00:00:00",0,0,0.0000000000000000e+00,"m2","I"
"576PDVS2",74,"P0000738",,"CONSTRUCCION DE REVESTIMIENTO EN TECHOS CON MORTERO A BASE DE CAL, ACABADO LISO, INCLUYE FRISO BASE",1.6280000000000001e+01,4.1472000000000000e+04,2.8800000000000000e+02,"04/27/23 00:00:00",1.4400000000000000e+02,"11/14/23 00:00:00",0,0,0.0000000000000000e+00,"m2","I"
"576PDVS2",75,"ALBAÑ27",,"CONSTRUCCION DE REVESTIMIENTO INTERIOR EN PAREDES CON BALDOSAS DE CERAMICAS NACIONAL, ACABADO NATURAL. INCLUYE FRISO BASE.",3.1460000000000001e+01,7.0260000000000000e+03,4.0000000000000000e+02,"04/27/23 00:00:00",1.8000000000000000e+01,"05/22/23 00:00:00",0,0,0.0000000000000000e+00,"m2","I"
"576PDVS2",76,"ALBAÑ28",,"CONSTRUCCION DE REVESTIMIENTO INTERIOR EN PISOS CON BALDOSAS DE CERAMICAS NACIONAL, ACABADO NATURAL. INCLUYE FRISO BASE.",3.1450000000000003e+01,3.9800000000000000e+04,6.0000000000000000e+02,"04/27/23 00:00:00",6.7000000000000000e+01,"07/28/23 00:00:00",0,0,0.0000000000000000e+00,"m2","I"
"576PDVS2",77,"P0002544",,"SUMINISTRO, TRANSPORTE Y COLOCACION DE VENTANAS CORREDERAS DE PERFILES DE PVC. INCLUYE EL VIDRIO.",1.1858000000000000e+02,2.3040000000000000e+03,1.0000000000000000e+02,"04/27/23 00:00:00",2.4000000000000000e+01,"05/30/23 00:00:00",0,0,0.0000000000000000e+00,"UND","I"
"576PDVS2",78,"EDF-0901",,"SUMINISTRO, TRANSPORTE Y COLOCACION DE PUERTAS PRINCIPAL",4.2562000000000000e+02,5.7600000000000000e+02,1.4000000000000000e+01,"04/27/23 00:00:00",4.2000000000000000e+01,"06/23/23 00:00:00",0,0,0.0000000000000000e+00,"UND","I"
"576PDVS2",79,"P0000855",,"SUMINISTRO, TRANSPORTE Y COLOCACION DE PUERTAS DE MADERA ENTAMBORADA O DE PVC, TIPO BATIENTE",1.6369999999999999e+02,2.8800000000000000e+03,9.0000000000000000e+01,"04/27/23 00:00:00",3.2000000000000000e+01,"06/09/23 00:00:00",0,0,0.0000000000000000e+00,"UND","I"
"576PDVS2",80,"P0000849",,"SUMINISTRO, TRANSPORTE Y COLOCACION DE MARCOS DE CHAPA DOBLADA DE HIERRO, PARA PUERTAS  EN PAREDES DE 10cm DE ESPESOR.",1.1083000000000000e+02,3.4560000000000000e+03,5.0000000000000000e+01,"04/27/23 00:00:00",7.0000000000000000e+01,"08/02/23 00:00:00",0,0,0.0000000000000000e+00,"UND","I"
"576PDVS2",81,"HERRE18",,"SUMINISTRO, TRANSPORTE Y COLOCACION DE BARANDAS DEDE HIERRO, ALTURA 0,90 METROS EN PASILLOS Y ESCALERAS",6.4209999999999994e+01,2.4500000000000000e+03,5.0000000000000000e+01,"04/27/23 00:00:00",4.9000000000000000e+01,"07/04/23 00:00:00",0,0,0.0000000000000000e+00,"ML","I"
"576PDVS2",82,"P0000909",,"CERRADURA DE POMO, ACABADO CROMO BRILLANTE, CILINDRO FIJO, SIN CERROJO, PESTILLO SIMPLE. POMO EXTERIOR CON LLAVE. POMO INTERIOR CON BOTON ",3.5090000000000003e+01,3.4560000000000000e+03,8.0000000000000000e+01,"04/27/23 00:00:00",4.4000000000000000e+01,"06/27/23 00:00:00",0,0,0.0000000000000000e+00,"pza","I"
"576PDVS2",83,"CARPI10",,"SUMINISTRO, TRANSPORTE E INSTALACION DE MUEBLE  PARA EMPOTRAR COCINA Y LAVAPLATOS, SEGUN DISEÑO.",5.0944000000000005e+02,5.7600000000000000e+02,1.5000000000000000e+01,"04/27/23 00:00:00",3.9000000000000000e+01,"06/20/23 00:00:00",0,0,0.0000000000000000e+00,"UND","I"
"576PDVS2",84,"P0000904",,"PINTURA DE CAUCHO EN PAREDES",1.0630000000000001e+01,1.2000000000000000e+05,1.2000000000000000e+03,"04/27/23 00:00:00",1.0000000000000000e+02,"09/13/23 00:00:00",0,0,0.0000000000000000e+00,"m2","I"
"576PDVS2",85,"P0000905",,"PINTURA DE CAUCHO EN TECHOS.",1.0200000000000001e+01,4.0123000000000000e+04,8.0000000000000000e+02,"04/27/23 00:00:00",5.1000000000000000e+01,"07/06/23 00:00:00",0,0,0.0000000000000000e+00,"m2","I"
"576PDVS2",86,"P0000896",,"BARNIZ EN PUERTAS DE MADERA. INCLUYENDO FONDO SELLADOR. ",1.1660000000000000e+01,1.4400000000000000e+04,4.0000000000000000e+02,"04/27/23 00:00:00",3.6000000000000000e+01,"06/15/23 00:00:00",0,0,0.0000000000000000e+00,"m2","I"
"576PDVS2",87,"P0000935",,"INSTALACION ELECTRICA DE TUBERIA PLASTICA RIGIDA LIVIANA, PVC, EMBUTIDA. DIAMETRO 1/2"" (13mm).",7.1600000000000001e+00,5.5505459999999999e+04,2.0000000000000000e+02,"04/27/23 00:00:00",2.7800000000000000e+02,"05/20/24 00:00:00",0,0,0.0000000000000000e+00,"m","I"
"576PDVS2",88,"P0000930",,"INSTALACION ELECTRICA DE TUBERIA PLASTICA RIGIDA LIVIANA, PVC, EMBUTIDA. DIAMETRO 1"" (25mm) . ",8.1500000000000004e+00,1.2500000000000000e+04,6.8000000000000000e+01,"04/27/23 00:00:00",1.8400000000000000e+02,"01/09/24 00:00:00",0,0,0.0000000000000000e+00,"m","I"
"576PDVS2",89,"P0000936",,"INSTALACION ELECTRICA DE TUBERIA PLASTICA RIGIDA LIVIANA, PVC, EMBUTIDA. DIAMETRO 3/4"" (13mm).",1.6960000000000001e+01,7.7760000000000000e+03,5.4000000000000000e+01,"04/27/23 00:00:00",1.4400000000000000e+02,"11/14/23 00:00:00",0,0,0.0000000000000000e+00,"m","I"
"576PDVS2",90,"P0002673",,"INSTALACION ELECTRICA DE CABLE DE COBRE, TRENZADO, REVESTIDO, TW, CALIBRE 12 AWG (2.32mm) . ",2.8700000000000001e+00,1.4400000000000000e+05,1.0000000000000000e+03,"04/27/23 00:00:00",1.4400000000000000e+02,"11/14/23 00:00:00",0,0,0.0000000000000000e+00,"m","I"
"576PDVS2",91,"P0002674",,"INSTALACION ELECTRICA DE CABLE DE COBRE, TRENZADO, REVESTIDO, TW, CALIBRE 14 AWG",2.1699999999999999e+00,3.9272730000000003e+04,2.8000000000000000e+02,"04/27/23 00:00:00",1.4100000000000000e+02,"11/09/23 00:00:00",0,0,0.0000000000000000e+00,"m","I"
"576PDVS2",92,"*CABLE28",,"I.E CABLE DE COBRE, TRENZADO, REVESTIDO, TTU, CALIBRE 8 AWG (3.71 MM).",4.2400000000000002e+00,2.5500000000000000e+04,2.5000000000000000e+02,"04/27/23 00:00:00",1.0200000000000000e+02,"09/15/23 00:00:00",0,0,0.0000000000000000e+00,"m","I"
"576PDVS2",93,"P0001013",,"INSTALACION ELECTRICA DE CAJETIN METALICO, SALIDAS 1/2-3/4"", PROFUNDIDAD 1-1/2"", OCTOGONALES 4"" (10.2cm) . ",8.8200000000000003e+00,6.3360000000000000e+03,4.0000000000000000e+01,"04/27/23 00:00:00",1.5900000000000000e+02,"12/05/23 00:00:00",0,0,0.0000000000000000e+00,"pza","I"
"576PDVS2",94,"P0001017",,"INSTALACION ELECTRICA DE CAJETIN PLASTICO PVC, SALIDA 1/2"", PROFUNDIDAD 1-1/2"", RECTANGULAR 2x4"" (5.10x10.20 cm) ",6.5700000000000003e+00,6.3360000000000000e+03,4.0000000000000000e+01,"04/27/23 00:00:00",1.5900000000000000e+02,"12/05/23 00:00:00",0,0,0.0000000000000000e+00,"PIEZA","I"
"576PDVS2",95,"P0001049",,"INSTALACION ELECTRICA DE TOMACORRIENTES CON TAPA PLASTICA, PUENTE Y TORNILLOS, SENCILLO, UNA (1) FASE, 20 A. ",2.3460000000000001e+01,6.3360000000000000e+03,5.0000000000000000e+01,"04/27/23 00:00:00",1.2700000000000000e+02,"10/20/23 00:00:00",0,0,0.0000000000000000e+00,"pza","I"
"576PDVS2",96,"P0001042",,"INSTALACION ELECTRICA DE INTERRUPTORES (SWITCHES) COMBINABLES SIMPLES, CON TAPA DE PLASTICO, PUENTE Y TORNILLOS, 10 A. ",2.4090000000000000e+01,4.6080000000000000e+03,5.0000000000000000e+01,"04/27/23 00:00:00",9.3000000000000000e+01,"09/04/23 00:00:00",0,0,0.0000000000000000e+00,"pza","I"
"576PDVS2",97,"P0001053",,"INSTALACION ELECTRICA DE TABLERO METALICO CONVERTIBLE, EMBUTIDO, CON PUERTA, 2 FASES + NEUTRO, 8 CIRCUITOS, BARRAS DE 125 AMP. NO INCLUYE INTERRUPTOR TERMOMAGNETICO (BREAKER).",1.2928999999999999e+02,5.7600000000000000e+02,2.0000000000000000e+01,"04/27/23 00:00:00",2.9000000000000000e+01,"06/06/23 00:00:00",0,0,0.0000000000000000e+00,"pza","I"
"576PDVS2",98,"BREAKER",,"INSTALACION ELECTRICA DE INTERRUPTOR TERMOMAGNETICO (BREAKER) CON ENCHUFE, 2 POLO, 10 kA ICC, 120/240V, CAPACIDAD  40 A.",3.8390000000000001e+01,5.7600000000000000e+02,2.8000000000000000e+01,"04/27/23 00:00:00",2.1000000000000000e+01,"05/25/23 00:00:00",0,0,0.0000000000000000e+00,"pza","I"
"576PDVS2",99,"P0005133",,"INSTALACION ELECTRICA DE INTERRUPTOR TERMOMAGNETICO (BREAKER) CON ENCHUFE, 1 POLO, 10 kA ICC, 120/240V, CAPACIDAD 20 A.",2.1849999999999998e+01,2.3040000000000000e+03,2.8000000000000000e+01,"04/27/23 00:00:00",8.3000000000000000e+01,"08/21/23 00:00:00",0,0,0.0000000000000000e+00,"pza","I"
"576PDVS2",100,"PAR0942",,"SUMINISTRO, TRANSPORTE E INSTALACION DE LAMPARAS EN PAREDES",3.7160000000000004e+01,6.3360000000000000e+03,4.0000000000000000e+01,"04/27/23 00:00:00",1.5900000000000000e+02,"12/05/23 00:00:00",0,0,0.0000000000000000e+00,"Pieza","I"
"576PDVS2",101,"CAJAMED",,"SUMINISTRO E INSTALACION DE ARMARIO PARA 9 MEDIDORES.",6.4502999999999997e+02,6.4000000000000000e+01,3.5000000000000000e+01,"04/27/23 00:00:00",2.0000000000000000e+00,"04/28/23 00:00:00",0,0,0.0000000000000000e+00,"pza","I"
"576PDVS2",102,"PAR0986",,"INSTALACION ELECTRICA DE DE PUNTO 220 PARA AIRES ACONDICIONADOS",3.6539999999999999e+01,5.7600000000000000e+02,5.0000000000000000e+01,"04/27/23 00:00:00",1.2000000000000000e+01,"05/12/23 00:00:00",0,0,0.0000000000000000e+00,"PTO","I"
"576PDVS2",103,"TUBECOBR",,"TUBERIA DE COBRE DIAMETRO 1/2"" EMBUTIDO. INCLUYE CONEXIONES",2.6730000000000000e+01,2.8800000000000000e+03,1.2000000000000000e+02,"04/27/23 00:00:00",2.4000000000000000e+01,"05/30/23 00:00:00",0,0,0.0000000000000000e+00,"ML","I"
"576PDVS2",104,"P0005222",,"PUNTO DE GAS TUBERIA DE COBRE DIAMETRO 1/2"" EMBUTIDO. INCLUYE CONEXIONES ",1.2170000000000000e+02,5.7600000000000000e+02,1.0000000000000000e+01,"04/27/23 00:00:00",5.8000000000000000e+01,"07/17/23 00:00:00",0,0,0.0000000000000000e+00,"PTO","I"
"576PDVS2",106,"P0001171",,"TUBERIA DE AGUAS CLARAS, DE PVC  PARA AGUA FRIA, DIAMETRO 1/2"" (13mm), ASTM, EMBUTIDA O ENTERRADA. INCLUYE CONEXIONES.",1.3430000000000000e+01,7.9579600000000000e+03,3.5000000000000000e+01,"04/27/23 00:00:00",2.2800000000000000e+02,"03/11/24 00:00:00",0,0,0.0000000000000000e+00,"m","I"
"576PDVS2",107,"P0001172",,"TUBERIA DE AGUAS CLARAS, DE PVC ASTM SOLDADA PARA AGUA FRIA, DIAMETRO 3/4"" (19mm), ASTM, EMBUTIDA O ENTERRADA. INCLUYE CONEXIONES. ",1.6700000000000003e+01,1.2276850000000000e+04,1.5000000000000000e+02,"04/27/23 00:00:00",8.2000000000000000e+01,"08/18/23 00:00:00",0,0,0.0000000000000000e+00,"m","I"
"576PDVS2",108,"P0001173",,"TUBERIA DE AGUAS CLARAS, DE PVC ASTM SOLDADA PARA AGUA FRIA, DIAMETRO 1"" (25mm), ASTM, EMBUTIDA O ENTERRADA. INCLUYE CONEXIONES. ",1.4199999999999999e+01,3.1675400000000000e+03,7.0000000000000000e+01,"04/27/23 00:00:00",4.6000000000000000e+01,"06/29/23 00:00:00",0,0,0.0000000000000000e+00,"m","I"
"576PDVS2",109,"P0001209",,"TUBERIA DE AGUAS RESIDUALES, PVC, DIAMETRO 2"" (51mm), e=3.2mm EMBUTIDA O ENTERRADA. INCLUYE CONEXIONES. ",1.4230000000000000e+01,6.1895100000000002e+03,1.5000000000000000e+02,"04/27/23 00:00:00",4.2000000000000000e+01,"06/23/23 00:00:00",0,0,0.0000000000000000e+00,"m","I"
"576PDVS2",110,"P0001211",,"TUBERIA DE AGUAS RESIDUALES, PVC, DIAMETRO 4"" (102mm), e=3.2mm EMBUTIDA O ENTERRADA. INCLUYE CONEXIONES. ",2.1680000000000000e+01,1.2379020000000000e+04,2.0000000000000000e+02,"04/27/23 00:00:00",6.2000000000000000e+01,"07/21/23 00:00:00",0,0,0.0000000000000000e+00,"m","I"
"576PDVS2",111,"P0003578",,"SUMINISTRO, TRANSPORTE Y COLOCACION DE TUBERIA DE PVC, D=4"" 110mm COLGANTE PARA AGIAS DE LLUVIA",5.0609999999999999e+01,1.4400000000000000e+03,1.0000000000000000e+02,"04/27/23 00:00:00",1.5000000000000000e+01,"05/17/23 00:00:00",0,0,0.0000000000000000e+00,"ML","I"
"576PDVS2",112,"P0001217",,"TUBERIA PARA VENTILACION, DE PVC LIVIANO e=1.8mm, DIAMETRO 2"" (51mm) . EMBUTIDA O ENTERRADA. INCLUYE CONEXIONES. ",1.7879999999999999e+01,5.3052799999999997e+03,2.5000000000000000e+01,"04/27/23 00:00:00",2.1300000000000000e+02,"02/19/24 00:00:00",0,0,0.0000000000000000e+00,"m","I"
"576PDVS2",113,"P0001250",,"PUNTOS DE AGUAS RESIDUALES, DE PVC, DIAMETRO 2"" (51mm), e=3.2mm EMBUTIDA O ENTERRADA. INCLUYE CONEXIONES. ",2.2780000000000001e+01,5.7600000000000000e+03,2.5000000000000000e+01,"04/27/23 00:00:00",2.3100000000000000e+02,"03/14/24 00:00:00",0,0,0.0000000000000000e+00,"pto","I"
"576PDVS2",114,"P0001251",,"PUNTOS DE AGUAS RESIDUALES, DE PVC, DIAMETRO 4"" (102mm), e=3.2mm EMBUTIDA O ENTERRADA. INCLUYE CONEXIONES. ",3.2689999999999998e+01,1.1520000000000000e+03,2.5000000000000000e+01,"04/27/23 00:00:00",4.7000000000000000e+01,"06/30/23 00:00:00",0,0,0.0000000000000000e+00,"pto","I"
"576PDVS2",115,"P0002930",,"SUMINISTRO, TRANSPORTE Y COLOCACION DE LLAVE DE PASO, TIPO COMPUERTA, DE PVC, DIAMETRO 3/4"" (19mm) .",3.3399999999999999e+01,1.1520000000000000e+03,2.5000000000000000e+01,"04/27/23 00:00:00",4.7000000000000000e+01,"06/30/23 00:00:00",0,0,0.0000000000000000e+00,"pieza","I"
"576PDVS2",116,"P0005841",,"S/T/C DE CENTRO PISO CIRCULAR ESTANDAR, DE BRONCE, PARA TUBO DE DESCARGA EMBUTIDO DE 2"" (51mm) .",1.9640000000000001e+01,3.4560000000000000e+03,4.0000000000000000e+01,"04/27/23 00:00:00",8.7000000000000000e+01,"08/25/23 00:00:00",0,0,0.0000000000000000e+00,"pieza","I"
"576PDVS2",117,"TAPON",,"S/T/C DE TAPON DE REGISTRO, DE BRONCE, PARA TUBO DE DESCARGA EMBUTIDO DE 2"" (51mm) .",1.9640000000000001e+01,2.3040000000000000e+03,4.0000000000000000e+01,"04/27/23 00:00:00",5.8000000000000000e+01,"07/17/23 00:00:00",0,0,0.0000000000000000e+00,"pieza","I"
"576PDVS2",118,"TAPON1",,"S/T/C DE REJILLA DE EXTRACCION DE 4 PULGADAS, DE BRONCE.",3.3250000000000000e+01,1.1520000000000000e+03,8.0000000000000000e+02,"04/27/23 00:00:00",2.0000000000000000e+00,"04/28/23 00:00:00",0,0,0.0000000000000000e+00,"pieza","I"
"576PDVS2",119,"P0001321",,"DUCHA, INCLUYENDO GRUPO MEZCLADOR, POMO  Y REGADERA",1.9750999999999999e+02,1.1520000000000000e+03,3.0000000000000000e+01,"04/27/23 00:00:00",3.9000000000000000e+01,"06/20/23 00:00:00",0,0,0.0000000000000000e+00,"pza","I"
"576PDVS2",120,"P0002986",,"LAVAMANOS  DE 1 LLAVE, BLANCO O COLOR CLARO, DE ANCHO MENOR A 54cm, RECTANGULAR. INCLUYE GRIFERIA,",2.4691999999999999e+02,1.1520000000000000e+03,3.0000000000000000e+01,"04/27/23 00:00:00",3.9000000000000000e+01,"06/20/23 00:00:00",0,0,0.0000000000000000e+00,"pieza","I"
"576PDVS2",121,"P0001303",,"INODORO (SANITARIO) DE ASIENTO, TANQUE, DESCARGA AL PISO, BLANCO O COLOR CLARO, LINEA ECONOMICA CONVENCIONAL. INCLUYE TAPA DE POCETA.",2.4035999999999999e+02,1.1520000000000000e+03,5.0000000000000000e+01,"04/27/23 00:00:00",2.4000000000000000e+01,"05/30/23 00:00:00",0,0,0.0000000000000000e+00,"pza","I"
"576PDVS2",122,"P0001330",,"SUMINISTRO E INSTALACION DE FREGADERO DE UNA PONCHERAS DE ACERO INOXIDABLE. INCLUYE GRIFERIA, LLAVE DE ARRESTO.",2.4517000000000002e+02,5.7600000000000000e+02,3.0000000000000000e+01,"04/27/23 00:00:00",2.0000000000000000e+01,"05/24/23 00:00:00",0,0,0.0000000000000000e+00,"UND","I"
"576PDVS2",123,"P0005453",,"SUMINISTRO, TRANSPORTE E INSTALACION DE EXTRACTORES HELICOIDALES",4.5169999999999999e+02,1.2800000000000000e+02,5.0000000000000000e+00,"04/27/23 00:00:00",2.6000000000000000e+01,"06/01/23 00:00:00",0,0,0.0000000000000000e+00,"UND","I"
"576PDVS2",124,"P0005275",,"SUMINISTRO, TRANSPORTE E INSTALACION DE TANQUE CILINDRICO DE POLIETILENO, AGUAS BLANCAS CAPACIDAD 900 LTS.",2.5960000000000002e+02,5.7600000000000000e+02,2.0000000000000000e+01,"04/27/23 00:00:00",2.9000000000000000e+01,"06/06/23 00:00:00",0,0,0.0000000000000000e+00,"Und.","I"
"576PDVS2",125,"P0005901",,"SUMINISTRO Y COLOCACION DE BATEA DE PLASTICO 1 LLAVES, 1 PONCHERA",1.4109999999999999e+02,5.7600000000000000e+02,1.0000000000000000e+01,"04/27/23 00:00:00",5.8000000000000000e+01,"07/17/23 00:00:00",0,0,0.0000000000000000e+00,"pza","I"
"576PDVS2",126,"P0003579",,"SUMINISTRO, TRANSPORTE Y COLOCACION DE TUBERIA DE HIERRO GALVANIZADO DE D=4"" 110mm , PARA BOMBEROS.",3.5509999999999998e+01,5.0000000000000000e+03,1.5000000000000000e+02,"04/27/23 00:00:00",3.4000000000000000e+01,"06/13/23 00:00:00",0,0,0.0000000000000000e+00,"ML","I"
"576PDVS2",127,"CAJAMED1",,"SUMINISTRO E INSTALACION DE HIDRANTE DE 4"" Y 6""",1.2924100000000001e+03,1.0000000000000000e+01,1.5000000000000000e+01,"04/27/23 00:00:00",6.7000000000000004e-01,"04/27/23 00:00:00",0,0,0.0000000000000000e+00,"pza","I"
"576PDVS2",128,"CAJAMED2",,"SUMINISTRO E INSTALACION DE CAJA Y MANGUERA DE 30 METROS PARA BOMBEROS.",6.0931000000000006e+02,9.6000000000000000e+01,1.5000000000000000e+01,"04/27/23 00:00:00",7.0000000000000000e+00,"05/05/23 00:00:00",0,0,0.0000000000000000e+00,"S.G","I"
