CodPar,Descri,CovPar,UniPar,RenPar,PreUni,UniCanRen,CanPar,Coste,RPC,UniMed
"P0003579","SUMINISTRO, TRANSPORTE Y COLOCACION DE TUBERIA DE HIERRO GALVANIZADO DE D=4"" 110mm , PARA BOMBEROS.","U.414.326.024","ML",1.5000000000000000e+02,3.5509999999999998e+01,"U",1.0000000000000000e+00,0,0.00000000e+00,0
"CAJAMED1","SUMINISTRO E INSTALACION DE HIDRANTE DE 4"" Y 6""","E.782.000.S/C","pza",1.5000000000000000e+01,1.2924099999999999e+03,"U",1.0000000000000000e+00,0,0.00000000e+00,0
"CAJAMED2","SUMINISTRO E INSTALACION DE CAJA Y MANGUERA DE 30 METROS PARA BOMBEROS.","E.782.000.S/C","S.G",1.5000000000000000e+01,6.0931000000000006e+02,"U",1.0000000000000000e+00,0,0.00000000e+00,3
"PAR0985","INSTALACION ELECTRICA DE DE PUNTO PARA ACCESS POINT-POE","E.731.111.515","PTO",2.0000000000000000e+01,5.8519999999999996e+01,"U",1.0000000000000000e+00,0,0.00000000e+00,3
"PAR0986","INSTALACION ELECTRICA DE DE PUNTO 220 PARA AIRES ACONDICIONADOS","E.731.111.S/C","PTO",5.0000000000000000e+01,3.6539999999999999e+01,"U",1.0000000000000000e+00,0,0.00000000e+00,3
"TUBECOBR","TUBERIA DE COBRE DIAMETRO 1/2"" EMBUTIDO. INCLUYE CONEXIONES","E.625.001.013","ML",1.2000000000000000e+02,2.6730000000000000e+01,"U",1.0000000000000000e+00,0,0.00000000e+00,0
"*ALBAÑ52","CONSTRUCCION DE SOBREPISOS ESPESOR 5 CM","E.414.011.450","m2",4.0000000000000000e+02,1.9110000000000003e+01,"U",1.0000000000000000e+00,0,,1
"*ARMRE07","SUMUNISTRO Y TRANSPORTE, PREPARACION Y COLOCACION DE MALLA SOLDADA DE ACERO, PARA INFRAESTRUCTURA.   ","E.351.120.250","Kg.",5.0000000000000000e+02,8.9199999999999999e+00,"U",1.0000000000000000e+00,0,,4
"*CABLE28","I.E CABLE DE COBRE, TRENZADO, REVESTIDO, TTU, CALIBRE 8 AWG (3.71 MM).","E.521.224.037","m",2.5000000000000000e+02,4.2400000000000002e+00,"U",1.0000000000000000e+00,0,,0
"*OBREX30","CONCRETO DE Fc 180 Kg/CM2 A LOS 28 DIAS, PARA LA CONSTRUCCION DE ACERAS Y CUNETAS CORRESPONDIENTES A OBRAS DE SERVICIOS. INCLUYE TRANSPORTE DEL CEMENTO Y AGREGADOS HASTA 50 KM Y EXCLUYE EL REFUERZO METALICO Y EL ENCOFRADO.","E.802.302.015","m3",1.4000000000000000e+01,1.9120000000000002e+02,"U",1.0000000000000000e+00,0,,2
"*OBREX33","CONCRETO DE Fc 180 Kg/CM2 A LOS 28 DIAS, PARA LA CONSTRUCCION DE BROCALES CORRESPONDIENTES A OBRAS DE SERVICIOS. INCLUYE TRANSPORTE DEL CEMENTO Y AGREGADOS HASTA 50 KM Y EXCLUYE EL REFUERZO METALICO Y EL ENCOFRADO.","E.802.303.015","m3",1.4000000000000000e+01,1.8950000000000000e+02,"U",1.0000000000000000e+00,0,,2
"ALBAÑ27","CONSTRUCCION DE REVESTIMIENTO INTERIOR EN PAREDES CON BALDOSAS DE CERAMICAS NACIONAL, ACABADO NATURAL. INCLUYE FRISO BASE.","E.412.110.007","m2",4.0000000000000000e+02,3.1460000000000001e+01,"U",1.0000000000000000e+00,0,,1
"ALBAÑ28","CONSTRUCCION DE REVESTIMIENTO INTERIOR EN PISOS CON BALDOSAS DE CERAMICAS NACIONAL, ACABADO NATURAL. INCLUYE FRISO BASE.","E.412.110.007","m2",6.0000000000000000e+02,3.1450000000000003e+01,"U",1.0000000000000000e+00,0,,1
"BOTE1","BOTE DE CUALQUIER TIPO DE MATERIAL PROVENIENTE DE LAS EXCAVACIONES Y MOVIMIENTO DE TIERRA, A DISTANCIAS MAYORES DE 10 KM","A.130.000.000","M3",1.0000000000000000e+02,6.6399999999999997e+00,"U",1.0000000000000000e+00,0,0.00000000e+00,2
"BREAKER","INSTALACION ELECTRICA DE INTERRUPTOR TERMOMAGNETICO (BREAKER) CON ENCHUFE, 2 POLO, 10 kA ICC, 120/240V, CAPACIDAD  40 A.","E.561.310.020","pza",2.8000000000000000e+01,3.8390000000000001e+01,"U",1.0000000000000000e+00,0,0.00000000e+00,0
"CAJAMED","SUMINISTRO E INSTALACION DE ARMARIO PARA 9 MEDIDORES.","E.782.000.S/C","pza",3.5000000000000000e+01,6.4502999999999997e+02,"U",1.0000000000000000e+00,0,0.00000000e+00,0
"CALBRE3","INSTALACION ELECTRICA DE CABLE DE COBRE, TRENZADO, REVESTIDO, THW, CALIBRE 3/0 AWG(5.89mm).","E.721.223.059","m",1.2000000000000000e+02,2.0020000000000000e+01,"U",1.0000000000000000e+00,0,0.00000000e+00,0
"EDF-0901","SUMINISTRO, TRANSPORTE Y COLOCACION DE PUERTAS PRINCIPAL","EDF-9012","UND",1.4000000000000000e+01,4.2562000000000000e+02,"U",1.0000000000000000e+00,0,0.00000000e+00,3
"EDF-9004","SUMINISTRO, TRANSPORTE, PREPARACION Y COLOCACION DE ACERO DE REFUERZO RAT=2.100 KG/CM2, UTILIZANDO CABILLA DE DIAMETRO DE 1/2 A 7/8"" DE PGDA. PARA SUPERESTRUCTURA ","EDF-9004","Kg.",1.0000000000000000e+03,4.1000000000000005e+00,"U",1.0000000000000000e+00,0,0.00000000e+00,4
"ESTRUC27","S/I DE ESTRUCTURA DE HIERRO DE 27´, SECC 6-5-4, PARA POSTES DE ALTA TENSION.","E.S/C.011","UND",1.0000000000000000e+01,2.7293500000000004e+03,"U",1.0000000000000000e+00,0,0.00000000e+00,3
"FEFF","S/I DE SECCIONAMIENTO DE BANCO DE TRANSFORMACION TRIFASICO AEREO.","U.S/C","UND",2.0000000000000000e+00,2.6486000000000001e+02,"U",1.0000000000000000e+00,0,0.00000000e+00,3
"HERRE20","SUMINISTRO, TRANSPORTE Y COLOCACION DE PUERTA DE HIERRO, DE 0,70X2,10 METROS. INCLUYE CERRADURA.","E.437.057.211","UND",5.0000000000000000e+00,3.7910000000000002e+02,"U",1.0000000000000000e+00,0,,3
"LAI490","REPLANTEO AUXILIAR DE CLOACAS.","U341000000","ml",4.0000000000000000e+02,3.0899999999999999e+00,"U",1.0000000000000000e+00,0,,0
"LAI499","CONSTRUCCION DE BASE DE PIEDRA PICADA CORRESPONDIENTE A OBRAS PREPARATIVAS.","U391000000","m3",4.0000000000000000e+01,6.3430000000000000e+01,"U",1.0000000000000000e+00,0,,2
"LAI530","SUMINISTRO Y COLOC. DE EMPOTRAMIENTO TIPO I, COMPUESTO POR CORTE YEE 6"" CODO 45I D= 6""(CL-C-65), A COLECTOR.(INCLUYE TANQUILLA, TAPA  Y TUBERIA)","U500000062","pza",3.0000000000000000e+00,6.6754999999999995e+02,"U",1.0000000000000000e+00,0,,3
"LAI531","REPLANTEO AUXILIAR DE ACUEDUCTOS","US/C","ml",3.3500000000000000e+02,3.0900000000000003e+00,"U",1.0000000000000000e+00,0,,0
"LIC006","CONSTRUCCION DE TOMAS DOMICILIARIAS D = 1/2"". INCLUYE COLOCACION DE ABRAZADERAS, ADAPTADOR MACHO ROSCADO, CAJA TRONCOCONICA Y LLAVE PASO","ES/C","pza",1.2000000000000000e+01,5.9300000000000004e+01,"U",1.0000000000000000e+00,0,,3
"OBREX30","PAISAJISMO CON ARBUSTOS, PLANTAS DECORATIVAS  Y PIEDRA PARA AREAS EXTERIORES.","E.811.410.110","m2",6.0000000000000000e+01,6.9819999999999993e+01,"U",1.0000000000000000e+00,0,,1
"P0000035","REPLANTEO DE COORDENADAS PARA UBICACION DE ELEMENTOS CONSTRUCTIVOS EN OBRA.","E.012.400.000","M2",2.0000000000000000e+04,4.6999999999999997e-01,"U",1.0000000000000000e+00,0,0.00000000e+00,1
"P0000110","DEFORESTACION LIVIANA Y LIMPIEZA PARA TERRACEO (RASTROJOS, VEGETACION BAJA EN GENERAL, CON ALTURA INFERIOR A 8m), EN AREAS COMPRENDIDAS ENTRE 1 Y 5 HECTAREAS. INCLUYE DESRAIZAMIENTO Y ELIMINACION DE TRINCHERAS ","E.121.400.000","ha",3.0000000000000004e-01,2.3065099999999998e+03,"U",1.0000000000000000e+00,0,0.00000000e+00,0
"P0000147","CARGA A MANO DE MATERIAL PROVENIENTE DE LA PREPARACION DEL SITIO","E.136.010.000","m3",8.0000000000000000e+01,7.5400000000000000e+00,"U",1.0000000000000000e+00,0,0.00000000e+00,2
"P0000160","EXCAVACION EN TIERRA A MANO PARA ASIENTO DE FUNDACIONES, ZANJAS, ETC. HASTA PROFUNDIDADES COMPRENDIDAS ENTRE 0m Y 1,50m","E.311.110.150","m3",5.0000000000000000e+01,1.1230000000000000e+01,"U",1.0000000000000000e+00,0,0.00000000e+00,2
"P0000164","EXCAVACION EN TIERRA CON USO DE EQUIPO RETROEXCAVADOR PARA ASIENTO DE FUNDACIONES, ZANJAS, ETC. INCLUYE REPERFILAMIENTO A MANO ","E.311.310.000","m3",6.0000000000000000e+01,2.1379999999999999e+01,"U",1.0000000000000000e+00,0,0.00000000e+00,0
"P0000173","COMPACTACION DE RELLENOS CON APISONADORES DE PERCUSION, CORRESPONDIENTE A LOS ASIENTOS DE FUNDACIONES, ZANJAS, ETC ","E.317.000.000","m3",5.0000000000000000e+01,2.2660000000000000e+01,"U",1.0000000000000000e+00,0,0.00000000e+00,0
"P0000176","CONSTRUCCION DE BASE DE PIEDRA PICADA CORRESPONDIENTE A OBRAS PREPARATIVAS.","E.319.100.000","m3",3.0000000000000000e+01,6.5450000000000003e+01,"U",1.0000000000000000e+00,0,0.00000000e+00,2
"P0000211","CONCRETO DE Fc 200 kgf/cm2 A LOS 28 DIAS, ACABADO CORRIENTE, PARA LA CONSTRUCCION DE ESCALERAS.","E.325.000.120","m3",1.6000000000000000e+01,2.5544000000000000e+02,"U",1.0000000000000000e+00,0,0.00000000e+00,0
"P0000645","SUMINISTRO, PREPARACION Y COLOCACION DE ACERO DE REFUERZO RAT=2.100 kg/cm2, UTILIZANDO CABILLA DE DIAMETRO IGUAL O INFERIOR A 1/2"" EN INFRAESTRUCTURA","E.351.110.210","kgf",1.0000000000000000e+03,4.1299999999999999e+00,"U",1.0000000000000000e+00,0,0.00000000e+00,0
"P0000647","SUMINISTRO, PREPARACION Y COLOCACION DE ACERO DE REFUERZO RAT=2.100 kg/cm2, UTILIZANDO CABILLA DE DIAMETRO IGUAL O INFERIOR A 3/8"" EN SUPERESTRUCTURA","E.351.110.210","kgf",1.0000000000000000e+03,4.0400000000000000e+00,"U",1.0000000000000000e+00,0,0.00000000e+00,0
"P0000648","SUMINISTRO, PREPARACION Y COLOCACION DE MALLA SOLDADA DE ACERO PARA REFUERZO EN LOSAS DE FUNDACION DE 6 MM 10 X10","E.351.200.250","M2",5.0000000000000000e+02,1.0230000000000000e+01,"U",1.0000000000000000e+00,0,0.00000000e+00,1
"P0000653","SUMINISTRO, PREPARACION Y COLOCACION DE MALLA RIGIDA DE 6 MM, DE 10 X 10 PARA REFUERZO DE MUROS PORTANTES Y LOSAS DE ENTREPISO.","E.S/C","M2.",1.9000000000000000e+03,1.0539999999999999e+01,"U",1.0000000000000000e+00,0,0.00000000e+00,1
"P0000696","CONSTRUCCION DE PAREDES DE BLOQUES HUECOS DE ARCILLA, ACABADO CORRIENTE, e=15cm NO INCLUYE MACHONES, DINTELES Y BROCALES ","E.411.011.015","m2",4.5000000000000000e+01,2.3329999999999998e+01,"U",1.0000000000000000e+00,0,0.00000000e+00,0
"P0000726","CONSTRUCCION DE REVESTIMIENTO EN PAREDES CON MORTERO A BASE DE CAL, ACABADO LISO. INCLUYE FRISO BASE","E.412.102.003","m2",1.0000000000000000e+03,7.2999999999999998e+00,"U",1.0000000000000000e+00,0,0.00000000e+00,0
"P0000738","CONSTRUCCION DE REVESTIMIENTO EN TECHOS CON MORTERO A BASE DE CAL, ACABADO LISO, INCLUYE FRISO BASE","E.412.202.003","m2",2.8800000000000000e+02,1.6280000000000001e+01,"U",1.0000000000000000e+00,0,0.00000000e+00,0
"P0000822","IMPERMEABILIZACION EN TECHOS CON PINTURA ASFALTICA","E.420.800.104","m2",1.5000000000000000e+02,1.9719999999999999e+01,"U",1.0000000000000000e+00,0,0.00000000e+00,0
"P0000849","SUMINISTRO, TRANSPORTE Y COLOCACION DE MARCOS DE CHAPA DOBLADA DE HIERRO, PARA PUERTAS  EN PAREDES DE 10cm DE ESPESOR.","E.437.071.110","UND",5.0000000000000000e+01,1.1083000000000000e+02,"U",1.0000000000000000e+00,0,0.00000000e+00,3
"P0000855","SUMINISTRO, TRANSPORTE Y COLOCACION DE PUERTAS DE MADERA ENTAMBORADA O DE PVC, TIPO BATIENTE","E.447.011.231","UND",9.0000000000000000e+01,1.6369999999999999e+02,"U",1.0000000000000000e+00,0,0.00000000e+00,3
"P0000896","BARNIZ EN PUERTAS DE MADERA. INCLUYENDO FONDO SELLADOR. ","E.462.000.702","m2",4.0000000000000000e+02,1.1660000000000000e+01,"U",1.0000000000000000e+00,0,0.00000000e+00,0
"P0000904","PINTURA DE CAUCHO EN PAREDES","E.463.100.503","m2",1.2000000000000000e+03,1.0630000000000001e+01,"U",1.0000000000000000e+00,0,0.00000000e+00,0
"P0000909","CERRADURA DE POMO, ACABADO CROMO BRILLANTE, CILINDRO FIJO, SIN CERROJO, PESTILLO SIMPLE. POMO EXTERIOR CON LLAVE. POMO INTERIOR CON BOTON ","E.471.321.240","pza",8.0000000000000000e+01,3.5090000000000003e+01,"U",1.0000000000000000e+00,0,0.00000000e+00,0
"P0000930","INSTALACION ELECTRICA DE TUBERIA PLASTICA RIGIDA LIVIANA, PVC, EMBUTIDA. DIAMETRO 1"" (25mm) . ","E.511.111.025","m",6.8000000000000000e+01,8.1500000000000004e+00,"U",1.0000000000000000e+00,0,0.00000000e+00,0
"P0000935","INSTALACION ELECTRICA DE TUBERIA PLASTICA RIGIDA LIVIANA, PVC, EMBUTIDA. DIAMETRO 1/2"" (13mm).","E.511.113.013","m",2.0000000000000000e+02,7.1600000000000001e+00,"U",1.0000000000000000e+00,0,0.00000000e+00,0
"P0000936","INSTALACION ELECTRICA DE TUBERIA PLASTICA RIGIDA LIVIANA, PVC, EMBUTIDA. DIAMETRO 3/4"" (13mm).","E.511.113.013","m",5.4000000000000000e+01,1.6960000000000001e+01,"U",1.0000000000000000e+00,0,0.00000000e+00,0
"P0001013","INSTALACION ELECTRICA DE CAJETIN METALICO, SALIDAS 1/2-3/4"", PROFUNDIDAD 1-1/2"", OCTOGONALES 4"" (10.2cm) . ","E.531.210.010","pza",4.0000000000000000e+01,8.8200000000000003e+00,"U",1.0000000000000000e+00,0,0.00000000e+00,0
"P0001017","INSTALACION ELECTRICA DE CAJETIN PLASTICO PVC, SALIDA 1/2"", PROFUNDIDAD 1-1/2"", RECTANGULAR 2x4"" (5.10x10.20 cm) ","E.532.110.510","PIEZA",4.0000000000000000e+01,6.5700000000000003e+00,"U",1.0000000000000000e+00,0,0.00000000e+00,0
"P0001042","INSTALACION ELECTRICA DE INTERRUPTORES (SWITCHES) COMBINABLES SIMPLES, CON TAPA DE PLASTICO, PUENTE Y TORNILLOS, 10 A. ","E.541.211.110","pza",5.0000000000000000e+01,2.4090000000000000e+01,"U",1.0000000000000000e+00,0,0.00000000e+00,0
"P0001049","INSTALACION ELECTRICA DE TOMACORRIENTES CON TAPA PLASTICA, PUENTE Y TORNILLOS, SENCILLO, UNA (1) FASE, 20 A. ","E.542.211.120","pza",5.0000000000000000e+01,2.3460000000000001e+01,"U",1.0000000000000000e+00,0,0.00000000e+00,0
"P0001053","INSTALACION ELECTRICA DE TABLERO METALICO CONVERTIBLE, EMBUTIDO, CON PUERTA, 2 FASES + NEUTRO, 8 CIRCUITOS, BARRAS DE 125 AMP. NO INCLUYE INTERRUPTOR TERMOMAGNETICO (BREAKER).","E.551.121.212","pza",2.0000000000000000e+01,1.2928999999999999e+02,"U",1.0000000000000000e+00,0,0.00000000e+00,0
"P0001171","TUBERIA DE AGUAS CLARAS, DE PVC  PARA AGUA FRIA, DIAMETRO 1/2"" (13mm), ASTM, EMBUTIDA O ENTERRADA. INCLUYE CONEXIONES.","E.611.091.013","m",3.5000000000000000e+01,1.3430000000000000e+01,"U",1.0000000000000000e+00,0,0.00000000e+00,0
"P0001172","TUBERIA DE AGUAS CLARAS, DE PVC ASTM SOLDADA PARA AGUA FRIA, DIAMETRO 3/4"" (19mm), ASTM, EMBUTIDA O ENTERRADA. INCLUYE CONEXIONES. ","E.611.091.019","m",1.5000000000000000e+02,1.6700000000000003e+01,"U",1.0000000000000000e+00,0,0.00000000e+00,0
"P0001173","TUBERIA DE AGUAS CLARAS, DE PVC ASTM SOLDADA PARA AGUA FRIA, DIAMETRO 1"" (25mm), ASTM, EMBUTIDA O ENTERRADA. INCLUYE CONEXIONES. ","E.611.091.025","m",7.0000000000000000e+01,1.4200000000000001e+01,"U",1.0000000000000000e+00,0,0.00000000e+00,0
"P0001209","TUBERIA DE AGUAS RESIDUALES, PVC, DIAMETRO 2"" (51mm), e=3.2mm EMBUTIDA O ENTERRADA. INCLUYE CONEXIONES. ","E.612.081.051","m",1.5000000000000000e+02,1.4230000000000000e+01,"U",1.0000000000000000e+00,0,0.00000000e+00,0
"P0001211","TUBERIA DE AGUAS RESIDUALES, PVC, DIAMETRO 4"" (102mm), e=3.2mm EMBUTIDA O ENTERRADA. INCLUYE CONEXIONES. ","E.612.081.102","m",2.0000000000000000e+02,2.1680000000000000e+01,"U",1.0000000000000000e+00,0,0.00000000e+00,0
"P0001217","TUBERIA PARA VENTILACION, DE PVC LIVIANO e=1.8mm, DIAMETRO 2"" (51mm) . EMBUTIDA O ENTERRADA. INCLUYE CONEXIONES. ","E.613.071.051","m",2.5000000000000000e+01,1.7879999999999999e+01,"U",1.0000000000000000e+00,0,0.00000000e+00,0
"P0001250","PUNTOS DE AGUAS RESIDUALES, DE PVC, DIAMETRO 2"" (51mm), e=3.2mm EMBUTIDA O ENTERRADA. INCLUYE CONEXIONES. ","E.622.051.051","pto",2.5000000000000000e+01,2.2780000000000001e+01,"U",1.0000000000000000e+00,0,0.00000000e+00,0
"P0001251","PUNTOS DE AGUAS RESIDUALES, DE PVC, DIAMETRO 4"" (102mm), e=3.2mm EMBUTIDA O ENTERRADA. INCLUYE CONEXIONES. ","E.622.051.102","pto",2.5000000000000000e+01,3.2689999999999998e+01,"U",1.0000000000000000e+00,0,0.00000000e+00,0
"P0001303","INODORO (SANITARIO) DE ASIENTO, TANQUE, DESCARGA AL PISO, BLANCO O COLOR CLARO, LINEA ECONOMICA CONVENCIONAL. INCLUYE TAPA DE POCETA.","E.662.111.111","pza",5.0000000000000000e+01,2.4035999999999999e+02,"U",1.0000000000000000e+00,0,0.00000000e+00,0
"P0001321","DUCHA, INCLUYENDO GRUPO MEZCLADOR, POMO  Y REGADERA","E.667.120.031","pza",3.0000000000000000e+01,1.9750999999999999e+02,"U",1.0000000000000000e+00,0,0.00000000e+00,0
"P0001367","CONCRETO Fc 200 kgf/cm2 A LOS 28 DIAS, PARA LA CONSTRUCCION DE CAMINERIAS, CORRESPONDIENTE A OBRAS DE SERVICIO","E.802.303.020","m3",8.6000000000000000e+01,2.2645000000000002e+02,"U",1.0000000000000000e+00,0,0.00000000e+00,0
"P0001661","SUMINISTRO TRANSPORTE Y COLOCACION DE POLVILLO PARA OBRAS DE DRENAJE.","E.S/C","m3",4.5000000000000000e+01,3.0649999999999999e+01,"U",1.0000000000000000e+00,0,0.00000000e+00,2
"P0002002","COMPACTACION DE RELLENOS CON APISONADORES DE PERCUSION, CORRESPONDIENTE A LOS ASIENTOS DE FUNDACIONES, ZANJAS, ETC. ","M.317.000.000","m3",3.7500000000000000e+01,3.0129999999999999e+01,"U",1.0000000000000000e+00,0,0.00000000e+00,0
"P0002329","ENCOFRADO DE MADERA TIPO RECTO, ACABADO CORRIENTE EN CAMINERIAS, INCLUYENDO MACIZADOS","M.342.010.113","m2",1.2000000000000000e+02,5.1540000000000006e+01,"U",1.0000000000000000e+00,0,0.00000000e+00,0
"P0002330","ENCOFRADO DE MADERA TIPO RECTO, ACABADO CORRIENTE EN LOSAS, INCLUYENDO MACIZADOS","M.342.010.113","m2",4.0000000000000000e+01,6.8839999999999989e+01,"U",1.0000000000000000e+00,0,0.00000000e+00,0
"P0002544","SUMINISTRO, TRANSPORTE Y COLOCACION DE VENTANAS CORREDERAS DE PERFILES DE PVC. INCLUYE EL VIDRIO.","M.437.023.231","UND",1.0000000000000000e+02,1.1858000000000000e+02,"U",1.0000000000000000e+00,0,0.00000000e+00,3
"P0002673","INSTALACION ELECTRICA DE CABLE DE COBRE, TRENZADO, REVESTIDO, TW, CALIBRE 12 AWG (2.32mm) . ","M.521.222.023","m",1.0000000000000000e+03,2.8700000000000001e+00,"U",1.0000000000000000e+00,0,0.00000000e+00,0
"P0002674","INSTALACION ELECTRICA DE CABLE DE COBRE, TRENZADO, REVESTIDO, TW, CALIBRE 14 AWG","M.521.222.023","m",2.8000000000000000e+02,2.1699999999999999e+00,"U",1.0000000000000000e+00,0,0.00000000e+00,0
"P0002930","SUMINISTRO, TRANSPORTE Y COLOCACION DE LLAVE DE PASO, TIPO COMPUERTA, DE PVC, DIAMETRO 3/4"" (19mm) .","M.631.010.019","pieza",2.5000000000000000e+01,3.3399999999999999e+01,"U",1.0000000000000000e+00,0,0.00000000e+00,0
"P0002986","LAVAMANOS  DE 1 LLAVE, BLANCO O COLOR CLARO, DE ANCHO MENOR A 54cm, RECTANGULAR. INCLUYE GRIFERIA,","M.661.110.111","pieza",3.0000000000000000e+01,2.4691999999999999e+02,"U",1.0000000000000000e+00,0,0.00000000e+00,0
"P0003174","PENDIENTE EN CONCRETO F´C 180KG/CM 2, E=5 CM, EN TECHOS.","M.802.301.S/C","M2",1.8000000000000000e+02,1.9000000000000000e+01,"U",1.0000000000000000e+00,0,0.00000000e+00,1
"P0003198","SUMINISTRO, TRANSPORTE Y COLOCACION DE CILINDRO PARA BOCA DE VISITA M DE 1.22m DE DIAMETRO. ","M.804.300.122","m",2.0000000000000000e+00,7.1462000000000000e+02,"U",1.0000000000000000e+00,0,0.00000000e+00,0
"P0003576","SUMINISTRO, TRANSPORTE Y COLOCACION DE TUBERIA DE PVC, CLASE AB, D=4"" 110mm E-JA ","U.414.326.024","m",1.0000000000000000e+02,5.0609999999999999e+01,"U",1.0000000000000000e+00,0,0.00000000e+00,0
"P0003606","SUMINISTRO Y TRANSPORTE DE TEE PVC DE 110x110mm CLASE AC JA-JA-JA ","U.420.463.043","PZA",1.0000000000000000e+01,9.3849999999999994e+01,"U",1.0000000000000000e+00,0,0.00000000e+00,0
"P0003641","SUMINISTRO Y TRANSPORTE DE TAPON MACHO DE PVC D=110mm (4"") CLASE AC JA ","U.420.963.024","PZA",1.0000000000000000e+01,7.3280000000000001e+01,"U",1.0000000000000000e+00,0,0.00000000e+00,0
"P0003820","PERCHA DE 5  AISLADORES DE BT, ARREGLO EN PASO.","U.622.110.011","PIEZA",2.6000000000000000e+01,3.6412000000000000e+02,"U",1.0000000000000000e+00,0,0.00000000e+00,3
"P0003821","PERCHA DE 5  AISLADORES DE BT, ARREGLO EN TERMINAL","U.622.110.011","PIEZA",2.2000000000000000e+01,3.6728000000000003e+02,"U",1.0000000000000000e+00,0,0.00000000e+00,3
"P0003897","PINTURA DE ESMALTE EN POSTE BT 27""","U.694.100.000","pza",1.0000000000000000e+01,1.2098999999999999e+02,"U",1.0000000000000000e+00,0,0.00000000e+00,0
"P0003898","PINTURA DE ESMALTE EN POSTE BT 37""","U.694.100.000","pza",1.0000000000000000e+01,1.1413000000000000e+02,"U",1.0000000000000000e+00,0,0.00000000e+00,0
"P0003997","TRANSPORTE DE MAQUINARIA PESADA PARA LA PREPARACION DEL SITIO, DRENAJES, MOVIMIENTO DE TIERRA, BASES, ASFALTOS, CON PESO DE 10 A 30 T. POR MAQUINARIA. ","U.901.010.000","tfxkm",5.0000000000000000e+02,1.8700000000000001e+00,"U",1.0000000000000000e+00,0,0.00000000e+00,0
"P0004757","SUMINISTRO TRANSPORTE Y COLOCACION DE MARCO Y TAPA DE HIERRO FUNDIDO PESADO PARA BOCA DE VISITA ","C.200.400.101","und",5.0000000000000000e+00,4.1731000000000000e+02,"U",1.0000000000000000e+00,0,0.00000000e+00,0
"P0004769","CONSTRUCCION DE BASES DE CONCRETO PARA BOCAS DE VISITA PREFABRICADAS, INCLUYE EL TRANSPORTE DEL CEMENTO Y AGREGADOS HASTA 50km EXCLUYE EL REFUERZO METALICO. ","C.200.400.400","m3",1.0000000000000000e+01,2.6931999999999999e+02,"U",1.0000000000000000e+00,0,0.00000000e+00,0
"P0005133","INSTALACION ELECTRICA DE INTERRUPTOR TERMOMAGNETICO (BREAKER) CON ENCHUFE, 1 POLO, 10 kA ICC, 120/240V, CAPACIDAD 20 A.","E.561.310.020","pza",2.8000000000000000e+01,2.1849999999999998e+01,"U",1.0000000000000000e+00,0,0.00000000e+00,0
"P0005222","PUNTO DE GAS TUBERIA DE COBRE DIAMETRO 1/2"" EMBUTIDO. INCLUYE CONEXIONES ","E.625.001.013","PTO",1.0000000000000000e+01,1.2170000000000000e+02,"U",1.0000000000000000e+00,0,0.00000000e+00,0
"P0005275","SUMINISTRO, TRANSPORTE E INSTALACION DE TANQUE CILINDRICO DE POLIETILENO, AGUAS BLANCAS CAPACIDAD 900 LTS.","E.707.731.416","Und.",2.0000000000000000e+01,2.5960000000000002e+02,"U",1.0000000000000000e+00,0,0.00000000e+00,3
"P0005453","SUMINISTRO, TRANSPORTE E INSTALACION DE EXTRACTORES HELICOIDALES","E.718.111.152","UND",5.0000000000000000e+00,4.5169999999999999e+02,"U",1.0000000000000000e+00,0,0.00000000e+00,3
"P0005708","CAJA DE CONTROL DE ALUMBRADO DE 2x60 ","E.782.000.000","pza",3.5000000000000000e+01,1.0384400000000001e+03,"U",1.0000000000000000e+00,0,0.00000000e+00,0
"P0005722","SUMINISTRO, TRANSPORTE Y COLOCACION DE CONOS DE DIAMETROS O.61m Y 1.22m Y ALTURA UTIL DE 1.00m, PARA BOCA DE VISITA.","E.804.400.612","pza",3.0000000000000000e+00,5.9575999999999999e+02,"U",1.0000000000000000e+00,0,0.00000000e+00,0
"P0005815","CONCRETO PREMEZCLADO DE f´c 250 kgf/cm2 A LOS 28 DIAS, ASENTAMIENTO 7"", CON BOMBA ACABADO CORRIENTE, PARA MUROS PORTANTES Y TECHOS PLANOS.","E.331.100.S/C","m3",9.0000000000000000e+01,2.2762000000000000e+02,"U",1.0000000000000000e+00,0,0.00000000e+00,2
"P0005841","S/T/C DE CENTRO PISO CIRCULAR ESTANDAR, DE BRONCE, PARA TUBO DE DESCARGA EMBUTIDO DE 2"" (51mm) .","M.669.321.051","pieza",4.0000000000000000e+01,1.9640000000000001e+01,"U",1.0000000000000000e+00,0,0.00000000e+00,0
"P0005853","CONSTRUCCION DE RELLENO CON MATERIAL MEJORADO COMPACTADO CON EQUIPOS DE PERCUCION.","M.230.000.S/C","m3",1.0000000000000000e+03,1.5190000000000000e+01,"U",1.0000000000000000e+00,0,0.00000000e+00,2
"P0005858","EXCAVACION DE CUALQUIER TIPO DE MATERIAL, CON EMPLEO DE TRACTOR Y EQUIPO CARGADOR, CARGA, TRANSPORTE HASTA 200m DE DISTANCIA Y DESCARGA.","C.100.300.101","M3",4.5000000000000000e+02,5.3500000000000005e+00,"U",1.0000000000000000e+00,0,0.00000000e+00,0
"P0005861","S/I DE POSTE DE HIERRO DE37´, SECC 6-5-4","E.S/C.009","UND",6.0000000000000000e+00,1.9783600000000001e+03,"U",1.0000000000000000e+00,0,0.00000000e+00,3
"P0005862","S/I DE ESTRUCTURA DE HIERRO DE 37´, SECC 6-5-4, PARA POSTES DE ALTA TENSION.","E.S/C.011","UND",1.0000000000000000e+01,2.6936799999999998e+03,"U",1.0000000000000000e+00,0,0.00000000e+00,3
"P0005864","SUMINISTRO Y COLOCACION DE CRUCETA DOBLE EN HIERRO GALVANIZADO, EN LINEA TERMINAL TRIFASICA, L=1.80m (75mmx75mmx8mm) INCLUYE EL TRANSPORTE","U.621.111.436","pza",2.0000000000000000e+01,1.5621500000000001e+03,"U",1.0000000000000000e+00,0,0.00000000e+00,0
"P0005865","SUMINISTRO Y COLOCACION DE CRUCETA DE 1.80m EN PASO DE LINEA TRIFASICA.","U.621.111.436","UND",2.0000000000000000e+01,1.2598199999999999e+03,"U",1.0000000000000000e+00,0,0.00000000e+00,3
"P0005866","S/I DE SECCIONAMIENTO DE LINEA DE ALTA TENSION TRIFASICA, EN POSTE.","U.S/C","UND",4.0000000000000000e+01,9.2600000000000009e+01,"U",1.0000000000000000e+00,0,0.00000000e+00,3
"P0005868","SUMINISTRO Y COLOCACION DE BANCO DE TRES TRANSFORMADORES MONOFASICOS DE 50 KVA, 13.800/240 120VOLT. INCLUYE EL TRANSPORTE.","E.S/C.013","UND",3.0000000000000000e+00,1.3353309999999999e+04,"U",1.0000000000000000e+00,0,0.00000000e+00,3
"P0005872","INSTALACION ELECTRICA DE CABLE DE COBRE TRENZADO REVESTIDO CALIBRE 2/0 AWG, 15 KV.","E.521.223.134","M",5.5000000000000000e+01,1.6140000000000001e+01,"U",1.0000000000000000e+00,0,0.00000000e+00,0
"P0005888","SUMINISTRO Y COLOCACION DE TANQUILLA TIPO E2 SEGUN NORMA DE CORPOELC. INCLUYE TAPA PARA TANQUILLA.","E.S/C","UND",2.0000000000000000e+01,2.8141000000000003e+02,"U",1.0000000000000000e+00,0,0.00000000e+00,3
"P0005893","S/C DE BANCADA DE BAJA TENSION TIPO B1C1 SEGUN NORMA DE CORPOELC","E.S.C","ML",3.5000000000000000e+01,6.5079999999999998e+01,"U",1.0000000000000000e+00,0,0.00000000e+00,0
"P0005894","SUMINISTRO, TRANSPORTE E INSTALACION DE LAMPARA TIPO M400, CON BOMBILLO DE V/S DE 250 W Y BRAZO DE 2.1 M","E.S/C","UND",1.5000000000000000e+01,2.2025000000000000e+02,"U",1.0000000000000000e+00,0,0.00000000e+00,3
"P0005895","SUMINISTRO Y COLOCACION DE CONDUCTOR ARVIDAL No. 2/0. INCLUYE EL TRANSPORTE","U.641.111.110","ml",2.0000000000000000e+03,1.2579999999999998e+01,"U",1.0000000000000000e+00,0,0.00000000e+00,0
"P0005896","S/I DE POSTE DE HIERRO DE27´, SECC 6-5-4","E.S/C.009","UND",3.0000000000000000e+00,1.8173100000000002e+03,"U",1.0000000000000000e+00,0,0.00000000e+00,3
"P0005901","SUMINISTRO Y COLOCACION DE BATEA DE PLASTICO 1 LLAVES, 1 PONCHERA","E.667.320.S/C","pza",1.0000000000000000e+01,1.4109999999999999e+02,"U",1.0000000000000000e+00,0,0.00000000e+00,0
"P0005902","ENCOFRADO DE MOLDES PARA COLADO MONOLITICO DE MUROS, MARCA WESTERN FORMS O SIMILAR, PARA MURO Y LOSAS DE ENTREPISO Y TECHO","E.342.s/c","m2",1.0000000000000000e+03,8.5899999999999999e+00,"U",1.0000000000000000e+00,0,0.00000000e+00,1
"P0005904","CONCRETO DE f´c 250 kgf/cm2 A LOS 28 DIAS, ASENTAMIENTO 5"",  ACABADO CORRIENTE, PARA LOSAS DE FUNDACION.","E.331.100.S/C","m3",6.5000000000000000e+01,2.4221999999999997e+02,"U",1.0000000000000000e+00,0,0.00000000e+00,2
"PAR0942","SUMINISTRO, TRANSPORTE E INSTALACION DE LAMPARAS EN PAREDES","E.581.113.630","Pieza",4.0000000000000000e+01,3.7160000000000004e+01,"U",1.0000000000000000e+00,0,0.00000000e+00,3
"TEGDG","SUMINISTRO Y COLOCACION DE PUESTA A TIERRA DE BANCO DE TRANSPFORMADOR AEREO","E.S/C.025","UND",2.0000000000000000e+00,4.8113000000000005e+02,"U",1.0000000000000000e+00,0,0.00000000e+00,3
"UP333","SUMINISTRO, TRANSPORTE Y COLOCACION DE TUBERIA PVC PARA CLOACAS DE PVC DE AGUAS NEGRAS D=  8"" JUNTA DE GOMA AUTOMATICA","U500000049","m",3.0000000000000000e+01,6.3359999999999999e+01,"U",1.0000000000000000e+00,0,,0
"P0000905","PINTURA DE CAUCHO EN TECHOS.","E.463.100.504","m2",8.0000000000000000e+02,1.0200000000000001e+01,"U",1.0000000000000000e+00,0,0.00000000e+00,0
"P0001329","FREGADERO DE DOS PONCHERAS DE ACERO INOXIDABLE CON DOS PONCHERAS. INCLUYE GRIFERIA Y LLAVE DE ARRESTO ","E.667.420.032","pza",4.0000000000000000e+00,1.2680400000000000e+03,"U",1.0000000000000000e+00,0,0.00000000e+00,0
"P0001330","SUMINISTRO E INSTALACION DE FREGADERO DE UNA PONCHERAS DE ACERO INOXIDABLE. INCLUYE GRIFERIA, LLAVE DE ARRESTO.","E.667.420.S/C","UND",3.0000000000000000e+01,2.4517000000000002e+02,"U",1.0000000000000000e+00,0,0.00000000e+00,3
"CARPI08","SUMINISTRO, TRANSPORTE E INSTALACION DECLOSET DE MADERA EN MEALMINA , SEGUN DISEÑO, INCLUYE MANILLAS.","E.447.S/C","ML",1.5000000000000000e+01,1.9123099999999999e+03,"U",1.0000000000000000e+00,0,,0
"CARPI09","SUMINISTRO, TRANSPORTE E INSTALACION DE CLOSET DE MADERA EN MELAMINA, SEGUN DISEÑO, INCLUYE MANILLAS.","E.447.S/C","UND",3.0000000000000000e+01,5.9671000000000004e+02,"U",1.0000000000000000e+00,0,,3
"CARPI10","SUMINISTRO, TRANSPORTE E INSTALACION DE MUEBLE  PARA EMPOTRAR COCINA Y LAVAPLATOS, SEGUN DISEÑO.","E.447.S/C","UND",1.5000000000000000e+01,5.0944000000000005e+02,"U",1.0000000000000000e+00,0,,3
"COCINA","SUMINISTRO, TRANSPORTE E INSTALACION DE TOPE DE COCINA A GAS DE 4 HORNILLAS.","E.718.111.152","UND",5.0000000000000000e+00,1.6075000000000000e+02,"U",1.0000000000000000e+00,0,0.00000000e+00,3
"COCINA1","SUMINISTRO, TRANSPORTE E INSTALACION DE NEVERA ELECTRICA.","E.718.111.152","UND",5.0000000000000000e+00,1.6080000000000001e+02,"U",1.0000000000000000e+00,0,0.00000000e+00,3
"*HERRE17","SUMINISTRO, TRANSPORTE Y COLOCACION DE BARANDAS DE PERFILES DE HIERRO.    ","E.437.057.211","Kg.",5.0000000000000000e+01,2.6299999999999999e+00,"U",1.0000000000000000e+00,0,,4
"HERRE18","SUMINISTRO, TRANSPORTE Y COLOCACION DE BARANDAS DEDE HIERRO, ALTURA 0,90 METROS EN PASILLOS Y ESCALERAS","E.437.057.211","ML",5.0000000000000000e+01,6.4209999999999994e+01,"U",1.0000000000000000e+00,0,,0
"*COMPC01","COMPACTACION DE RELLENO CON APISONADORES DE PERCUCION CORRESPONDIENTE A LA PREPARACION DEL SITIO CON MATERIAL MEJORADO","C.038.100.100","m3",1.5000000000000000e+02,4.8519999999999996e+01,"U",1.0000000000000000e+00,0,,2
"*BACHEO7","SUMINISTRO Y COLOCACION DE CARPETA ASFALTICA UTILIZANDO MEZCLA ASFALTICA EN CALIENTE, TIPO II CON AGREGADOS PROCEDENTES DE CANTERA, PRODUCTO DE VOLADURA Y TRITURACION,IINCLUYE EL TRANSPORTE DE LOS AGREGADOS, Y DELL MATERIAL ASFALTICO DE LA MEZCLA","C.122.500.801","Ton.",1.6000000000000000e+02,1.2742000000000000e+02,"U",1.0000000000000000e+00,0,,3
"*PAVAS01","IMPRIMACION ASFALTICA EMPLEANDO MATERIAL ASFALTICO TIPO.    ","C.120.100.100","m2",3.8000000000000000e+03,7.1200000000000001e+00,"U",1.0000000000000000e+00,0,,1
"TAPON","S/T/C DE TAPON DE REGISTRO, DE BRONCE, PARA TUBO DE DESCARGA EMBUTIDO DE 2"" (51mm) .","M.669.321.051","pieza",4.0000000000000000e+01,1.9640000000000001e+01,"U",1.0000000000000000e+00,0,0.00000000e+00,0
"TAPON1","S/T/C DE REJILLA DE EXTRACCION DE 4 PULGADAS, DE BRONCE.","M.669.321.051","pieza",8.0000000000000000e+02,3.3250000000000000e+01,"U",1.0000000000000000e+00,0,0.00000000e+00,0
"P0003577","SUMINISTRO, TRANSPORTE Y COLOCACION DE TUBERIA DE PVC, CLASE AB, D=4"" 110mm E-JA ","U.414.326.024","m",1.0000000000000000e+02,5.0609999999999999e+01,"U",1.0000000000000000e+00,0,0.00000000e+00,0
"P0003578","SUMINISTRO, TRANSPORTE Y COLOCACION DE TUBERIA DE PVC, D=4"" 110mm COLGANTE PARA AGIAS DE LLUVIA","U.414.326.024","ML",1.0000000000000000e+02,5.0609999999999999e+01,"U",1.0000000000000000e+00,0,0.00000000e+00,0
