CodObr,CodPar,NumPar,CodIns,CanIns,CosIns,Desper,CodFam,Contad,CodAlt
"576PDVS2","P0000035",1,"MATE0415",2.0000000000000001e-01,1.8000000000000000e+00,0.0000000000000000e+00,"01",248186,
"576PDVS2","P0005853",4,"RELLENO",1.0000000000000000e+00,6.0000000000000000e+00,0.0000000000000000e+00,"03",248187,
"576PDVS2","P0005853",4,"TRAN0008",1.0000000000000000e+00,5.0000000000000000e+00,0.0000000000000000e+00,"60",248188,
"576PDVS2","LAI499",6,"APA008",1.0000000000000000e+00,1.7000000000000000e+00,0.0000000000000000e+00,"60",248189,
"576PDVS2","LAI499",6,"MATE1384",1.0000000000000000e+00,3.8000000000000000e+01,5.0000000000000000e+00,"03",248190,
"576PDVS2","*COMPC01",7,"MATERIAL",1.0000000000000000e+00,1.5000000000000000e+01,0.0000000000000000e+00,"02",248191,
"576PDVS2","*BACHEO7",8,"*ASFAL26",1.0000000000000000e+00,7.8000000000000000e+01,0.0000000000000000e+00,"10",248192,
"576PDVS2","*ARMRE07",10,"*ACERO03",1.0000000000000000e+00,5.6600000000000001e+00,1.0000000000000000e+01,"01",248194,
"576PDVS2","*ARMRE07",10,"*ACERO10",1.0000000000000000e-02,1.7900000000000000e+00,0.0000000000000000e+00,"01",248195,
"576PDVS2","P0002329",11,"MATE0578",1.4999999999999999e-01,8.3000000000000000e+01,0.0000000000000000e+00,"01",248196,
"576PDVS2","P0002329",11,"CONTRAE",1.1000000000000001e+00,2.0000000000000000e+01,0.0000000000000000e+00,"04",248197,
"576PDVS2","P0001367",12,"MATE0123",8.0000000000000000e+00,3.8999999999999999e+00,0.0000000000000000e+00,"03",248198,
"576PDVS2","P0001367",12,"MATE0231",6.7249999999999999e-01,3.8000000000000000e+01,5.0000000000000000e+00,"03",248199,
"576PDVS2","P0001367",12,"MATE0083",2.0999999999999999e-01,2.0699999999999998e+00,0.0000000000000000e+00,"03",248200,
"576PDVS2","P0001367",12,"MATE1384",6.4500000000000002e-01,3.8000000000000000e+01,5.0000000000000000e+00,"03",248201,
"576PDVS2","P0001367",12,"CEM010",8.0000000000000000e+00,6.5000000000000000e+00,5.0000000000000000e+00,"02",248202,
"576PDVS2","P0001367",12,"TRANS",1.0000000000000000e+00,1.0000000000000000e+00,0.0000000000000000e+00,"60",248203,
"576PDVS2","*OBREX33",13,"*AGUA",1.6000000000000000e-01,3.0000000000000000e+00,0.0000000000000000e+00,"25",248204,
"576PDVS2","*OBREX33",13,"*AGREG03",5.9999999999999998e-01,3.8000000000000000e+01,0.0000000000000000e+00,"03",248205,
"576PDVS2","*OBREX33",13,"*AGREG01",7.0000000000000000e+00,6.0000000000000000e+00,0.0000000000000000e+00,"02",248206,
"576PDVS2","*OBREX33",13,"*AGREG02",5.9999999999999998e-01,3.8000000000000000e+01,0.0000000000000000e+00,"03",248207,
"576PDVS2","*OBREX30",14,"*AGREG01",7.0000000000000000e+00,6.0000000000000000e+00,0.0000000000000000e+00,"02",248208,
"576PDVS2","*OBREX30",14,"*AGREG02",5.9999999999999998e-01,3.8000000000000000e+01,0.0000000000000000e+00,"03",248209,
"576PDVS2","*OBREX30",14,"*AGREG03",5.9999999999999998e-01,3.8000000000000000e+01,0.0000000000000000e+00,"03",248210,
"576PDVS2","*OBREX30",14,"*AGUA",1.6000000000000000e-01,3.0000000000000000e+00,0.0000000000000000e+00,"25",248211,
"576PDVS2","OBREX30",15,"*TIERRAA",1.0000000000000001e-01,4.9600000000000000e+00,0.0000000000000000e+00,"18",248212,
"576PDVS2","OBREX30",15,"*AGUA",5.0000000000000000e-01,3.0000000000000000e+00,0.0000000000000000e+00,"25",248213,
"576PDVS2","OBREX30",15,"ARBUS",1.0000000000000000e+00,5.0000000000000000e+01,0.0000000000000000e+00,"18",248214,
"576PDVS2","LAI490",16,"CEM002",1.0000000000000000e-02,6.0000000000000000e+00,5.0000000000000000e+00,"02",248215,
"576PDVS2","*PAVAS01",9,"*ASFAL25",1.5000000000000000e+00,3.5000000000000000e+00,0.0000000000000000e+00,"10",248954,
"576PDVS2","LAI490",16,"PIN188",2.0000000000000000e-02,5.0000000000000000e+01,5.0000000000000000e+00,"17",248216,
"576PDVS2","LAI499",19,"APA008",1.0000000000000000e+00,1.7000000000000000e+00,0.0000000000000000e+00,"60",248217,
"576PDVS2","LAI499",19,"MATE1384",1.0000000000000000e+00,3.8000000000000000e+01,5.0000000000000000e+00,"03",248218,
"576PDVS2","P0001661",20,"MATE0232",1.0500000000000000e+00,1.3000000000000000e+01,0.0000000000000000e+00,"03",248219,
"576PDVS2","P0002002",21,"MATE0083",1.0000000000000001e-01,2.0699999999999998e+00,0.0000000000000000e+00,"03",248220,
"576PDVS2","UP333",22,"MT539",3.4799999999999998e-02,1.2000000000000000e+01,5.0000000000000000e+00,"12",248221,
"576PDVS2","UP333",22,"MT970",7.4000000000000003e-03,8.5000000000000000e+01,5.0000000000000000e+00,"12",248222,
"576PDVS2","UP333",22,"MATE2062",1.0000000000000000e+00,3.0000000000000000e+01,0.0000000000000000e+00,"12",248223,
"576PDVS2","UP333",22,"JUNTA",1.0000000000000000e+00,5.0000000000000000e+00,0.0000000000000000e+00,"12",248224,
"576PDVS2","LAI530",23,"MT3549",1.0000000000000000e+00,2.0000000000000000e+01,2.0000000000000000e+00,"05",248225,
"576PDVS2","LAI530",23,"COC083",1.0000000000000000e+00,2.5000000000000000e+01,2.0000000000000000e+00,"05",248226,
"576PDVS2","LAI530",23,"CEM010",5.0000000000000000e+00,6.5000000000000000e+00,5.0000000000000000e+00,"02",248227,
"576PDVS2","LAI530",23,"AGR033",4.0000000000000002e-01,5.0000000000000000e+01,5.0000000000000000e+00,"03",248228,
"576PDVS2","LAI530",23,"AGR001",5.0000000000000000e-01,5.5999999999999996e+00,0.0000000000000000e+00,"03",248229,
"576PDVS2","LAI530",23,"TUBOPVC",1.0000000000000000e+01,2.0000000000000000e+01,0.0000000000000000e+00,"12",248230,
"576PDVS2","LAI530",23,"TAPA",1.0000000000000000e+00,7.5000000000000000e+01,0.0000000000000000e+00,"12",248231,
"576PDVS2","P0004769",24,"MATE0231",4.7249999999999998e-01,3.8000000000000000e+01,0.0000000000000000e+00,"03",248232,
"576PDVS2","P0004769",24,"MATE0083",1.8379999999999999e-01,2.0699999999999998e+00,0.0000000000000000e+00,"03",248233,
"576PDVS2","P0004769",24,"MATE1384",9.4499999999999995e-01,3.8000000000000000e+01,0.0000000000000000e+00,"03",248234,
"576PDVS2","P0004769",24,"CEM010",8.4000000000000004e+00,6.5000000000000000e+00,5.0000000000000000e+00,"02",248235,
"576PDVS2","P0005722",25,"MATE0724",1.0000000000000000e+00,3.5000000000000000e+02,0.0000000000000000e+00,"05",248236,
"576PDVS2","P0005722",25,"MATE1292",2.6400000000000000e-02,1.1000000000000000e+02,0.0000000000000000e+00,"05",248237,
"576PDVS2","P0005722",25,"TRAN1438",1.0000000000000000e+00,1.0000000000000000e+01,0.0000000000000000e+00,"60",248238,
"576PDVS2","P0003198",26,"MATE0569",1.0000000000000000e+00,3.5000000000000000e+02,0.0000000000000000e+00,"05",248239,
"576PDVS2","P0003198",26,"MATE1292",5.2800000000000000e-02,1.1000000000000000e+02,0.0000000000000000e+00,"05",248240,
"576PDVS2","P0003198",26,"TRAN1663",1.0000000000000000e+00,2.0000000000000000e+01,0.0000000000000000e+00,"60",248241,
"576PDVS2","P0004757",27,"MATE1263",1.0000000000000000e+00,2.9500000000000000e+02,0.0000000000000000e+00,"15",248242,
"576PDVS2","P0004757",27,"MATE1292",1.3200000000000000e-02,1.1000000000000000e+02,0.0000000000000000e+00,"05",248243,
"576PDVS2","LAI531",28,"CEM002",1.0000000000000000e-02,6.0000000000000000e+00,5.0000000000000000e+00,"02",248244,
"576PDVS2","LAI531",28,"PIN188",1.0000000000000000e-02,5.0000000000000000e+01,5.0000000000000000e+00,"17",248245,
"576PDVS2","P0000173",30,"MATE0083",1.0000000000000001e-01,2.0699999999999998e+00,0.0000000000000000e+00,"03",248246,
"576PDVS2","P0003576",31,"MATE2079",1.1000000000000001e+00,3.0000000000000000e+01,0.0000000000000000e+00,"12",248247,
"576PDVS2","P0003576",31,"MATE1035",1.4999999999999999e-02,1.2000000000000000e+01,0.0000000000000000e+00,"25",248248,
"576PDVS2","P0003606",32,"MATE0196",3.0000000000000000e+00,6.0000000000000000e+00,0.0000000000000000e+00,"12",248249,
"576PDVS2","P0003606",32,"MATE1035",4.4999999999999998e-02,1.2000000000000000e+01,0.0000000000000000e+00,"25",248250,
"576PDVS2","P0003606",32,"MATE1723",1.0000000000000000e+00,3.5000000000000000e+01,0.0000000000000000e+00,"12",248251,
"576PDVS2","P0003641",33,"MATE0196",1.0000000000000000e+00,6.0000000000000000e+00,0.0000000000000000e+00,"12",248252,
"576PDVS2","P0003641",33,"MATE0953",1.0000000000000000e-04,3.7999999999999998e+00,0.0000000000000000e+00,"09",248253,
"576PDVS2","P0003641",33,"MATE1669",1.0000000000000000e+00,3.2000000000000000e+01,0.0000000000000000e+00,"12",248254,
"576PDVS2","P0003641",33,"MATE1035",1.4999999999999999e-02,1.2000000000000000e+01,0.0000000000000000e+00,"25",248255,
"576PDVS2","LIC006",34,"TUBERIA",1.0000000000000000e+01,1.0000000000000000e+00,0.0000000000000000e+00,"12",248256,
"576PDVS2","LIC006",34,"LLAVE DE",1.0000000000000000e+00,6.5000000000000000e+00,0.0000000000000000e+00,"12",248257,
"576PDVS2","P0005861",35,"MATE0264",1.0000000000000000e+00,4.5000000000000000e+01,0.0000000000000000e+00,"14",248258,
"576PDVS2","P0005861",35,"MATE0687",3.8000000000000000e-01,3.0000000000000000e+01,0.0000000000000000e+00,"14",248259,
"576PDVS2","P0005861",35,"MATE0690",1.0000000000000000e+00,8.8300000000000001e+00,0.0000000000000000e+00,"14",248260,
"576PDVS2","P0005861",35,"MATE1430",1.0000000000000000e+00,1.4240000000000000e+03,0.0000000000000000e+00,"14",248261,
"576PDVS2","P0005862",36,"MATE1007",1.0500000000000001e-02,3.0000000000000000e+01,0.0000000000000000e+00,"17",248262,
"576PDVS2","P0005862",36,"MATE0932",1.4999999999999999e-02,1.1000000000000000e+01,0.0000000000000000e+00,"01",248263,
"576PDVS2","P0005862",36,"MATE0859",5.0000000000000001e-03,9.9800000000000004e+00,0.0000000000000000e+00,"01",248264,
"576PDVS2","P0005862",36,"MATE0943",1.0000000000000000e+00,1.0039999999999999e+01,0.0000000000000000e+00,"24",248265,
"576PDVS2","P0005862",36,"ESTRUC",1.0000000000000000e+00,2.0500000000000000e+03,0.0000000000000000e+00,"14",248266,
"576PDVS2","P0005896",37,"MATE0264",1.0000000000000000e+00,4.5000000000000000e+01,0.0000000000000000e+00,"14",248267,
"576PDVS2","P0005896",37,"MATE0687",3.8000000000000000e-01,3.0000000000000000e+01,0.0000000000000000e+00,"14",248268,
"576PDVS2","P0005896",37,"MATE0690",1.0000000000000000e+00,8.8300000000000001e+00,0.0000000000000000e+00,"14",248269,
"576PDVS2","P0005896",37,"MATE1427",1.0000000000000000e+00,1.1470000000000000e+03,0.0000000000000000e+00,"14",248270,
"576PDVS2","ESTRUC27",38,"MATE1007",5.0000000000000001e-04,3.0000000000000000e+01,0.0000000000000000e+00,"17",248271,
"576PDVS2","ESTRUC27",38,"MATE0932",1.4999999999999999e-02,1.1000000000000000e+01,0.0000000000000000e+00,"01",248272,
"576PDVS2","ESTRUC27",38,"MATE0859",5.0000000000000001e-03,9.9800000000000004e+00,0.0000000000000000e+00,"01",248273,
"576PDVS2","ESTRUC27",38,"MATE0943",1.0000000000000000e+00,1.0039999999999999e+01,0.0000000000000000e+00,"24",248274,
"576PDVS2","ESTRUC27",38,"ESTRUC",1.0000000000000000e+00,2.0500000000000000e+03,0.0000000000000000e+00,"14",248275,
"576PDVS2","P0005864",39,"MATE0006",2.0000000000000000e+00,2.5000000000000000e+01,0.0000000000000000e+00,"14",248276,
"576PDVS2","P0005864",39,"MATE0765",1.0000000000000000e+00,1.1250000000000000e+03,0.0000000000000000e+00,"14",248277,
"576PDVS2","P0005864",39,"MATE1414",4.0000000000000000e+00,5.2000000000000002e+00,0.0000000000000000e+00,"15",248278,
"576PDVS2","P0005864",39,"MATE1791",4.0000000000000000e+00,2.1800000000000002e+00,0.0000000000000000e+00,"12",248279,
"576PDVS2","P0005864",39,"MATE0064",2.0000000000000000e+00,7.0000000000000000e+00,0.0000000000000000e+00,"14",248280,
"576PDVS2","P0005865",40,"MATE1414",4.0000000000000000e+00,5.2000000000000002e+00,0.0000000000000000e+00,"15",248281,
"576PDVS2","P0005865",40,"MATE1791",4.0000000000000000e+00,2.1800000000000002e+00,0.0000000000000000e+00,"12",248282,
"576PDVS2","P0005865",40,"MATE0765",8.0000000000000004e-01,1.1250000000000000e+03,0.0000000000000000e+00,"14",248283,
"576PDVS2","P0005865",40,"MATE0006",2.0000000000000000e+00,2.5000000000000000e+01,0.0000000000000000e+00,"14",248284,
"576PDVS2","P0005866",41,"SECCION",1.0000000000000000e+00,6.5000000000000000e+01,0.0000000000000000e+00,"14",248285,
"576PDVS2","P0005868",42,"MATE0458",8.0000000000000000e+00,1.1500000000000000e+01,0.0000000000000000e+00,"14",248286,
"576PDVS2","P0005868",42,"MATE0687",1.3999999999999999e+00,3.0000000000000000e+01,0.0000000000000000e+00,"14",248287,
"576PDVS2","P0005868",42,"MATE0706",4.0000000000000000e+00,1.2000000000000000e+01,0.0000000000000000e+00,"14",248288,
"576PDVS2","P0005868",42,"MATE0047",3.0000000000000000e+00,3.0000000000000000e+01,0.0000000000000000e+00,"14",248289,
"576PDVS2","P0005868",42,"TRANSFOR",1.0000000000000000e+00,1.0000000000000000e+04,0.0000000000000000e+00,"14",248290,
"576PDVS2","P0005872",43,"CABLE",1.0000000000000000e+00,8.0000000000000000e+00,0.0000000000000000e+00,"14",248291,
"576PDVS2","P0005872",43,"MATE1577",1.0000000000000000e-02,7.0000000000000000e+00,0.0000000000000000e+00,"14",248292,
"576PDVS2","CALBRE3",44,"MATE1577",1.0000000000000000e-02,7.0000000000000000e+00,0.0000000000000000e+00,"14",248293,
"576PDVS2","CALBRE3",44,"CABLE 3",1.0000000000000000e+00,1.3000000000000000e+01,0.0000000000000000e+00,"14",248294,
"576PDVS2","FEFF",46,"SECCION",6.9999999999999996e-01,6.5000000000000000e+01,0.0000000000000000e+00,"14",248295,
"576PDVS2","P0005888",47,"MATE0667",1.2000000000000000e+00,1.3500000000000000e+02,0.0000000000000000e+00,"03",248296,
"576PDVS2","P0005888",47,"ACERO",2.0000000000000000e+01,2.0499999999999998e+00,0.0000000000000000e+00,"01",248297,
"576PDVS2","P0005893",48,"MATE0667",2.0000000000000001e-01,1.3500000000000000e+02,0.0000000000000000e+00,"03",248298,
"576PDVS2","P0005893",48,"TUBO",4.0000000000000000e+00,4.0000000000000000e+00,0.0000000000000000e+00,"12",248299,
"576PDVS2","P0005894",49,"MATE1577",1.0000000000000001e-01,7.0000000000000000e+00,0.0000000000000000e+00,"14",248300,
"576PDVS2","P0005894",49,"MATE1478",4.0000000000000000e+00,2.0000000000000001e-01,0.0000000000000000e+00,"14",248301,
"576PDVS2","P0005894",49,"MATE1793",4.0000000000000000e+00,8.7000000000000000e-01,0.0000000000000000e+00,"12",248302,
"576PDVS2","P0005894",49,"LAMP",1.0000000000000000e+00,1.5000000000000000e+02,0.0000000000000000e+00,"14",248303,
"576PDVS2","P0005895",50,"MATE0685",6.0999999999999999e-01,1.6000000000000000e+01,0.0000000000000000e+00,"14",248304,
"576PDVS2","P0003897",51,"MATE1388",3.5999999999999999e-01,8.5000000000000000e+01,0.0000000000000000e+00,"17",248305,
"576PDVS2","P0003897",51,"MATE1617",3.1000000000000000e-01,5.0000000000000000e+01,0.0000000000000000e+00,"17",248306,
"576PDVS2","P0003897",51,"MATE0953",5.8000000000000003e-02,3.7999999999999998e+00,0.0000000000000000e+00,"09",248307,
"576PDVS2","P0003897",51,"MATE1396",2.2000000000000000e-01,9.8000000000000000e+01,0.0000000000000000e+00,"17",248308,
"576PDVS2","P0003898",52,"MATE1388",4.6000000000000002e-01,8.5000000000000000e+01,0.0000000000000000e+00,"17",248309,
"576PDVS2","P0003898",52,"MATE1617",1.1000000000000000e-01,5.0000000000000000e+01,0.0000000000000000e+00,"17",248310,
"576PDVS2","P0003898",52,"MATE0953",5.8000000000000003e-02,3.7999999999999998e+00,0.0000000000000000e+00,"09",248311,
"576PDVS2","P0003898",52,"MATE1396",1.7999999999999999e-01,9.8000000000000000e+01,0.0000000000000000e+00,"17",248312,
"576PDVS2","P0003820",53,"MATE0098",2.0000000000000000e+00,2.6000000000000001e-01,0.0000000000000000e+00,"01",248313,
"576PDVS2","P0003820",53,"MATE0003",2.0000000000000000e+00,1.2000000000000000e+01,0.0000000000000000e+00,"14",248314,
"576PDVS2","P0003820",53,"MATE0245",2.0000000000000000e+00,5.8300000000000001e+00,0.0000000000000000e+00,"14",248315,
"576PDVS2","P0003820",53,"MATE1342",1.0000000000000000e+00,2.3800000000000000e+02,0.0000000000000000e+00,"14",248316,
"576PDVS2","P0003821",54,"MATE0098",2.0000000000000000e+00,2.6000000000000001e-01,0.0000000000000000e+00,"01",248317,
"576PDVS2","P0003821",54,"MATE0003",2.0000000000000000e+00,1.2000000000000000e+01,0.0000000000000000e+00,"14",248318,
"576PDVS2","P0003821",54,"MATE0245",2.0000000000000000e+00,5.8300000000000001e+00,0.0000000000000000e+00,"14",248319,
"576PDVS2","P0003821",54,"MATE1342",1.0000000000000000e+00,2.3800000000000000e+02,0.0000000000000000e+00,"14",248320,
"576PDVS2","P0005708",55,"MATE0463",6.0000000000000000e+00,3.5000000000000000e+00,0.0000000000000000e+00,"14",248321,
"576PDVS2","P0005708",55,"MATE0486",1.0000000000000000e+00,7.0000000000000000e+02,0.0000000000000000e+00,"14",248322,
"576PDVS2","P0005708",55,"MATE0708",6.0000000000000000e+00,1.5000000000000000e+01,0.0000000000000000e+00,"14",248323,
"576PDVS2","P0000176",58,"MATE1384",1.0000000000000000e+00,3.8000000000000000e+01,0.0000000000000000e+00,"03",248324,
"576PDVS2","P0000645",59,"MATE0103",5.5000000000000004e-01,2.0000000000000000e+00,0.0000000000000000e+00,"01",248325,
"576PDVS2","P0000645",59,"MATE0415",5.5000000000000004e-01,1.8000000000000000e+00,0.0000000000000000e+00,"01",248326,
"576PDVS2","P0000645",59,"MATE0102",5.0000000000000001e-03,2.5000000000000000e+01,0.0000000000000000e+00,"01",248327,
"576PDVS2","P0000647",60,"MATE0103",5.0000000000000003e-02,2.0000000000000000e+00,0.0000000000000000e+00,"01",248328,
"576PDVS2","P0000647",60,"MATE0415",1.0000000000000000e+00,1.8000000000000000e+00,0.0000000000000000e+00,"01",248329,
"576PDVS2","P0000647",60,"MATE0102",1.0000000000000000e-02,2.5000000000000000e+01,0.0000000000000000e+00,"01",248330,
"576PDVS2","EDF-9004",61,"MATE0413",1.0000000000000000e+00,1.2500000000000000e+00,5.0000000000000000e+00,"01",248331,
"576PDVS2","EDF-9004",61,"MATE0102",1.0000000000000000e-02,2.5000000000000000e+01,5.0000000000000000e+00,"01",248332,
"576PDVS2","P0000648",62,"MATE0102",5.0000000000000001e-03,2.5000000000000000e+01,0.0000000000000000e+00,"01",248333,
"576PDVS2","P0000648",62,"MALLAS",1.1000000000000001e+00,6.0000000000000000e+00,0.0000000000000000e+00,"01",248334,
"576PDVS2","P0002330",63,"MATE0578",1.4999999999999999e-01,8.3000000000000000e+01,0.0000000000000000e+00,"01",248335,
"576PDVS2","P0002330",63,"CONTRAE",1.1000000000000001e+00,2.0000000000000000e+01,5.0000000000000000e+00,"04",248336,
"576PDVS2","P0000211",64,"MATE0231",2.5000000000000000e-01,3.8000000000000000e+01,0.0000000000000000e+00,"03",248337,
"576PDVS2","P0000211",64,"MATE0083",2.0999999999999999e-01,2.0699999999999998e+00,0.0000000000000000e+00,"03",248338,
"576PDVS2","P0000211",64,"MATE1384",9.4499999999999995e-01,3.8000000000000000e+01,0.0000000000000000e+00,"03",248339,
"576PDVS2","P0000211",64,"CEM010",8.0000000000000000e+00,6.5000000000000000e+00,0.0000000000000000e+00,"02",248340,
"576PDVS2","P0005904",65,"CEM010",8.5000000000000000e+00,6.5000000000000000e+00,5.0000000000000000e+00,"02",248341,
"576PDVS2","P0005904",65,"MATE0231",5.6000000000000005e-01,3.8000000000000000e+01,5.0000000000000000e+00,"03",248342,
"576PDVS2","P0005904",65,"MATE0123",8.0000000000000000e+00,3.8999999999999999e+00,0.0000000000000000e+00,"03",248343,
"576PDVS2","P0005904",65,"MATE1384",5.9999999999999998e-01,3.8000000000000000e+01,0.0000000000000000e+00,"03",248344,
"576PDVS2","P0005904",65,"AGR001",2.9999999999999999e-02,5.5999999999999996e+00,0.0000000000000000e+00,"03",248345,
"576PDVS2","P0005904",65,"ARROCILL",1.7999999999999999e-01,5.0000000000000000e+01,5.0000000000000000e+00,"09",248346,
"576PDVS2","P0000653",66,"MATE0102",1.0000000000000000e-02,2.5000000000000000e+01,0.0000000000000000e+00,"01",248347,
"576PDVS2","P0000653",66,"MALLAS",1.1000000000000001e+00,6.0000000000000000e+00,5.0000000000000000e+00,"01",248348,
"576PDVS2","P0005815",68,"CEM010",8.5000000000000000e+00,6.5000000000000000e+00,5.0000000000000000e+00,"02",248349,
"576PDVS2","P0005815",68,"MATE0231",6.4000000000000001e-01,3.8000000000000000e+01,5.0000000000000000e+00,"03",248350,
"576PDVS2","P0005815",68,"MATE1384",6.2000000000000000e-01,3.8000000000000000e+01,0.0000000000000000e+00,"03",248351,
"576PDVS2","P0005815",68,"AGR001",5.0000000000000003e-02,5.5999999999999996e+00,0.0000000000000000e+00,"03",248352,
"576PDVS2","P0005815",68,"MATE0123",8.3000000000000007e+00,3.8999999999999999e+00,0.0000000000000000e+00,"03",248353,
"576PDVS2","P0000822",69,"MATE1396",1.2500000000000000e-01,9.8000000000000000e+01,0.0000000000000000e+00,"17",248354,
"576PDVS2","P0003174",70,"AGR001",1.8390000000000000e-02,5.5999999999999996e+00,0.0000000000000000e+00,"03",248355,
"576PDVS2","P0003174",70,"MATE1384",5.0000000000000003e-02,3.8000000000000000e+01,0.0000000000000000e+00,"03",248356,
"576PDVS2","P0003174",70,"CEM010",5.0000000000000000e-01,6.5000000000000000e+00,5.0000000000000000e+00,"02",248357,
"576PDVS2","P0003174",70,"MATE0231",4.4999999999999998e-02,3.8000000000000000e+01,0.0000000000000000e+00,"03",248358,
"576PDVS2","*ALBAÑ52",71,"AGR001",1.4999999999999999e-02,5.5999999999999996e+00,0.0000000000000000e+00,"03",248359,
"576PDVS2","*ALBAÑ52",71,"CEM010",4.0000000000000002e-01,6.5000000000000000e+00,5.0000000000000000e+00,"02",248360,
"576PDVS2","*ALBAÑ52",71,"MATE0231",4.0000000000000001e-02,3.8000000000000000e+01,0.0000000000000000e+00,"03",248361,
"576PDVS2","*ALBAÑ52",71,"ARROCILL",3.7999999999999999e-02,5.0000000000000000e+01,0.0000000000000000e+00,"09",248362,
"576PDVS2","P0000696",72,"CEM010",3.4000000000000002e-01,6.5000000000000000e+00,5.0000000000000000e+00,"02",248363,
"576PDVS2","P0000696",72,"MATE0507",3.4000000000000002e-02,5.5999999999999996e+00,0.0000000000000000e+00,"02",248364,
"576PDVS2","P0000696",72,"MATE0232",2.9100000000000001e-02,1.3000000000000000e+01,0.0000000000000000e+00,"03",248365,
"576PDVS2","P0000696",72,"MATE0301",1.7000000000000000e+01,4.0000000000000002e-01,5.0000000000000000e+00,"07",248366,
"576PDVS2","P0000696",72,"AGR001",6.7999999999999996e-03,5.5999999999999996e+00,0.0000000000000000e+00,"03",248367,
"576PDVS2","P0000726",73,"MATE0232",1.3500000000000000e-02,1.3000000000000000e+01,0.0000000000000000e+00,"03",248368,
"576PDVS2","P0000726",73,"CEM010",1.6850000000000001e-01,6.5000000000000000e+00,5.0000000000000000e+00,"02",248369,
"576PDVS2","P0000726",73,"AGR001",6.4999999999999997e-03,5.5999999999999996e+00,0.0000000000000000e+00,"03",248370,
"576PDVS2","P0000726",73,"TILOSA",2.5000000000000001e-02,2.5000000000000000e+01,0.0000000000000000e+00,"03",248371,
"576PDVS2","P0000738",74,"MATE0231",1.3500000000000000e-02,3.8000000000000000e+01,0.0000000000000000e+00,"03",248372,
"576PDVS2","P0000738",74,"TILOSA",2.5000000000000001e-02,2.5000000000000000e+01,0.0000000000000000e+00,"03",248373,
"576PDVS2","P0000738",74,"CEM010",1.7319999999999999e-01,6.5000000000000000e+00,5.0000000000000000e+00,"02",248374,
"576PDVS2","P0000738",74,"AGR001",6.4999999999999997e-03,5.5999999999999996e+00,0.0000000000000000e+00,"03",248375,
"576PDVS2","ALBAÑ27",75,"*AGREG09",4.0000000000000001e-03,1.3590000000000000e+01,0.0000000000000000e+00,"02",248376,
"576PDVS2","ALBAÑ27",75,"*AGUA",1.0000000000000000e-02,3.0000000000000000e+00,0.0000000000000000e+00,"25",248377,
"576PDVS2","ALBAÑ27",75,"*AGREG11",1.4999999999999999e-01,2.5000000000000000e+00,0.0000000000000000e+00,"02",248378,
"576PDVS2","ALBAÑ27",75,"CERAMICA",1.0000000000000000e+00,1.8000000000000000e+01,0.0000000000000000e+00,"09",248379,
"576PDVS2","ALBAÑ28",76,"*AGREG11",1.0000000000000000e+00,2.5000000000000000e+00,0.0000000000000000e+00,"02",248380,
"576PDVS2","ALBAÑ28",76,"CERAMICA",1.0000000000000000e+00,1.8000000000000000e+01,0.0000000000000000e+00,"09",248381,
"576PDVS2","ALBAÑ28",76,"*AGREG09",4.0000000000000001e-03,1.3590000000000000e+01,0.0000000000000000e+00,"02",248382,
"576PDVS2","ALBAÑ28",76,"*AGUA",1.0000000000000000e-02,3.0000000000000000e+00,0.0000000000000000e+00,"25",248383,
"576PDVS2","P0002544",77,"SILICON",1.0000000000000001e-01,1.5000000000000000e+01,0.0000000000000000e+00,"16",248384,
"576PDVS2","P0002544",77,"MATE2183",1.0000000000000000e+00,8.0000000000000000e+01,0.0000000000000000e+00,"16",248385,
"576PDVS2","EDF-0901",78,"PUER",1.0000000000000000e+00,2.6500000000000000e+02,0.0000000000000000e+00,"11",248386,
"576PDVS2","P0000855",79,"MATE0289",3.0000000000000000e+00,4.4000000000000004e+00,0.0000000000000000e+00,"11",248387,
"576PDVS2","P0000855",79,"MATE1465",1.0000000000000000e+00,1.0000000000000000e+02,0.0000000000000000e+00,"14",248388,
"576PDVS2","P0000849",80,"ELECTROD",2.5000000000000001e-02,2.5000000000000000e+01,0.0000000000000000e+00,"01",248389,
"576PDVS2","P0000849",80,"MATE1255",1.0200000000000000e+00,5.5000000000000000e+01,0.0000000000000000e+00,"11",248390,
"576PDVS2","P0000849",80,"MATE0859",2.0000000000000001e-01,9.9800000000000004e+00,0.0000000000000000e+00,"01",248391,
"576PDVS2","HERRE18",81,"PERFIL",6.0000000000000000e+00,1.8000000000000000e+00,5.0000000000000000e+00,"01",248392,
"576PDVS2","HERRE18",81,"ELECTROD",5.0000000000000003e-02,2.5000000000000000e+01,0.0000000000000000e+00,"01",248393,
"576PDVS2","HERRE18",81,"MATE0859",8.0000000000000002e-02,9.9800000000000004e+00,0.0000000000000000e+00,"01",248394,
"576PDVS2","P0000909",82,"MATE0553",1.0000000000000000e+00,1.5000000000000000e+01,0.0000000000000000e+00,"11",248395,
"576PDVS2","CARPI10",83,"MUEBLE",1.0000000000000000e+00,3.8000000000000000e+02,0.0000000000000000e+00,"25",248396,
"576PDVS2","P0000904",84,"MATE1392",5.5000000000000000e-02,4.1250000000000000e+01,0.0000000000000000e+00,"17",248397,
"576PDVS2","P0000904",84,"MATE1167",6.5000000000000002e-02,2.5200000000000000e+00,0.0000000000000000e+00,"17",248398,
"576PDVS2","P0000904",84,"MATE1318",2.0000000000000000e-02,2.7500000000000000e+01,0.0000000000000000e+00,"17",248399,
"576PDVS2","P0000905",85,"MATE1392",5.5000000000000000e-02,4.1250000000000000e+01,0.0000000000000000e+00,"17",248400,
"576PDVS2","P0000905",85,"MATE1167",6.5000000000000002e-02,2.5200000000000000e+00,0.0000000000000000e+00,"17",248401,
"576PDVS2","P0000905",85,"MATE1318",2.0000000000000000e-02,2.7500000000000000e+01,0.0000000000000000e+00,"17",248402,
"576PDVS2","P0000896",86,"MATE0263",4.0000000000000001e-02,4.5000000000000000e+01,0.0000000000000000e+00,"17",248403,
"576PDVS2","P0000896",86,"MATE1617",1.4999999999999999e-02,5.0000000000000000e+01,0.0000000000000000e+00,"17",248404,
"576PDVS2","P0000896",86,"MATE0953",5.0000000000000001e-03,3.7999999999999998e+00,0.0000000000000000e+00,"09",248405,
"576PDVS2","P0000896",86,"MATE1771",5.0000000000000001e-03,1.1250000000000000e+01,0.0000000000000000e+00,"12",248406,
"576PDVS2","P0000896",86,"MATE1168",5.0000000000000003e-02,2.4800000000000000e+00,0.0000000000000000e+00,"17",248407,
"576PDVS2","P0000896",86,"MATE1591",2.5000000000000001e-02,5.0000000000000000e+01,0.0000000000000000e+00,"17",248408,
"576PDVS2","P0000935",87,"MATE1862",1.0500000000000000e+00,1.2800000000000000e+00,0.0000000000000000e+00,"12",248409,
"576PDVS2","P0000935",87,"MATE0406",3.3000000000000002e-01,3.9000000000000001e-01,0.0000000000000000e+00,"14",248410,
"576PDVS2","P0000935",87,"MATE0793",3.3000000000000002e-01,9.6999999999999997e-01,0.0000000000000000e+00,"14",248411,
"576PDVS2","P0000935",87,"MATE1476",6.6699999999999995e-02,1.8000000000000000e+00,0.0000000000000000e+00,"14",248412,
"576PDVS2","P0000935",87,"MATE0020",6.6700000000000004e-01,1.0700000000000001e+00,0.0000000000000000e+00,"14",248413,
"576PDVS2","P0000930",88,"MATE1861",1.0500000000000000e+00,2.4800000000000000e+00,0.0000000000000000e+00,"12",248414,
"576PDVS2","P0000930",88,"MATE0405",3.3000000000000002e-01,8.2999999999999996e-01,0.0000000000000000e+00,"14",248415,
"576PDVS2","P0000930",88,"MATE0792",3.3000000000000002e-01,1.2900000000000000e+00,0.0000000000000000e+00,"14",248416,
"576PDVS2","P0000936",89,"MATE0793",3.3000000000000002e-01,9.6999999999999997e-01,0.0000000000000000e+00,"14",248417,
"576PDVS2","P0000936",89,"MATE1476",6.6699999999999995e-02,1.8000000000000000e+00,0.0000000000000000e+00,"14",248418,
"576PDVS2","P0000936",89,"MATE0020",6.6700000000000004e-01,1.0700000000000001e+00,0.0000000000000000e+00,"14",248419,
"576PDVS2","P0000936",89,"TUBERIA",1.0000000000000000e+00,1.0000000000000000e+00,0.0000000000000000e+00,"12",248420,
"576PDVS2","P0002673",90,"MATE0466",1.1000000000000001e+00,8.4999999999999998e-01,0.0000000000000000e+00,"14",248421,
"576PDVS2","P0002673",90,"MATE1577",1.0000000000000000e-02,7.0000000000000000e+00,0.0000000000000000e+00,"14",248422,
"576PDVS2","P0002674",91,"MATE1577",1.0000000000000000e-02,7.0000000000000000e+00,0.0000000000000000e+00,"14",248423,
"576PDVS2","P0002674",91,"CABLE 14",1.0000000000000000e+00,6.9999999999999996e-01,0.0000000000000000e+00,"14",248424,
"576PDVS2","*CABLE28",92,"*CABLE11",1.0000000000000000e+00,2.2700000000000000e+00,0.0000000000000000e+00,"14",248425,
"576PDVS2","*CABLE28",92,"*MATEIE1",1.0000000000000000e-03,1.7000000000000001e-01,0.0000000000000000e+00,"14",248426,
"576PDVS2","P0001013",93,"MATE0503",1.0000000000000000e+00,3.0600000000000001e+00,0.0000000000000000e+00,"14",248427,
"576PDVS2","P0001017",94,"MATE0504",1.0000000000000000e+00,1.8000000000000000e+00,0.0000000000000000e+00,"14",248428,
"576PDVS2","P0001049",95,"MATE1779",1.0000000000000000e+00,6.0000000000000000e+00,0.0000000000000000e+00,"14",248429,
"576PDVS2","P0001049",95,"MATE1451",1.0000000000000000e+00,8.3999999999999997e-01,0.0000000000000000e+00,"14",248430,
"576PDVS2","P0001042",96,"MATE1059",1.0000000000000000e+00,6.5000000000000000e+00,0.0000000000000000e+00,"14",248431,
"576PDVS2","P0001042",96,"MATE1451",1.0000000000000000e+00,8.3999999999999997e-01,0.0000000000000000e+00,"14",248432,
"576PDVS2","P0001053",97,"CEM010",1.0500000000000000e-01,6.5000000000000000e+00,5.0000000000000000e+00,"02",248433,
"576PDVS2","P0001053",97,"AGR001",2.0000000000000000e-03,5.5999999999999996e+00,0.0000000000000000e+00,"03",248434,
"576PDVS2","P0001053",97,"MATE0507",1.0500000000000001e-02,5.5999999999999996e+00,0.0000000000000000e+00,"02",248435,
"576PDVS2","P0001053",97,"MATE0231",8.9999999999999993e-03,3.8000000000000000e+01,0.0000000000000000e+00,"03",248436,
"576PDVS2","P0001053",97,"MATE1632",1.0000000000000000e+00,6.5000000000000000e+01,0.0000000000000000e+00,"14",248437,
"576PDVS2","BREAKER",98,"BREAKER3",1.0000000000000000e+00,2.5000000000000000e+01,0.0000000000000000e+00,"14",248438,
"576PDVS2","BREAKER",98,"MATE1577",1.2000000000000000e-02,7.0000000000000000e+00,0.0000000000000000e+00,"14",248439,
"576PDVS2","P0005133",99,"MATE0385",1.0000000000000000e+00,1.2000000000000000e+01,0.0000000000000000e+00,"14",248440,
"576PDVS2","PAR0942",100,"*LUMIN77",1.0000000000000000e+00,1.2000000000000000e+01,0.0000000000000000e+00,"14",248441,
"576PDVS2","PAR0942",100,"*TEIPE02",1.0000000000000001e-01,8.3999999999999997e-01,7.0000000000000000e+00,"14",248442,
"576PDVS2","CAJAMED",101,"CAJA2W",1.0000000000000000e+00,5.0000000000000000e+02,0.0000000000000000e+00,"14",248443,
"576PDVS2","PAR0986",102,"*TEIPE02",2.5000000000000000e-01,8.3999999999999997e-01,0.0000000000000000e+00,"14",248445,
"576PDVS2","PAR0986",102,"INTERR",1.0000000000000000e+00,1.5000000000000000e+01,0.0000000000000000e+00,"00",248446,
"576PDVS2","TUBECOBR",103,"MATE0507",5.0000000000000001e-03,5.5999999999999996e+00,0.0000000000000000e+00,"02",248447,
"576PDVS2","TUBECOBR",103,"MATE0232",8.0000000000000004e-04,1.3000000000000000e+01,0.0000000000000000e+00,"03",248448,
"576PDVS2","TUBECOBR",103,"MATE1871",1.0000000000000000e+00,8.0000000000000000e+00,0.0000000000000000e+00,"12",248449,
"576PDVS2","TUBECOBR",103,"MATE0609",2.5000000000000000e-01,3.5699999999999998e+00,0.0000000000000000e+00,"12",248450,
"576PDVS2","TUBECOBR",103,"MATE1755",2.5000000000000000e-01,2.0499999999999998e+00,0.0000000000000000e+00,"12",248451,
"576PDVS2","TUBECOBR",103,"MATE0061",2.5000000000000000e-01,5.9500000000000002e+00,0.0000000000000000e+00,"12",248452,
"576PDVS2","P0005222",104,"MATE0507",1.0500000000000001e-02,5.5999999999999996e+00,0.0000000000000000e+00,"02",248453,
"576PDVS2","P0005222",104,"MATE0232",8.9999999999999993e-03,1.3000000000000000e+01,0.0000000000000000e+00,"03",248454,
"576PDVS2","P0005222",104,"MATE1871",5.0000000000000000e+00,8.0000000000000000e+00,0.0000000000000000e+00,"12",248455,
"576PDVS2","P0005222",104,"MATE0609",1.0000000000000000e+00,3.5699999999999998e+00,0.0000000000000000e+00,"12",248456,
"576PDVS2","P0005222",104,"MATE1755",1.0000000000000000e+00,2.0499999999999998e+00,0.0000000000000000e+00,"12",248457,
"576PDVS2","P0005222",104,"MATE0061",1.0000000000000000e+00,5.9500000000000002e+00,0.0000000000000000e+00,"12",248458,
"576PDVS2","P0001171",106,"MATE1173",5.9999999999999995e-04,3.5000000000000000e+01,0.0000000000000000e+00,"12",248459,
"576PDVS2","P0001171",106,"MATE2070",1.1000000000000001e+00,2.6000000000000001e+00,0.0000000000000000e+00,"12",248460,
"576PDVS2","P0001171",106,"MATE2109",1.7000000000000001e-01,2.5000000000000000e+00,0.0000000000000000e+00,"12",248461,
"576PDVS2","P0001171",106,"MATE0599",1.0000000000000001e-01,2.5000000000000000e+00,0.0000000000000000e+00,"12",248462,
"576PDVS2","P0001171",106,"MATE1729",3.3000000000000002e-01,2.5000000000000000e+00,0.0000000000000000e+00,"12",248463,
"576PDVS2","P0001171",106,"MATE1614",1.1999999999999999e-03,3.8000000000000000e+01,0.0000000000000000e+00,"12",248464,
"576PDVS2","P0001172",107,"MATE1173",1.1000000000000001e-03,3.5000000000000000e+01,0.0000000000000000e+00,"12",248465,
"576PDVS2","P0001172",107,"MATE2077",1.1000000000000001e+00,3.5000000000000000e+00,0.0000000000000000e+00,"12",248466,
"576PDVS2","P0001172",107,"MATE2115",1.7000000000000001e-01,2.7999999999999998e+00,0.0000000000000000e+00,"12",248467,
"576PDVS2","P0001172",107,"MATE0604",1.0000000000000001e-01,2.7999999999999998e+00,0.0000000000000000e+00,"12",248468,
"576PDVS2","P0001172",107,"MATE1734",3.3000000000000002e-01,2.6000000000000001e+00,0.0000000000000000e+00,"12",248469,
"576PDVS2","P0001172",107,"MATE1614",2.2000000000000001e-03,3.8000000000000000e+01,0.0000000000000000e+00,"12",248470,
"576PDVS2","P0001211",110,"MATE2065",1.1000000000000001e+00,9.0000000000000000e+00,0.0000000000000000e+00,"12",248562,
"576PDVS2","P0001211",110,"MATE2219",3.3329999999999999e-01,8.0000000000000000e+00,0.0000000000000000e+00,"12",248563,
"576PDVS2","P0001211",110,"MATE1336",1.4800000000000001e-02,4.5000000000000000e+01,0.0000000000000000e+00,"12",248564,
"576PDVS2","P0001209",109,"MATE2063",1.1000000000000001e+00,3.0000000000000000e+00,0.0000000000000000e+00,"12",248566,
"576PDVS2","P0001209",109,"MATE2216",3.3329999999999999e-01,1.8999999999999999e+00,0.0000000000000000e+00,"12",248567,
"576PDVS2","P0001209",109,"MATE1336",7.4000000000000003e-03,4.5000000000000000e+01,0.0000000000000000e+00,"12",248568,
"576PDVS2","P0001209",109,"MATE1171",3.7000000000000002e-03,2.5000000000000000e+01,0.0000000000000000e+00,"12",248569,
"576PDVS2","P0001173",108,"MATE1167",1.0000000000000000e-02,2.5200000000000000e+00,0.0000000000000000e+00,"17",248570,
"576PDVS2","P0001173",108,"MATE1173",1.5000000000000000e-03,3.5000000000000000e+01,0.0000000000000000e+00,"12",248571,
"576PDVS2","P0001173",108,"MATE2068",1.1000000000000001e+00,5.0000000000000000e+00,0.0000000000000000e+00,"12",248572,
"576PDVS2","P0001173",108,"MATE2107",1.7000000000000001e-01,2.1600000000000001e+00,0.0000000000000000e+00,"12",248573,
"576PDVS2","P0001173",108,"MATE0598",1.0000000000000001e-01,7.8399999999999999e+00,0.0000000000000000e+00,"12",248574,
"576PDVS2","P0001173",108,"MATE1727",3.3000000000000002e-01,3.9500000000000002e+00,0.0000000000000000e+00,"12",248575,
"576PDVS2","P0001173",108,"MATE1614",2.8999999999999998e-03,3.8000000000000000e+01,0.0000000000000000e+00,"12",248576,
"576PDVS2","P0003578",111,"MATE2079",1.1000000000000001e+00,3.0000000000000000e+01,0.0000000000000000e+00,"12",248486,
"576PDVS2","P0003578",111,"MATE1035",1.4999999999999999e-02,1.2000000000000000e+01,0.0000000000000000e+00,"25",248487,
"576PDVS2","P0001217",112,"MATE2058",1.1000000000000001e+00,3.0000000000000000e+00,0.0000000000000000e+00,"12",248488,
"576PDVS2","P0001217",112,"MATE0645",2.5000000000000000e-01,1.6299999999999999e+00,0.0000000000000000e+00,"12",248489,
"576PDVS2","P0001217",112,"MATE1736",5.0000000000000000e-01,2.9300000000000002e+00,0.0000000000000000e+00,"12",248490,
"576PDVS2","P0001217",112,"MATE1336",1.3899999999999999e-02,4.5000000000000000e+01,0.0000000000000000e+00,"12",248491,
"576PDVS2","P0001217",112,"MATE1171",7.0000000000000001e-03,2.5000000000000000e+01,0.0000000000000000e+00,"12",248492,
"576PDVS2","P0001250",113,"MATE2063",1.2500000000000000e+00,3.0000000000000000e+00,0.0000000000000000e+00,"12",248493,
"576PDVS2","P0001250",113,"MATE0645",2.5000000000000000e-01,1.6299999999999999e+00,0.0000000000000000e+00,"12",248494,
"576PDVS2","P0001250",113,"MATE2216",7.5000000000000000e-01,1.8999999999999999e+00,0.0000000000000000e+00,"12",248495,
"576PDVS2","P0001250",113,"MATE1599",5.0000000000000000e-01,4.0000000000000000e+00,0.0000000000000000e+00,"12",248496,
"576PDVS2","P0001250",113,"MATE1736",2.5000000000000000e-01,2.9300000000000002e+00,0.0000000000000000e+00,"12",248497,
"576PDVS2","P0001250",113,"MATE1336",3.6100000000000000e-02,4.5000000000000000e+01,0.0000000000000000e+00,"12",248498,
"576PDVS2","P0001250",113,"MATE1171",1.7999999999999999e-02,2.5000000000000000e+01,0.0000000000000000e+00,"12",248499,
"576PDVS2","P0001251",114,"MATE2065",1.0500000000000000e+00,9.0000000000000000e+00,0.0000000000000000e+00,"12",248500,
"576PDVS2","P0001251",114,"MATE0647",2.5000000000000000e-01,5.0899999999999999e+00,0.0000000000000000e+00,"12",248501,
"576PDVS2","P0001251",114,"MATE2219",2.5000000000000000e-01,8.0000000000000000e+00,0.0000000000000000e+00,"12",248502,
"576PDVS2","P0001251",114,"MATE1336",8.0000000000000002e-02,4.5000000000000000e+01,0.0000000000000000e+00,"12",248503,
"576PDVS2","P0001251",114,"MATE1171",4.0000000000000001e-02,2.5000000000000000e+01,0.0000000000000000e+00,"12",248504,
"576PDVS2","P0001251",114,"MATE0219",2.5000000000000000e-01,3.5800000000000001e+00,0.0000000000000000e+00,"12",248505,
"576PDVS2","P0002930",115,"MATE1221",1.0000000000000000e+00,1.0000000000000000e+01,0.0000000000000000e+00,"12",248506,
"576PDVS2","P0002930",115,"MATE2143",1.0000000000000000e+00,3.6000000000000001e+00,0.0000000000000000e+00,"12",248507,
"576PDVS2","P0002930",115,"MATE1760",5.0000000000000003e-02,1.0000000000000000e+01,0.0000000000000000e+00,"12",248508,
"576PDVS2","P0005841",116,"MATE0525",4.0000000000000001e-02,1.0000000000000000e+01,0.0000000000000000e+00,"02",248509,
"576PDVS2","P0005841",116,"MATE1494",1.0000000000000000e+00,8.0000000000000000e+00,0.0000000000000000e+00,"12",248510,
"576PDVS2","TAPON",117,"MATE0525",4.0000000000000001e-02,1.0000000000000000e+01,0.0000000000000000e+00,"02",248511,
"576PDVS2","TAPON",117,"MATE1494",1.0000000000000000e+00,8.0000000000000000e+00,0.0000000000000000e+00,"12",248512,
"576PDVS2","TAPON1",118,"MATE0525",4.0000000000000001e-02,1.0000000000000000e+01,0.0000000000000000e+00,"02",248513,
"576PDVS2","TAPON1",118,"REJILLA",1.0000000000000000e+00,2.5000000000000000e+01,0.0000000000000000e+00,"12",248514,
"576PDVS2","P0001211",110,"MATE1171",7.4000000000000003e-03,2.5000000000000000e+01,0.0000000000000000e+00,"12",248565,
"576PDVS2","P0001321",119,"MATE0637",1.0000000000000000e+00,1.9700000000000000e+00,0.0000000000000000e+00,"12",248515,
"576PDVS2","P0001321",119,"MATE1760",8.9999999999999997e-02,1.0000000000000000e+01,0.0000000000000000e+00,"12",248516,
"576PDVS2","P0001321",119,"MATE1042",1.0000000000000000e+00,1.1000000000000000e+02,0.0000000000000000e+00,"12",248517,
"576PDVS2","P0002986",120,"MATE0525",7.0000000000000007e-02,1.0000000000000000e+01,0.0000000000000000e+00,"02",248518,
"576PDVS2","P0002986",120,"MATE0183",1.0000000000000000e+00,6.0000000000000000e+00,0.0000000000000000e+00,"12",248519,
"576PDVS2","P0002986",120,"MATE0516",1.0000000000000000e+00,2.0000000000000000e+00,0.0000000000000000e+00,"12",248520,
"576PDVS2","P0002986",120,"MATE1157",1.0000000000000000e+00,8.5000000000000000e+01,0.0000000000000000e+00,"12",248521,
"576PDVS2","P0002986",120,"MATE1760",2.4299999999999999e-01,1.0000000000000000e+01,0.0000000000000000e+00,"12",248522,
"576PDVS2","P0002986",120,"MATE1225",1.0000000000000000e+00,2.2879999999999999e+01,0.0000000000000000e+00,"12",248523,
"576PDVS2","P0002986",120,"MATE1601",1.0000000000000000e+00,7.1299999999999999e+00,0.0000000000000000e+00,"12",248524,
"576PDVS2","P0002986",120,"MATE0807",1.0000000000000000e+00,8.0000000000000000e+00,0.0000000000000000e+00,"14",248525,
"576PDVS2","P0002986",120,"MATE1580",2.0000000000000000e+00,2.0000000000000000e+00,0.0000000000000000e+00,"12",248526,
"576PDVS2","P0001303",121,"MATE0525",7.0000000000000007e-02,1.0000000000000000e+01,0.0000000000000000e+00,"02",248527,
"576PDVS2","P0001303",121,"MATE1300",1.0000000000000000e+00,2.2500000000000000e+00,0.0000000000000000e+00,"12",248528,
"576PDVS2","P0001303",121,"MATE2205",1.0000000000000000e+00,1.6000000000000000e+02,0.0000000000000000e+00,"12",248529,
"576PDVS2","P0001303",121,"MATE0516",1.0000000000000000e+00,2.0000000000000000e+00,0.0000000000000000e+00,"12",248530,
"576PDVS2","P0001303",121,"MATE1760",2.9999999999999999e-02,1.0000000000000000e+01,0.0000000000000000e+00,"12",248531,
"576PDVS2","P0001330",122,"MATE0183",1.0000000000000000e+00,6.0000000000000000e+00,0.0000000000000000e+00,"12",248532,
"576PDVS2","P0001330",122,"MATE1203",1.0000000000000000e+00,8.0000000000000000e+00,0.0000000000000000e+00,"12",248533,
"576PDVS2","P0001330",122,"MATE0516",2.0000000000000000e+00,2.0000000000000000e+00,0.0000000000000000e+00,"12",248534,
"576PDVS2","P0001330",122,"MATE0805",1.0000000000000000e+00,4.8200000000000003e+00,0.0000000000000000e+00,"12",248535,
"576PDVS2","P0001330",122,"MATE1043",1.0000000000000000e+00,3.0000000000000000e+01,0.0000000000000000e+00,"12",248536,
"576PDVS2","P0001330",122,"MATE1760",1.0000000000000001e-01,1.0000000000000000e+01,0.0000000000000000e+00,"12",248537,
"576PDVS2","P0001330",122,"MATE1011",1.0000000000000000e+00,8.0000000000000000e+01,0.0000000000000000e+00,"12",248538,
"576PDVS2","P0001330",122,"MATE1594",1.0000000000000000e+00,8.0000000000000000e+00,0.0000000000000000e+00,"12",248539,
"576PDVS2","P0001330",122,"MATE1580",3.0000000000000000e+00,2.0000000000000000e+00,0.0000000000000000e+00,"12",248540,
"576PDVS2","P0005453",123,"TRAN1348",1.0000000000000000e+00,5.0000000000000000e+01,0.0000000000000000e+00,"25",248541,
"576PDVS2","P0005453",123,"TRAGALUZ",1.0000000000000000e+00,2.8000000000000000e+02,0.0000000000000000e+00,"50",248542,
"576PDVS2","P0005275",124,"MATE2007",3.0000000000000000e+00,3.0000000000000000e+00,0.0000000000000000e+00,"12",248543,
"576PDVS2","P0005275",124,"MATE0642",2.0000000000000000e+00,2.5899999999999999e+00,0.0000000000000000e+00,"12",248544,
"576PDVS2","P0005275",124,"MATE2143",2.0000000000000000e+00,3.6000000000000001e+00,0.0000000000000000e+00,"12",248545,
"576PDVS2","P0005275",124,"MATE1760",5.5999999999999999e-03,1.0000000000000000e+01,0.0000000000000000e+00,"12",248546,
"576PDVS2","P0005275",124,"TRAN1282",1.0000000000000000e+00,1.0000000000000000e+01,0.0000000000000000e+00,"25",248547,
"576PDVS2","P0005275",124,"TANQUE",1.0000000000000000e+00,1.6000000000000000e+02,0.0000000000000000e+00,"12",248548,
"576PDVS2","P0005901",125,"TRAN0405",1.0000000000000000e+00,2.0000000000000000e+00,0.0000000000000000e+00,"60",248549,
"576PDVS2","P0005901",125,"MATE0807",1.0000000000000000e+00,8.0000000000000000e+00,0.0000000000000000e+00,"14",248550,
"576PDVS2","P0005901",125,"MATE1580",1.0000000000000000e+00,2.0000000000000000e+00,0.0000000000000000e+00,"12",248551,
"576PDVS2","P0005901",125,"BATEA",1.0000000000000000e+00,6.0000000000000000e+01,0.0000000000000000e+00,"12",248552,
"576PDVS2","P0005901",125,"MATE1300",1.0000000000000000e+00,2.2500000000000000e+00,0.0000000000000000e+00,"12",248553,
"576PDVS2","P0005901",125,"MATE1598",1.0000000000000000e+00,6.4900000000000002e+00,0.0000000000000000e+00,"12",248554,
"576PDVS2","P0005901",125,"MATE1202",2.0000000000000000e+00,8.0000000000000000e+00,0.0000000000000000e+00,"12",248555,
"576PDVS2","P0003579",126,"MATE1035",1.4999999999999999e-02,1.2000000000000000e+01,0.0000000000000000e+00,"25",248556,
"576PDVS2","P0003579",126,"TUBO2",1.0000000000000000e+00,2.0000000000000000e+01,0.0000000000000000e+00,"12",248557,
"576PDVS2","CAJAMED2",128,"CAJA DE",1.0000000000000000e+00,2.2000000000000000e+02,0.0000000000000000e+00,"13",248559,
"576PDVS2","CAJAMED2",128,"MANGUERA",1.0000000000000000e+00,1.5000000000000000e+02,0.0000000000000000e+00,"13",248560,
"576PDVS2","CAJAMED2",128,"LLAVE",1.0000000000000000e+00,9.0000000000000000e+01,0.0000000000000000e+00,"12",248561,
"576PDVS2","CAJAMED1",127,"HIDRANTE",1.0000000000000000e+00,1.0000000000000000e+03,0.0000000000000000e+00,"13",248953,
"576PDVS2","COCINA",105,"COCINA",1.0000000000000000e+00,1.0000000000000000e+02,0.0000000000000000e+00,"25",248955,
