CodObr,CodPar,NumPar,CodIns,CanIns,CosIns,CodFam,Contad,CodAlt
"576PDVS2","P0000035",1,"MANO0056",2.0000000000000000e+00,1.0000000000000000e+01,"01",58225,
"576PDVS2","P0000035",1,"MANO0008",1.0000000000000000e+00,1.2000000000000000e+01,"00",58226,
"576PDVS2","P0000035",1,"DTC003",1.0000000000000000e+00,3.0000000000000000e+01,"01",58227,
"576PDVS2","P0000110",2,"MANO0056",2.0000000000000000e+00,1.0000000000000000e+01,"01",58228,
"576PDVS2","P0000110",2,"MANO0005",1.0000000000000000e+00,1.2000000000000000e+01,"01",58229,
"576PDVS2","P0000110",2,"MANO0007",1.0000000000000000e+00,1.0000000000000000e+01,"00",58230,
"576PDVS2","P0000110",2,"MANO0012",5.0000000000000000e-01,1.8000000000000000e+01,"00",58231,
"576PDVS2","P0000110",2,"MANO0059",1.0000000000000000e+00,1.5000000000000000e+01,"00",58232,
"576PDVS2","P0003997",3,"MANO0021",2.0000000000000000e+00,1.5000000000000000e+01,"00",58233,
"576PDVS2","P0003997",3,"MANO0007",3.0000000000000000e+00,1.0000000000000000e+01,"00",58234,
"576PDVS2","P0003997",3,"MANO0018",1.0000000000000000e+00,1.5000000000000000e+01,"00",58235,
"576PDVS2","P0005853",4,"MANO0007",2.0000000000000000e+00,1.0000000000000000e+01,"00",58236,
"576PDVS2","P0005853",4,"MANO0077",2.0000000000000000e+00,2.0000000000000000e+01,"00",58237,
"576PDVS2","P0005853",4,"MANO0012",2.5000000000000000e-01,1.8000000000000000e+01,"00",58238,
"576PDVS2","P0005853",4,"MANO0018",1.0000000000000000e+00,1.5000000000000000e+01,"00",58239,
"576PDVS2","P0005858",5,"MANO0042",1.0000000000000000e+00,2.0000000000000000e+01,"00",58240,
"576PDVS2","P0005858",5,"MANO0021",3.0000000000000000e+00,1.5000000000000000e+01,"00",58241,
"576PDVS2","P0005858",5,"MANO0019",4.0000000000000002e-01,1.2000000000000000e+01,"00",58242,
"576PDVS2","P0005858",5,"MANO0007",2.0000000000000000e+00,1.0000000000000000e+01,"00",58243,
"576PDVS2","P0005858",5,"MANO0059",1.0000000000000000e+00,1.5000000000000000e+01,"00",58244,
"576PDVS2","P0005858",5,"MANO0028",4.0000000000000002e-01,1.2000000000000000e+01,"00",58245,
"576PDVS2","LAI499",6,"MANO0057",1.0000000000000000e+00,1.2000000000000000e+01,"00",58246,
"576PDVS2","LAI499",6,"MANO0042",2.5000000000000000e-01,2.0000000000000000e+01,"00",58247,
"576PDVS2","LAI499",6,"MANO0056",2.0000000000000000e+00,1.0000000000000000e+01,"01",58248,
"576PDVS2","*COMPC01",7,"*OPEMAQ2",9.0000000000000000e+00,1.8000000000000000e+01,"01",58249,
"576PDVS2","*COMPC01",7,"*CAPORAL",1.0000000000000000e+00,2.5000000000000000e+01,"01",58250,
"576PDVS2","*COMPC01",7,"*OBRERO1",5.0000000000000000e+00,1.2000000000000000e+01,"01",58251,
"576PDVS2","*COMPC01",7,"*AYUDAOP",3.0000000000000000e+00,1.5000000000000000e+01,"01",58252,
"576PDVS2","*BACHEO7",8,"*OBRERO1",6.0000000000000000e+00,1.2000000000000000e+01,"01",58253,
"576PDVS2","*BACHEO7",8,"*MAESTR1",1.0000000000000000e+00,1.0960000000000001e+01,"01",58254,
"576PDVS2","*BACHEO7",8,"*OPENIV1",1.0000000000000000e+00,9.7200000000000006e+00,"01",58255,
"576PDVS2","*BACHEO7",8,"*OPERLIV",2.0000000000000000e+00,1.7000000000000000e+01,"01",58256,
"576PDVS2","*BACHEO7",8,"*AYUDAOP",2.0000000000000000e+00,1.5000000000000000e+01,"01",58257,
"576PDVS2","*PAVAS01",9,"*CAPEQUI",1.0000000000000000e+00,9.7200000000000006e+00,"01",59237,
"576PDVS2","*ARMRE07",10,"*CABILL1",2.0000000000000000e+00,3.1299999999999999e+00,"01",58263,
"576PDVS2","*ARMRE07",10,"*CABILL2",1.0000000000000000e+00,2.6499999999999999e+00,"01",58264,
"576PDVS2","*ARMRE07",10,"*AYUDAN1",1.0000000000000000e+00,1.2000000000000000e+01,"01",58265,
"576PDVS2","*ARMRE07",10,"*OBRERO1",4.0000000000000000e+00,1.2000000000000000e+01,"01",58266,
"576PDVS2","*ARMRE07",10,"*MCABILL",1.0000000000000000e+00,3.3199999999999998e+00,"01",58267,
"576PDVS2","P0002329",11,"MANO0056",4.0000000000000000e+00,1.0000000000000000e+01,"01",58268,
"576PDVS2","P0002329",11,"MANO0005",2.0000000000000000e+00,1.2000000000000000e+01,"01",58269,
"576PDVS2","P0002329",11,"MANO0014",1.0000000000000000e+00,1.2000000000000000e+01,"00",58270,
"576PDVS2","P0002329",11,"MANO0013",3.0000000000000000e+00,1.5000000000000000e+01,"00",58271,
"576PDVS2","P0002329",11,"MANO0040",1.0000000000000000e+00,1.8000000000000000e+01,"00",58272,
"576PDVS2","P0001367",12,"MANO0056",1.2000000000000000e+01,1.0000000000000000e+01,"01",58273,
"576PDVS2","P0001367",12,"MANO0005",4.0000000000000000e+00,1.2000000000000000e+01,"01",58274,
"576PDVS2","P0001367",12,"MANO0001",4.0000000000000000e+00,1.2000000000000000e+01,"00",58275,
"576PDVS2","P0001367",12,"MANO0043",2.0000000000000000e+00,1.8000000000000000e+01,"00",58276,
"576PDVS2","P0001367",12,"MANO0051",5.0000000000000000e+00,1.8000000000000000e+01,"00",58277,
"576PDVS2","*OBREX33",13,"*MAESTR2",1.0000000000000000e+00,1.5000000000000000e+01,"01",58278,
"576PDVS2","*OBREX33",13,"*OBRERO1",6.0000000000000000e+00,1.2000000000000000e+01,"01",58279,
"576PDVS2","*OBREX33",13,"*ALBAÑ01",2.0000000000000000e+00,1.5000000000000000e+01,"01",58280,
"576PDVS2","*OBREX33",13,"*MAQCON1",2.0000000000000000e+00,1.8000000000000000e+01,"01",58281,
"576PDVS2","*OBREX30",14,"*ALBAÑ01",2.0000000000000000e+00,1.5000000000000000e+01,"01",58282,
"576PDVS2","*OBREX30",14,"*MAQCON1",2.0000000000000000e+00,1.8000000000000000e+01,"01",58283,
"576PDVS2","*OBREX30",14,"*OBRERO1",6.0000000000000000e+00,1.2000000000000000e+01,"01",58284,
"576PDVS2","*OBREX30",14,"*MAESTR2",1.0000000000000000e+00,1.5000000000000000e+01,"01",58285,
"576PDVS2","OBREX30",15,"*CAPORAL",2.5000000000000000e-01,2.5000000000000000e+01,"01",58286,
"576PDVS2","OBREX30",15,"*OBRERO1",3.0000000000000000e+00,1.2000000000000000e+01,"01",58287,
"576PDVS2","LAI490",16,"DTC003",1.0000000000000000e+00,3.0000000000000000e+01,"01",58288,
"576PDVS2","LAI490",16,"MANO0056",2.0000000000000000e+00,1.0000000000000000e+01,"01",58289,
"576PDVS2","LAI490",16,"MANO0005",1.0000000000000000e+00,1.2000000000000000e+01,"01",58290,
"576PDVS2","P0000164",17,"MANO0059",1.0000000000000000e+00,1.5000000000000000e+01,"00",58291,
"576PDVS2","P0000164",17,"MANO0056",6.0000000000000000e+00,1.0000000000000000e+01,"01",58292,
"576PDVS2","*PAVAS01",9,"*OBRERO1",2.0000000000000000e+00,1.2000000000000000e+01,"01",59238,
"576PDVS2","*PAVAS01",9,"*OPERLIV",3.0000000000000000e+00,1.7000000000000000e+01,"01",59239,
"576PDVS2","*PAVAS01",9,"*AYUDAOP",3.0000000000000000e+00,1.5000000000000000e+01,"01",59240,
"576PDVS2","*PAVAS01",9,"*CHOFER1",1.0000000000000000e+00,9.1600000000000001e+00,"01",59241,
"576PDVS2","P0000164",17,"MANO0042",5.0000000000000000e-01,2.0000000000000000e+01,"00",58293,
"576PDVS2","P0000164",17,"MANO0007",1.0000000000000000e+00,1.0000000000000000e+01,"00",58294,
"576PDVS2","P0000164",17,"MANO0012",1.0000000000000000e+00,1.8000000000000000e+01,"00",58295,
"576PDVS2","BOTE1",18,"MANO0056",5.0000000000000000e+00,1.0000000000000000e+01,"01",58296,
"576PDVS2","BOTE1",18,"MANO0042",5.0000000000000000e-01,2.0000000000000000e+01,"00",58297,
"576PDVS2","BOTE1",18,"MANO0018",1.0000000000000000e+00,1.5000000000000000e+01,"00",58298,
"576PDVS2","LAI499",19,"MANO0057",1.0000000000000000e+00,1.2000000000000000e+01,"00",58299,
"576PDVS2","LAI499",19,"MANO0042",2.5000000000000000e-01,2.0000000000000000e+01,"00",58300,
"576PDVS2","LAI499",19,"MANO0056",2.0000000000000000e+00,1.0000000000000000e+01,"01",58301,
"576PDVS2","P0001661",20,"MANO0056",4.0000000000000000e+00,1.0000000000000000e+01,"01",58302,
"576PDVS2","P0001661",20,"MANO0042",5.0000000000000000e-01,2.0000000000000000e+01,"00",58303,
"576PDVS2","P0001661",20,"MANO0057",1.0000000000000000e+00,1.2000000000000000e+01,"00",58304,
"576PDVS2","P0002002",21,"MANO0056",1.0000000000000000e+01,1.0000000000000000e+01,"01",58305,
"576PDVS2","P0002002",21,"MANO0011",1.0000000000000000e+00,1.8000000000000000e+01,"00",58306,
"576PDVS2","P0002002",21,"MANO0057",2.0000000000000000e+00,1.2000000000000000e+01,"00",58307,
"576PDVS2","UP333",22,"MANO0056",3.0000000000000000e+00,1.0000000000000000e+01,"01",58308,
"576PDVS2","UP333",22,"MANO0057",2.5000000000000000e-01,1.2000000000000000e+01,"00",58309,
"576PDVS2","UP333",22,"MANO0050",1.0000000000000000e+00,1.8000000000000000e+01,"00",58310,
"576PDVS2","UP333",22,"MANO0005",1.0000000000000000e+00,1.2000000000000000e+01,"01",58311,
"576PDVS2","UP333",22,"MANO0072",1.0000000000000000e+00,1.5000000000000000e+01,"00",58312,
"576PDVS2","LAI530",23,"MANO0042",2.5000000000000000e-01,2.0000000000000000e+01,"00",58313,
"576PDVS2","LAI530",23,"MANO0072",1.0000000000000000e+00,1.5000000000000000e+01,"00",58314,
"576PDVS2","LAI530",23,"MANO0001",1.0000000000000000e+00,1.2000000000000000e+01,"00",58315,
"576PDVS2","LAI530",23,"MANO0056",4.0000000000000000e+00,1.0000000000000000e+01,"01",58316,
"576PDVS2","LAI530",23,"MANO0019",2.5000000000000000e-01,1.2000000000000000e+01,"00",58317,
"576PDVS2","P0004769",24,"MANO0056",6.0000000000000000e+00,1.0000000000000000e+01,"01",58318,
"576PDVS2","P0004769",24,"MANO0005",2.0000000000000000e+00,1.2000000000000000e+01,"01",58319,
"576PDVS2","P0004769",24,"MANO0001",1.0000000000000000e+00,1.2000000000000000e+01,"00",58320,
"576PDVS2","P0004769",24,"MANO0043",1.0000000000000000e+00,1.8000000000000000e+01,"00",58321,
"576PDVS2","P0004769",24,"MANO0051",1.0000000000000000e+00,1.8000000000000000e+01,"00",58322,
"576PDVS2","P0004769",24,"MANO0021",1.0000000000000000e+00,1.5000000000000000e+01,"00",58323,
"576PDVS2","P0004769",24,"MANO0057",1.0000000000000000e+00,1.2000000000000000e+01,"00",58324,
"576PDVS2","P0005722",25,"MANO0056",2.0000000000000000e+00,1.0000000000000000e+01,"01",58325,
"576PDVS2","P0005722",25,"MANO0001",1.0000000000000000e+00,1.2000000000000000e+01,"00",58326,
"576PDVS2","P0005722",25,"MANO0043",2.5000000000000000e-01,1.8000000000000000e+01,"00",58327,
"576PDVS2","P0005722",25,"MANO0059",5.0000000000000000e-01,1.5000000000000000e+01,"00",58328,
"576PDVS2","P0003198",26,"MANO0056",2.0000000000000000e+00,1.0000000000000000e+01,"01",58329,
"576PDVS2","P0003198",26,"MANO0005",1.0000000000000000e+00,1.2000000000000000e+01,"01",58330,
"576PDVS2","P0003198",26,"MANO0001",1.0000000000000000e+00,1.2000000000000000e+01,"00",58331,
"576PDVS2","P0003198",26,"MANO0043",2.5000000000000000e-01,1.8000000000000000e+01,"00",58332,
"576PDVS2","P0003198",26,"MANO0059",5.0000000000000000e-01,1.5000000000000000e+01,"00",58333,
"576PDVS2","P0004757",27,"MANO0056",2.0000000000000000e+00,1.0000000000000000e+01,"01",58334,
"576PDVS2","P0004757",27,"MANO0001",1.0000000000000000e+00,1.2000000000000000e+01,"00",58335,
"576PDVS2","P0004757",27,"MANO0043",2.5000000000000000e-01,1.8000000000000000e+01,"00",58336,
"576PDVS2","LAI531",28,"DTC003",1.0000000000000000e+00,3.0000000000000000e+01,"01",58337,
"576PDVS2","LAI531",28,"MANO0008",1.0000000000000000e+00,1.2000000000000000e+01,"00",58338,
"576PDVS2","LAI531",28,"MANO0056",4.0000000000000000e+00,1.0000000000000000e+01,"01",58339,
"576PDVS2","P0000164",29,"MANO0059",1.0000000000000000e+00,1.5000000000000000e+01,"00",58340,
"576PDVS2","P0000164",29,"MANO0056",6.0000000000000000e+00,1.0000000000000000e+01,"01",58341,
"576PDVS2","P0000164",29,"MANO0042",5.0000000000000000e-01,2.0000000000000000e+01,"00",58342,
"576PDVS2","P0000164",29,"MANO0007",1.0000000000000000e+00,1.0000000000000000e+01,"00",58343,
"576PDVS2","P0000164",29,"MANO0012",1.0000000000000000e+00,1.8000000000000000e+01,"00",58344,
"576PDVS2","P0000173",30,"MANO0056",1.0000000000000000e+01,1.0000000000000000e+01,"01",58345,
"576PDVS2","P0000173",30,"MANO0011",1.0000000000000000e+00,1.8000000000000000e+01,"00",58346,
"576PDVS2","P0000173",30,"MANO0057",2.0000000000000000e+00,1.2000000000000000e+01,"00",58347,
"576PDVS2","P0003576",31,"MANO0056",2.0000000000000000e+00,1.0000000000000000e+01,"01",58348,
"576PDVS2","P0003576",31,"MANO0005",1.0000000000000000e+00,1.2000000000000000e+01,"01",58349,
"576PDVS2","P0003576",31,"MANO0072",1.0000000000000000e+00,1.5000000000000000e+01,"00",58350,
"576PDVS2","P0003576",31,"MANO0050",2.5000000000000000e-01,1.8000000000000000e+01,"00",58351,
"576PDVS2","P0003576",31,"MANO0059",1.0000000000000000e+00,1.5000000000000000e+01,"00",58352,
"576PDVS2","P0003606",32,"MANO0005",1.0000000000000000e+00,1.2000000000000000e+01,"01",58353,
"576PDVS2","P0003606",32,"MANO0072",1.0000000000000000e+00,1.5000000000000000e+01,"00",58354,
"576PDVS2","P0003641",33,"MANO0056",1.0000000000000000e+00,1.0000000000000000e+01,"01",58355,
"576PDVS2","P0003641",33,"MANO0072",1.0000000000000000e+00,1.5000000000000000e+01,"00",58356,
"576PDVS2","LIC006",34,"MANO0056",1.0000000000000000e+00,1.0000000000000000e+01,"01",58357,
"576PDVS2","LIC006",34,"MANO0072",1.0000000000000000e+00,1.5000000000000000e+01,"00",58358,
"576PDVS2","LIC006",34,"MANO0005",2.0000000000000000e+00,1.2000000000000000e+01,"01",58359,
"576PDVS2","LIC006",34,"MANO0020",2.5000000000000000e-01,1.2000000000000000e+01,"00",58360,
"576PDVS2","P0005861",35,"MANO0005",3.0000000000000000e+00,1.2000000000000000e+01,"01",58361,
"576PDVS2","P0005861",35,"MANO0045",1.0000000000000000e+00,1.8000000000000000e+01,"00",58362,
"576PDVS2","P0005861",35,"MANO0018",2.5100000000000000e-01,1.5000000000000000e+01,"00",58363,
"576PDVS2","P0005861",35,"MANO0038",2.0000000000000000e+00,1.5000000000000000e+01,"00",58364,
"576PDVS2","P0005862",36,"MANO0059",1.0000000000000000e+00,1.5000000000000000e+01,"00",58365,
"576PDVS2","P0005862",36,"MANO0056",2.0000000000000000e+00,1.0000000000000000e+01,"01",58366,
"576PDVS2","P0005862",36,"MANO0005",4.0000000000000000e+00,1.2000000000000000e+01,"01",58367,
"576PDVS2","P0005862",36,"MANO0055",2.0000000000000000e+00,1.5000000000000000e+01,"00",58368,
"576PDVS2","P0005896",37,"MANO0005",3.0000000000000000e+00,1.2000000000000000e+01,"01",58369,
"576PDVS2","P0005896",37,"MANO0045",1.0000000000000000e+00,1.8000000000000000e+01,"00",58370,
"576PDVS2","P0005896",37,"MANO0018",2.5100000000000000e-01,1.5000000000000000e+01,"00",58371,
"576PDVS2","P0005896",37,"MANO0038",2.0000000000000000e+00,1.5000000000000000e+01,"00",58372,
"576PDVS2","ESTRUC27",38,"MANO0056",2.0000000000000000e+00,1.0000000000000000e+01,"01",58373,
"576PDVS2","ESTRUC27",38,"MANO0005",4.0000000000000000e+00,1.2000000000000000e+01,"01",58374,
"576PDVS2","ESTRUC27",38,"MANO0059",1.0000000000000000e+00,1.5000000000000000e+01,"00",58375,
"576PDVS2","ESTRUC27",38,"MANO0074",2.0000000000000000e+00,1.5000000000000000e+01,"00",58376,
"576PDVS2","ESTRUC27",38,"MANO0055",2.0000000000000000e+00,1.5000000000000000e+01,"00",58377,
"576PDVS2","P0005864",39,"MANO0005",3.0000000000000000e+00,1.2000000000000000e+01,"01",58378,
"576PDVS2","P0005864",39,"MANO0045",1.0000000000000001e-01,1.8000000000000000e+01,"00",58379,
"576PDVS2","P0005864",39,"MANO0018",1.0000000000000001e-01,1.5000000000000000e+01,"00",58380,
"576PDVS2","P0005864",39,"MANO0038",2.0000000000000000e+00,1.5000000000000000e+01,"00",58381,
"576PDVS2","P0005865",40,"MANO0005",3.0000000000000000e+00,1.2000000000000000e+01,"01",58382,
"576PDVS2","P0005865",40,"MANO0045",1.0000000000000001e-01,1.8000000000000000e+01,"00",58383,
"576PDVS2","P0005865",40,"MANO0018",1.0000000000000001e-01,1.5000000000000000e+01,"00",58384,
"576PDVS2","P0005865",40,"MANO0038",2.0000000000000000e+00,1.5000000000000000e+01,"00",58385,
"576PDVS2","P0005866",41,"MANO0005",3.0000000000000000e+00,1.2000000000000000e+01,"01",58386,
"576PDVS2","P0005866",41,"MANO0045",1.0000000000000001e-01,1.8000000000000000e+01,"00",58387,
"576PDVS2","P0005866",41,"MANO0018",1.0000000000000001e-01,1.5000000000000000e+01,"00",58388,
"576PDVS2","P0005866",41,"MANO0038",2.0000000000000000e+00,1.5000000000000000e+01,"00",58389,
"576PDVS2","P0005868",42,"MANO0005",4.0000000000000000e+00,1.2000000000000000e+01,"01",58390,
"576PDVS2","P0005868",42,"MANO0045",1.0000000000000000e+00,1.8000000000000000e+01,"00",58391,
"576PDVS2","P0005868",42,"MANO0018",5.0000000000000000e-01,1.5000000000000000e+01,"00",58392,
"576PDVS2","P0005868",42,"MANO0038",2.0000000000000000e+00,1.5000000000000000e+01,"00",58393,
"576PDVS2","P0005868",42,"MANO0026",2.0000000000000000e+00,1.5000000000000000e+01,"00",58394,
"576PDVS2","P0005872",43,"MANO0056",1.0000000000000000e+00,1.0000000000000000e+01,"01",58395,
"576PDVS2","P0005872",43,"MANO0005",1.0000000000000000e+00,1.2000000000000000e+01,"01",58396,
"576PDVS2","P0005872",43,"MANO0026",1.0000000000000000e+00,1.5000000000000000e+01,"00",58397,
"576PDVS2","CALBRE3",44,"MANO0056",1.0000000000000000e+00,1.0000000000000000e+01,"01",58398,
"576PDVS2","CALBRE3",44,"MANO0005",1.0000000000000000e+00,1.2000000000000000e+01,"01",58399,
"576PDVS2","CALBRE3",44,"MANO0026",1.0000000000000000e+00,1.5000000000000000e+01,"00",58400,
"576PDVS2","CALBRE3",44,"MANO0045",2.5000000000000000e-01,1.8000000000000000e+01,"00",58401,
"576PDVS2","TEGDG",45,"MANO0005",4.0000000000000000e+00,1.2000000000000000e+01,"01",58402,
"576PDVS2","TEGDG",45,"MANO0045",1.0000000000000000e+00,1.8000000000000000e+01,"00",58403,
"576PDVS2","TEGDG",45,"MANO0018",1.0000000000000000e+00,1.5000000000000000e+01,"00",58404,
"576PDVS2","TEGDG",45,"MANO0038",2.0000000000000000e+00,1.5000000000000000e+01,"00",58405,
"576PDVS2","TEGDG",45,"MANO0026",2.0000000000000000e+00,1.5000000000000000e+01,"00",58406,
"576PDVS2","FEFF",46,"MANO0005",3.0000000000000000e+00,1.2000000000000000e+01,"01",58407,
"576PDVS2","FEFF",46,"MANO0045",1.0000000000000001e-01,1.8000000000000000e+01,"00",58408,
"576PDVS2","FEFF",46,"MANO0018",1.0000000000000001e-01,1.5000000000000000e+01,"00",58409,
"576PDVS2","FEFF",46,"MANO0038",2.0000000000000000e+00,1.5000000000000000e+01,"00",58410,
"576PDVS2","P0005888",47,"MANO0056",4.0000000000000000e+00,1.0000000000000000e+01,"01",58411,
"576PDVS2","P0005888",47,"MANO0005",1.0000000000000000e+00,1.2000000000000000e+01,"01",58412,
"576PDVS2","P0005888",47,"MANO0074",1.0000000000000000e+00,1.5000000000000000e+01,"00",58413,
"576PDVS2","P0005888",47,"MANO0009",1.0000000000000000e+00,1.5000000000000000e+01,"01",58414,
"576PDVS2","P0005893",48,"MANO0005",1.0000000000000000e+00,1.2000000000000000e+01,"01",58415,
"576PDVS2","P0005893",48,"MANO0045",1.0000000000000001e-01,1.8000000000000000e+01,"00",58416,
"576PDVS2","P0005893",48,"MANO0020",1.0000000000000001e-01,1.2000000000000000e+01,"00",58417,
"576PDVS2","P0005893",48,"MANO0001",4.0000000000000000e+00,1.2000000000000000e+01,"00",58418,
"576PDVS2","P0005894",49,"MANO0045",5.0000000000000000e-01,1.8000000000000000e+01,"00",58419,
"576PDVS2","P0005894",49,"MANO0005",1.0000000000000000e+00,1.2000000000000000e+01,"01",58420,
"576PDVS2","P0005894",49,"MANO0026",1.0000000000000000e+00,1.5000000000000000e+01,"00",58421,
"576PDVS2","P0005895",50,"MANO0005",3.0000000000000000e+00,1.2000000000000000e+01,"01",58422,
"576PDVS2","P0005895",50,"MANO0045",1.0000000000000001e-01,1.8000000000000000e+01,"00",58423,
"576PDVS2","P0005895",50,"MANO0018",2.0000000000000001e-01,1.5000000000000000e+01,"00",58424,
"576PDVS2","P0005895",50,"MANO0038",2.0000000000000000e+00,1.5000000000000000e+01,"00",58425,
"576PDVS2","P0003897",51,"MANO0005",2.0000000000000000e+00,1.2000000000000000e+01,"01",58426,
"576PDVS2","P0003897",51,"MANO0070",2.0000000000000000e+00,1.5000000000000000e+01,"00",58427,
"576PDVS2","P0003897",51,"MANO0049",1.0000000000000001e-01,1.8000000000000000e+01,"00",58428,
"576PDVS2","P0003897",51,"MANO0018",1.0000000000000001e-01,1.5000000000000000e+01,"00",58429,
"576PDVS2","P0003898",52,"MANO0005",2.0000000000000000e+00,1.2000000000000000e+01,"01",58430,
"576PDVS2","P0003898",52,"MANO0070",2.0000000000000000e+00,1.5000000000000000e+01,"00",58431,
"576PDVS2","P0003898",52,"MANO0049",1.0000000000000001e-01,1.8000000000000000e+01,"00",58432,
"576PDVS2","P0003898",52,"MANO0018",1.0000000000000001e-01,1.5000000000000000e+01,"00",58433,
"576PDVS2","P0003820",53,"MANO0005",3.0000000000000000e+00,1.2000000000000000e+01,"01",58434,
"576PDVS2","P0003820",53,"MANO0045",1.0000000000000001e-01,1.8000000000000000e+01,"00",58435,
"576PDVS2","P0003820",53,"MANO0018",2.5000000000000000e-01,1.5000000000000000e+01,"00",58436,
"576PDVS2","P0003820",53,"MANO0038",2.0000000000000000e+00,1.5000000000000000e+01,"00",58437,
"576PDVS2","P0003821",54,"MANO0005",3.0000000000000000e+00,1.2000000000000000e+01,"01",58438,
"576PDVS2","P0003821",54,"MANO0045",1.0000000000000001e-01,1.8000000000000000e+01,"00",58439,
"576PDVS2","P0003821",54,"MANO0018",2.5000000000000000e-01,1.5000000000000000e+01,"00",58440,
"576PDVS2","P0003821",54,"MANO0038",2.0000000000000000e+00,1.5000000000000000e+01,"00",58441,
"576PDVS2","P0005708",55,"MANO0005",3.0000000000000000e+00,1.2000000000000000e+01,"01",58442,
"576PDVS2","P0005708",55,"MANO0045",1.0000000000000001e-01,1.8000000000000000e+01,"00",58443,
"576PDVS2","P0005708",55,"MANO0018",1.0000000000000001e-01,1.5000000000000000e+01,"00",58444,
"576PDVS2","P0005708",55,"MANO0038",2.0000000000000000e+00,1.5000000000000000e+01,"00",58445,
"576PDVS2","P0000160",56,"MANO0056",8.0000000000000000e+00,1.0000000000000000e+01,"01",58446,
"576PDVS2","P0000160",56,"MANO0011",1.0000000000000000e+00,1.8000000000000000e+01,"00",58447,
"576PDVS2","P0000147",57,"MANO0056",1.0000000000000000e+01,1.0000000000000000e+01,"01",58448,
"576PDVS2","P0000147",57,"MANO0011",2.5000000000000000e-01,1.8000000000000000e+01,"00",58449,
"576PDVS2","P0000176",58,"MANO0057",1.0000000000000000e+00,1.2000000000000000e+01,"00",58450,
"576PDVS2","P0000176",58,"MANO0056",4.0000000000000000e+00,1.0000000000000000e+01,"01",58451,
"576PDVS2","P0000176",58,"MANO0042",2.5000000000000000e-01,2.0000000000000000e+01,"00",58452,
"576PDVS2","P0000645",59,"MANO0056",4.0000000000000000e+00,1.0000000000000000e+01,"01",58453,
"576PDVS2","P0000645",59,"MANO0005",4.0000000000000000e+00,1.2000000000000000e+01,"01",58454,
"576PDVS2","P0000645",59,"MANO0010",1.0000000000000000e+00,1.2000000000000000e+01,"01",58455,
"576PDVS2","P0000645",59,"MANO0009",3.0000000000000000e+00,1.5000000000000000e+01,"01",58456,
"576PDVS2","P0000645",59,"MANO0039",1.0000000000000000e+00,2.0000000000000000e+01,"01",58457,
"576PDVS2","P0000647",60,"MANO0056",4.0000000000000000e+00,1.0000000000000000e+01,"01",58458,
"576PDVS2","P0000647",60,"MANO0005",4.0000000000000000e+00,1.2000000000000000e+01,"01",58459,
"576PDVS2","P0000647",60,"MANO0010",1.0000000000000000e+00,1.2000000000000000e+01,"01",58460,
"576PDVS2","P0000647",60,"MANO0009",3.0000000000000000e+00,1.5000000000000000e+01,"01",58461,
"576PDVS2","P0000647",60,"MANO0039",1.0000000000000000e+00,2.0000000000000000e+01,"01",58462,
"576PDVS2","EDF-9004",61,"MANO0056",8.0000000000000000e+00,1.0000000000000000e+01,"01",58463,
"576PDVS2","EDF-9004",61,"MANO0005",8.0000000000000000e+00,1.2000000000000000e+01,"01",58464,
"576PDVS2","EDF-9004",61,"MANO0010",4.0000000000000000e+00,1.2000000000000000e+01,"01",58465,
"576PDVS2","EDF-9004",61,"MANO0009",4.0000000000000000e+00,1.5000000000000000e+01,"01",58466,
"576PDVS2","EDF-9004",61,"MANO0039",1.0000000000000000e+00,2.0000000000000000e+01,"01",58467,
"576PDVS2","P0000648",62,"MANO0056",4.0000000000000000e+00,1.0000000000000000e+01,"01",58468,
"576PDVS2","P0000648",62,"MANO0005",4.0000000000000000e+00,1.2000000000000000e+01,"01",58469,
"576PDVS2","P0000648",62,"MANO0010",1.0000000000000000e+00,1.2000000000000000e+01,"01",58470,
"576PDVS2","P0000648",62,"MANO0009",3.0000000000000000e+00,1.5000000000000000e+01,"01",58471,
"576PDVS2","P0000648",62,"MANO0039",2.5000000000000000e-01,2.0000000000000000e+01,"01",58472,
"576PDVS2","P0002330",63,"MANO0056",4.0000000000000000e+00,1.0000000000000000e+01,"01",58473,
"576PDVS2","P0002330",63,"MANO0005",2.0000000000000000e+00,1.2000000000000000e+01,"01",58474,
"576PDVS2","P0002330",63,"MANO0014",1.0000000000000000e+00,1.2000000000000000e+01,"00",58475,
"576PDVS2","P0002330",63,"MANO0013",3.0000000000000000e+00,1.5000000000000000e+01,"00",58476,
"576PDVS2","P0002330",63,"MANO0040",1.0000000000000000e+00,1.8000000000000000e+01,"00",58477,
"576PDVS2","P0000211",64,"MANO0056",8.0000000000000000e+00,1.0000000000000000e+01,"01",58478,
"576PDVS2","P0000211",64,"MANO0005",4.0000000000000000e+00,1.2000000000000000e+01,"01",58479,
"576PDVS2","P0000211",64,"MANO0001",1.0000000000000000e+00,1.2000000000000000e+01,"00",58480,
"576PDVS2","P0000211",64,"MANO0043",1.0000000000000000e+00,1.8000000000000000e+01,"00",58481,
"576PDVS2","P0000211",64,"MANO0051",1.0000000000000000e+00,1.8000000000000000e+01,"00",58482,
"576PDVS2","P0000211",64,"MANO0057",2.0000000000000000e+00,1.2000000000000000e+01,"00",58483,
"576PDVS2","P0005904",65,"MANO0056",2.0000000000000000e+01,1.0000000000000000e+01,"01",58484,
"576PDVS2","P0005904",65,"MANO0005",2.4000000000000000e+01,1.2000000000000000e+01,"01",58485,
"576PDVS2","P0005904",65,"MANO0001",8.0000000000000000e+00,1.2000000000000000e+01,"00",58486,
"576PDVS2","P0005904",65,"MANO0042",1.0000000000000000e+00,2.0000000000000000e+01,"00",58487,
"576PDVS2","P0005904",65,"MANO0057",1.0000000000000000e+00,1.2000000000000000e+01,"00",58488,
"576PDVS2","P0000653",66,"MANO0056",1.2000000000000000e+01,1.0000000000000000e+01,"01",58489,
"576PDVS2","P0000653",66,"MANO0005",1.2000000000000000e+01,1.2000000000000000e+01,"01",58490,
"576PDVS2","P0000653",66,"MANO0010",6.0000000000000000e+00,1.2000000000000000e+01,"01",58491,
"576PDVS2","P0000653",66,"MANO0009",6.0000000000000000e+00,1.5000000000000000e+01,"01",58492,
"576PDVS2","P0000653",66,"MANO0039",1.0000000000000000e+00,2.0000000000000000e+01,"01",58493,
"576PDVS2","P0005902",67,"MANO0056",2.5000000000000000e+01,1.0000000000000000e+01,"01",58494,
"576PDVS2","P0005902",67,"MANO0005",2.5000000000000000e+01,1.2000000000000000e+01,"01",58495,
"576PDVS2","P0005902",67,"MANO0042",1.0000000000000000e+00,2.0000000000000000e+01,"00",58496,
"576PDVS2","P0005902",67,"MANO0013",1.0000000000000000e+01,1.5000000000000000e+01,"00",58497,
"576PDVS2","P0005815",68,"MANO0056",2.2000000000000000e+01,1.0000000000000000e+01,"01",58498,
"576PDVS2","P0005815",68,"MANO0005",2.2000000000000000e+01,1.2000000000000000e+01,"01",58499,
"576PDVS2","P0005815",68,"MANO0001",6.0000000000000000e+00,1.2000000000000000e+01,"00",58500,
"576PDVS2","P0005815",68,"MANO0042",1.0000000000000000e+00,2.0000000000000000e+01,"00",58501,
"576PDVS2","P0005815",68,"MANO0057",2.0000000000000000e+00,1.2000000000000000e+01,"00",58502,
"576PDVS2","P0000822",69,"MANO0056",5.0000000000000000e+00,1.0000000000000000e+01,"01",58503,
"576PDVS2","P0000822",69,"MANO0005",1.0000000000000000e+00,1.2000000000000000e+01,"01",58504,
"576PDVS2","P0000822",69,"MANO0032",2.0000000000000000e+00,1.5000000000000000e+01,"00",58505,
"576PDVS2","P0000822",69,"MANO0047",1.0000000000000000e+00,1.8000000000000000e+01,"00",58506,
"576PDVS2","P0003174",70,"MANO0043",1.0000000000000000e+00,1.8000000000000000e+01,"00",58507,
"576PDVS2","P0003174",70,"MANO0051",2.0000000000000000e+00,1.8000000000000000e+01,"00",58508,
"576PDVS2","P0003174",70,"MANO0056",8.0000000000000000e+00,1.0000000000000000e+01,"01",58509,
"576PDVS2","P0003174",70,"MANO0005",2.0000000000000000e+00,1.2000000000000000e+01,"01",58510,
"576PDVS2","P0003174",70,"MANO0001",2.0000000000000000e+00,1.2000000000000000e+01,"00",58511,
"576PDVS2","*ALBAÑ52",71,"MANO0001",1.8000000000000000e+01,1.2000000000000000e+01,"00",58512,
"576PDVS2","*ALBAÑ52",71,"MANO0056",1.8000000000000000e+01,1.0000000000000000e+01,"01",58513,
"576PDVS2","*ALBAÑ52",71,"MANO0042",1.0000000000000000e+00,2.0000000000000000e+01,"00",58514,
"576PDVS2","*ALBAÑ52",71,"MANO0059",4.0000000000000000e+00,1.5000000000000000e+01,"00",58515,
"576PDVS2","P0000696",72,"MANO0005",1.0000000000000000e+00,1.2000000000000000e+01,"01",58516,
"576PDVS2","P0000696",72,"MANO0001",3.0000000000000000e+00,1.2000000000000000e+01,"00",58517,
"576PDVS2","P0000696",72,"MANO0043",2.5000000000000000e-01,1.8000000000000000e+01,"00",58518,
"576PDVS2","P0000696",72,"MANO0056",3.0000000000000000e+00,1.0000000000000000e+01,"01",58519,
"576PDVS2","P0000726",73,"MANO0056",2.4000000000000000e+01,1.0000000000000000e+01,"01",58520,
"576PDVS2","P0000726",73,"MANO0005",6.0000000000000000e+00,1.2000000000000000e+01,"01",58521,
"576PDVS2","P0000726",73,"MANO0001",1.0000000000000000e+01,1.2000000000000000e+01,"00",58522,
"576PDVS2","P0000726",73,"MANO0043",3.0000000000000000e+00,1.8000000000000000e+01,"00",58523,
"576PDVS2","P0000726",73,"MANO0059",3.0000000000000000e+00,1.5000000000000000e+01,"00",58524,
"576PDVS2","P0000738",74,"MANO0056",8.0000000000000000e+00,1.0000000000000000e+01,"01",58525,
"576PDVS2","P0000738",74,"MANO0005",1.0000000000000000e+01,1.2000000000000000e+01,"01",58526,
"576PDVS2","P0000738",74,"MANO0001",1.0000000000000000e+01,1.2000000000000000e+01,"00",58527,
"576PDVS2","P0000738",74,"MANO0043",3.0000000000000000e+00,1.8000000000000000e+01,"00",58528,
"576PDVS2","P0000738",74,"MANO0059",3.0000000000000000e+00,1.5000000000000000e+01,"00",58529,
"576PDVS2","ALBAÑ27",75,"*OBRERO1",8.0000000000000000e+00,1.2000000000000000e+01,"01",58530,
"576PDVS2","ALBAÑ27",75,"*ALBAÑ01",1.5000000000000000e+01,1.5000000000000000e+01,"01",58531,
"576PDVS2","ALBAÑ27",75,"*ALBAÑ02",1.5000000000000000e+01,1.5000000000000000e+01,"01",58532,
"576PDVS2","ALBAÑ27",75,"*MALBAÑ1",1.0000000000000000e+00,1.5000000000000000e+01,"01",58533,
"576PDVS2","ALBAÑ28",76,"*OBRERO1",8.0000000000000000e+00,1.2000000000000000e+01,"01",58534,
"576PDVS2","ALBAÑ28",76,"*ALBAÑ01",1.5000000000000000e+01,1.5000000000000000e+01,"01",58535,
"576PDVS2","ALBAÑ28",76,"*ALBAÑ02",1.5000000000000000e+01,1.5000000000000000e+01,"01",58536,
"576PDVS2","ALBAÑ28",76,"*MALBAÑ1",1.0000000000000000e+00,1.5000000000000000e+01,"01",58537,
"576PDVS2","P0002544",77,"MANO0043",5.0000000000000000e-01,1.8000000000000000e+01,"00",58538,
"576PDVS2","P0002544",77,"MANO0055",1.0000000000000000e+01,1.5000000000000000e+01,"00",58539,
"576PDVS2","P0002544",77,"MANO0056",1.0000000000000000e+01,1.0000000000000000e+01,"01",58540,
"576PDVS2","EDF-0901",78,"MANO0056",8.0000000000000000e+00,1.0000000000000000e+01,"01",58541,
"576PDVS2","EDF-0901",78,"MANO0043",1.0000000000000000e+00,1.8000000000000000e+01,"00",58542,
"576PDVS2","EDF-0901",78,"MANO0055",8.0000000000000000e+00,1.5000000000000000e+01,"00",58543,
"576PDVS2","P0000855",79,"MANO0056",8.0000000000000000e+00,1.0000000000000000e+01,"01",58544,
"576PDVS2","P0000855",79,"MANO0013",1.5000000000000000e+01,1.5000000000000000e+01,"00",58545,
"576PDVS2","P0000855",79,"MANO0041",2.5000000000000000e-01,1.5000000000000000e+01,"00",58546,
"576PDVS2","P0000849",80,"MANO0056",1.0000000000000000e+01,1.0000000000000000e+01,"01",58547,
"576PDVS2","P0000849",80,"MANO0005",8.0000000000000000e+00,1.2000000000000000e+01,"01",58548,
"576PDVS2","P0000849",80,"MANO0001",8.0000000000000000e+00,1.2000000000000000e+01,"00",58549,
"576PDVS2","P0000849",80,"MANO0043",1.0000000000000000e+00,1.8000000000000000e+01,"00",58550,
"576PDVS2","HERRE18",81,"*AYUDAN1",1.0000000000000000e+01,1.2000000000000000e+01,"01",58551,
"576PDVS2","HERRE18",81,"*GUINCHE",1.0000000000000000e+00,1.2000000000000000e+01,"01",58552,
"576PDVS2","HERRE18",81,"*MAESTR2",1.0000000000000000e+00,1.5000000000000000e+01,"01",58553,
"576PDVS2","HERRE18",81,"MANO0074",1.5000000000000000e+01,1.5000000000000000e+01,"00",58554,
"576PDVS2","P0000909",82,"MANO0005",8.0000000000000000e+00,1.2000000000000000e+01,"01",58555,
"576PDVS2","P0000909",82,"MANO0013",8.0000000000000000e+00,1.5000000000000000e+01,"00",58556,
"576PDVS2","CARPI10",83,"*GUINCHE",1.0000000000000000e+00,1.2000000000000000e+01,"01",58557,
"576PDVS2","CARPI10",83,"*MCARPI2",2.5000000000000000e-01,9.1999999999999993e+00,"01",58558,
"576PDVS2","CARPI10",83,"*CARPI01",1.0000000000000000e+00,1.2000000000000000e+01,"01",58559,
"576PDVS2","CARPI10",83,"*AYUDAN1",1.0000000000000000e+00,1.2000000000000000e+01,"01",58560,
"576PDVS2","P0000904",84,"MANO0005",5.0000000000000000e+01,1.2000000000000000e+01,"01",58561,
"576PDVS2","P0000904",84,"MANO0070",5.0000000000000000e+01,1.5000000000000000e+01,"00",58562,
"576PDVS2","P0000904",84,"MANO0049",3.0000000000000000e+00,1.8000000000000000e+01,"00",58563,
"576PDVS2","P0000905",85,"MANO0005",3.0000000000000000e+01,1.2000000000000000e+01,"01",58564,
"576PDVS2","P0000905",85,"MANO0070",3.0000000000000000e+01,1.5000000000000000e+01,"00",58565,
"576PDVS2","P0000905",85,"MANO0049",3.0000000000000000e+00,1.8000000000000000e+01,"00",58566,
"576PDVS2","P0000896",86,"MANO0005",1.0000000000000000e+01,1.2000000000000000e+01,"01",58567,
"576PDVS2","P0000896",86,"MANO0071",1.2000000000000000e+01,1.2000000000000000e+01,"00",58568,
"576PDVS2","P0000896",86,"MANO0070",1.2000000000000000e+01,1.5000000000000000e+01,"00",58569,
"576PDVS2","P0000896",86,"MANO0049",1.0000000000000000e+00,1.8000000000000000e+01,"00",58570,
"576PDVS2","P0000935",87,"MANO0056",3.0000000000000000e+00,1.0000000000000000e+01,"01",58571,
"576PDVS2","P0000935",87,"MANO0005",3.0000000000000000e+00,1.2000000000000000e+01,"01",58572,
"576PDVS2","P0000935",87,"MANO0026",3.0000000000000000e+00,1.5000000000000000e+01,"00",58573,
"576PDVS2","P0000935",87,"MANO0045",1.0000000000000000e+00,1.8000000000000000e+01,"00",58574,
"576PDVS2","P0000930",88,"MANO0056",1.0000000000000000e+00,1.0000000000000000e+01,"01",58575,
"576PDVS2","P0000930",88,"MANO0005",1.0000000000000000e+00,1.2000000000000000e+01,"01",58576,
"576PDVS2","P0000930",88,"MANO0026",1.0000000000000000e+00,1.5000000000000000e+01,"00",58577,
"576PDVS2","P0000930",88,"MANO0045",5.0000000000000000e-01,1.8000000000000000e+01,"00",58578,
"576PDVS2","P0000936",89,"MANO0056",3.0000000000000000e+00,1.0000000000000000e+01,"01",58579,
"576PDVS2","P0000936",89,"MANO0005",3.0000000000000000e+00,1.2000000000000000e+01,"01",58580,
"576PDVS2","P0000936",89,"MANO0026",3.0000000000000000e+00,1.5000000000000000e+01,"00",58581,
"576PDVS2","P0000936",89,"MANO0045",1.0000000000000000e+00,1.8000000000000000e+01,"00",58582,
"576PDVS2","P0002673",90,"MANO0056",5.0000000000000000e+00,1.0000000000000000e+01,"01",58583,
"576PDVS2","P0002673",90,"MANO0005",5.0000000000000000e+00,1.2000000000000000e+01,"01",58584,
"576PDVS2","P0002673",90,"MANO0026",1.0000000000000000e+01,1.5000000000000000e+01,"00",58585,
"576PDVS2","P0002673",90,"MANO0045",1.0000000000000000e+00,1.8000000000000000e+01,"00",58586,
"576PDVS2","P0002674",91,"MANO0056",1.0000000000000000e+00,1.0000000000000000e+01,"01",58587,
"576PDVS2","P0002674",91,"MANO0005",1.0000000000000000e+00,1.2000000000000000e+01,"01",58588,
"576PDVS2","P0002674",91,"MANO0026",2.0000000000000000e+00,1.5000000000000000e+01,"00",58589,
"576PDVS2","P0002674",91,"MANO0045",2.5000000000000000e-01,1.8000000000000000e+01,"00",58590,
"576PDVS2","*CABLE28",92,"*ELECTR2",1.0000000000000000e+00,2.6499999999999999e+00,"01",58591,
"576PDVS2","*CABLE28",92,"*ELECTR1",1.0000000000000000e+00,2.0000000000000000e+01,"01",58592,
"576PDVS2","*CABLE28",92,"*MELECTR",2.5000000000000000e-01,2.0000000000000000e+01,"01",58593,
"576PDVS2","*CABLE28",92,"*AYUDAN1",2.0000000000000000e+00,1.2000000000000000e+01,"01",58594,
"576PDVS2","P0001013",93,"MANO0005",1.0000000000000000e+00,1.2000000000000000e+01,"01",58595,
"576PDVS2","P0001013",93,"MANO0026",1.0000000000000000e+00,1.5000000000000000e+01,"00",58596,
"576PDVS2","P0001013",93,"MANO0045",1.0000000000000001e-01,1.8000000000000000e+01,"00",58597,
"576PDVS2","P0001017",94,"MANO0005",1.0000000000000000e+00,1.2000000000000000e+01,"01",58598,
"576PDVS2","P0001017",94,"MANO0026",1.0000000000000000e+00,1.5000000000000000e+01,"00",58599,
"576PDVS2","P0001017",94,"MANO0045",1.0000000000000001e-01,1.8000000000000000e+01,"00",58600,
"576PDVS2","P0001049",95,"MANO0056",3.0000000000000000e+00,1.0000000000000000e+01,"01",58601,
"576PDVS2","P0001049",95,"MANO0005",3.0000000000000000e+00,1.2000000000000000e+01,"01",58602,
"576PDVS2","P0001049",95,"MANO0026",3.0000000000000000e+00,1.5000000000000000e+01,"00",58603,
"576PDVS2","P0001049",95,"MANO0045",1.0000000000000000e+00,1.8000000000000000e+01,"00",58604,
"576PDVS2","P0001042",96,"MANO0056",3.0000000000000000e+00,1.0000000000000000e+01,"01",58605,
"576PDVS2","P0001042",96,"MANO0005",3.0000000000000000e+00,1.2000000000000000e+01,"01",58606,
"576PDVS2","P0001042",96,"MANO0026",3.0000000000000000e+00,1.5000000000000000e+01,"00",58607,
"576PDVS2","P0001042",96,"MANO0045",1.0000000000000000e+00,1.8000000000000000e+01,"00",58608,
"576PDVS2","P0001053",97,"MANO0005",4.0000000000000000e+00,1.2000000000000000e+01,"01",58609,
"576PDVS2","P0001053",97,"MANO0001",4.0000000000000000e+00,1.2000000000000000e+01,"00",58610,
"576PDVS2","P0001053",97,"MANO0026",4.0000000000000000e+00,1.5000000000000000e+01,"00",58611,
"576PDVS2","P0001053",97,"MANO0045",1.0000000000000001e-01,1.8000000000000000e+01,"00",58612,
"576PDVS2","BREAKER",98,"MANO0005",1.0000000000000000e+00,1.2000000000000000e+01,"01",58613,
"576PDVS2","BREAKER",98,"MANO0026",1.0000000000000000e+00,1.5000000000000000e+01,"00",58614,
"576PDVS2","BREAKER",98,"MANO0045",2.5000000000000000e-01,1.8000000000000000e+01,"00",58615,
"576PDVS2","P0005133",99,"MANO0005",1.0000000000000000e+00,1.2000000000000000e+01,"01",58616,
"576PDVS2","P0005133",99,"MANO0026",1.0000000000000000e+00,1.5000000000000000e+01,"00",58617,
"576PDVS2","P0005133",99,"MANO0045",2.5000000000000000e-01,1.8000000000000000e+01,"00",58618,
"576PDVS2","PAR0942",100,"MANO0005",5.0000000000000000e+00,1.2000000000000000e+01,"01",58619,
"576PDVS2","PAR0942",100,"MANO0026",5.0000000000000000e+00,1.5000000000000000e+01,"00",58620,
"576PDVS2","PAR0942",100,"MANO0045",1.0000000000000000e+00,1.8000000000000000e+01,"00",58621,
"576PDVS2","CAJAMED",101,"MANO0005",3.0000000000000000e+00,1.2000000000000000e+01,"01",58622,
"576PDVS2","CAJAMED",101,"MANO0045",1.0000000000000001e-01,1.8000000000000000e+01,"00",58623,
"576PDVS2","CAJAMED",101,"MANO0018",1.0000000000000001e-01,1.5000000000000000e+01,"00",58624,
"576PDVS2","CAJAMED",101,"MANO0038",2.0000000000000000e+00,1.5000000000000000e+01,"00",58625,
"576PDVS2","PAR0986",102,"*OBRERO1",3.0000000000000000e+00,1.2000000000000000e+01,"01",58628,
"576PDVS2","PAR0986",102,"*AYUDAN1",3.0000000000000000e+00,1.2000000000000000e+01,"01",58629,
"576PDVS2","PAR0986",102,"*ELECTR1",3.0000000000000000e+00,2.0000000000000000e+01,"01",58630,
"576PDVS2","PAR0986",102,"*MOBELEM",1.0000000000000000e+00,1.9719999999999999e+01,"01",58631,
"576PDVS2","TUBECOBR",103,"MANO0056",5.0000000000000000e+00,1.0000000000000000e+01,"01",58632,
"576PDVS2","TUBECOBR",103,"MANO0001",5.0000000000000000e+00,1.2000000000000000e+01,"00",58633,
"576PDVS2","TUBECOBR",103,"MANO0074",5.0000000000000000e+00,1.5000000000000000e+01,"00",58634,
"576PDVS2","TUBECOBR",103,"MANO0044",2.5000000000000000e-01,1.8000000000000000e+01,"00",58635,
"576PDVS2","P0005222",104,"MANO0056",2.0000000000000000e+00,1.0000000000000000e+01,"01",58636,
"576PDVS2","P0005222",104,"MANO0001",1.0000000000000000e+00,1.2000000000000000e+01,"00",58637,
"576PDVS2","P0005222",104,"MANO0074",1.0000000000000000e+00,1.5000000000000000e+01,"00",58638,
"576PDVS2","P0005222",104,"MANO0044",2.5000000000000000e-01,1.8000000000000000e+01,"00",58639,
"576PDVS2","P0001171",106,"MANO0056",1.0000000000000000e+00,1.0000000000000000e+01,"01",58640,
"576PDVS2","P0001171",106,"MANO0005",1.0000000000000000e+00,1.2000000000000000e+01,"01",58641,
"576PDVS2","P0001171",106,"MANO0072",1.0000000000000000e+00,1.5000000000000000e+01,"00",58642,
"576PDVS2","P0001171",106,"MANO0050",2.5000000000000000e-01,1.8000000000000000e+01,"00",58643,
"576PDVS2","P0001172",107,"MANO0056",6.0000000000000000e+00,1.0000000000000000e+01,"01",58644,
"576PDVS2","P0001172",107,"MANO0005",6.0000000000000000e+00,1.2000000000000000e+01,"01",58645,
"576PDVS2","P0001172",107,"MANO0072",6.0000000000000000e+00,1.5000000000000000e+01,"00",58646,
"576PDVS2","P0001172",107,"MANO0050",2.5000000000000000e-01,1.8000000000000000e+01,"00",58647,
"576PDVS2","P0003578",111,"MANO0056",2.0000000000000000e+00,1.0000000000000000e+01,"01",58660,
"576PDVS2","P0003578",111,"MANO0005",1.0000000000000000e+00,1.2000000000000000e+01,"01",58661,
"576PDVS2","P0001211",110,"MANO0056",3.0000000000000000e+00,1.0000000000000000e+01,"01",58723,
"576PDVS2","P0001211",110,"MANO0005",3.0000000000000000e+00,1.2000000000000000e+01,"01",58724,
"576PDVS2","P0001211",110,"MANO0072",6.0000000000000000e+00,1.5000000000000000e+01,"00",58725,
"576PDVS2","P0001209",109,"MANO0056",6.0000000000000000e+00,1.0000000000000000e+01,"01",58727,
"576PDVS2","P0001209",109,"MANO0005",6.0000000000000000e+00,1.2000000000000000e+01,"01",58728,
"576PDVS2","P0001209",109,"MANO0072",6.0000000000000000e+00,1.5000000000000000e+01,"00",58729,
"576PDVS2","P0001209",109,"MANO0050",2.5000000000000000e-01,1.8000000000000000e+01,"00",58730,
"576PDVS2","P0001173",108,"MANO0056",1.0000000000000000e+00,1.0000000000000000e+01,"01",58731,
"576PDVS2","P0001173",108,"MANO0005",1.0000000000000000e+00,1.2000000000000000e+01,"01",58732,
"576PDVS2","P0001173",108,"MANO0072",1.0000000000000000e+00,1.5000000000000000e+01,"00",58733,
"576PDVS2","P0001173",108,"MANO0050",2.5000000000000000e-01,1.8000000000000000e+01,"00",58734,
"576PDVS2","P0003578",111,"MANO0072",1.0000000000000000e+00,1.5000000000000000e+01,"00",58662,
"576PDVS2","P0003578",111,"MANO0050",2.5000000000000000e-01,1.8000000000000000e+01,"00",58663,
"576PDVS2","P0003578",111,"MANO0059",1.0000000000000000e+00,1.5000000000000000e+01,"00",58664,
"576PDVS2","P0001217",112,"MANO0056",1.0000000000000000e+00,1.0000000000000000e+01,"01",58665,
"576PDVS2","P0001217",112,"MANO0005",1.0000000000000000e+00,1.2000000000000000e+01,"01",58666,
"576PDVS2","P0001217",112,"MANO0001",2.5000000000000000e-01,1.2000000000000000e+01,"00",58667,
"576PDVS2","P0001217",112,"MANO0072",1.0000000000000000e+00,1.5000000000000000e+01,"00",58668,
"576PDVS2","P0001217",112,"MANO0050",2.5000000000000000e-01,1.8000000000000000e+01,"00",58669,
"576PDVS2","P0001250",113,"MANO0056",1.0000000000000000e+00,1.0000000000000000e+01,"01",58670,
"576PDVS2","P0001250",113,"MANO0005",1.0000000000000000e+00,1.2000000000000000e+01,"01",58671,
"576PDVS2","P0001250",113,"MANO0072",1.0000000000000000e+00,1.5000000000000000e+01,"00",58672,
"576PDVS2","P0001250",113,"MANO0050",2.5000000000000000e-01,1.8000000000000000e+01,"00",58673,
"576PDVS2","P0001251",114,"MANO0056",1.0000000000000000e+00,1.0000000000000000e+01,"01",58674,
"576PDVS2","P0001251",114,"MANO0005",1.0000000000000000e+00,1.2000000000000000e+01,"01",58675,
"576PDVS2","P0001251",114,"MANO0072",1.0000000000000000e+00,1.5000000000000000e+01,"00",58676,
"576PDVS2","P0001251",114,"MANO0050",2.5000000000000000e-01,1.8000000000000000e+01,"00",58677,
"576PDVS2","P0002930",115,"MANO0072",1.0000000000000000e+00,1.5000000000000000e+01,"00",58678,
"576PDVS2","P0002930",115,"MANO0056",2.0000000000000000e+00,1.0000000000000000e+01,"01",58679,
"576PDVS2","P0005841",116,"MANO0072",2.0000000000000000e+00,1.5000000000000000e+01,"00",58680,
"576PDVS2","P0005841",116,"MANO0050",5.0000000000000000e-01,1.8000000000000000e+01,"00",58681,
"576PDVS2","P0005841",116,"MANO0005",2.0000000000000000e+00,1.2000000000000000e+01,"01",58682,
"576PDVS2","TAPON",117,"MANO0005",2.0000000000000000e+00,1.2000000000000000e+01,"01",58683,
"576PDVS2","TAPON",117,"MANO0072",2.0000000000000000e+00,1.5000000000000000e+01,"00",58684,
"576PDVS2","TAPON",117,"MANO0050",5.0000000000000000e-01,1.8000000000000000e+01,"00",58685,
"576PDVS2","TAPON1",118,"MANO0005",1.0000000000000000e+01,1.2000000000000000e+01,"01",58686,
"576PDVS2","TAPON1",118,"MANO0072",2.0000000000000000e+00,1.5000000000000000e+01,"00",58687,
"576PDVS2","TAPON1",118,"MANO0050",5.0000000000000000e-01,1.8000000000000000e+01,"00",58688,
"576PDVS2","P0001321",119,"MANO0005",1.0000000000000000e+01,1.2000000000000000e+01,"01",58689,
"576PDVS2","P0001321",119,"MANO0072",1.0000000000000000e+01,1.5000000000000000e+01,"00",58690,
"576PDVS2","P0001321",119,"MANO0050",1.0000000000000000e+00,1.8000000000000000e+01,"00",58691,
"576PDVS2","P0002986",120,"MANO0005",1.0000000000000000e+01,1.2000000000000000e+01,"01",58692,
"576PDVS2","P0002986",120,"MANO0072",1.0000000000000000e+01,1.5000000000000000e+01,"00",58693,
"576PDVS2","P0002986",120,"MANO0050",3.0000000000000000e+00,1.8000000000000000e+01,"00",58694,
"576PDVS2","P0001303",121,"MANO0005",1.0000000000000000e+01,1.2000000000000000e+01,"01",58695,
"576PDVS2","P0001303",121,"MANO0072",1.0000000000000000e+01,1.5000000000000000e+01,"00",58696,
"576PDVS2","P0001303",121,"MANO0050",2.5000000000000000e-01,1.8000000000000000e+01,"00",58697,
"576PDVS2","P0001330",122,"MANO0005",1.0000000000000000e+01,1.2000000000000000e+01,"01",58698,
"576PDVS2","P0001330",122,"MANO0072",1.0000000000000000e+01,1.5000000000000000e+01,"00",58699,
"576PDVS2","P0001330",122,"MANO0050",1.0000000000000000e+00,1.8000000000000000e+01,"00",58700,
"576PDVS2","P0005453",123,"MANO0056",1.0000000000000000e+00,1.0000000000000000e+01,"01",58701,
"576PDVS2","P0005453",123,"MANO0005",1.0000000000000000e+00,1.2000000000000000e+01,"01",58702,
"576PDVS2","P0005275",124,"MANO0050",2.5000000000000000e-01,1.8000000000000000e+01,"00",58703,
"576PDVS2","P0005275",124,"MANO0056",2.5000000000000000e-01,1.0000000000000000e+01,"01",58704,
"576PDVS2","P0005275",124,"MANO0005",1.0000000000000000e+00,1.2000000000000000e+01,"01",58705,
"576PDVS2","P0005275",124,"MANO0072",1.0000000000000000e+00,1.5000000000000000e+01,"00",58706,
"576PDVS2","P0005901",125,"MANO0005",1.0000000000000000e+00,1.2000000000000000e+01,"01",58707,
"576PDVS2","P0005901",125,"MANO0072",1.0000000000000000e+00,1.5000000000000000e+01,"00",58708,
"576PDVS2","P0005901",125,"MANO0050",2.5000000000000000e-01,1.8000000000000000e+01,"00",58709,
"576PDVS2","P0003579",126,"MANO0056",8.0000000000000000e+00,1.0000000000000000e+01,"01",58710,
"576PDVS2","P0003579",126,"MANO0005",4.0000000000000000e+00,1.2000000000000000e+01,"01",58711,
"576PDVS2","P0003579",126,"MANO0072",2.0000000000000000e+00,1.5000000000000000e+01,"00",58712,
"576PDVS2","P0003579",126,"MANO0050",2.5000000000000000e-01,1.8000000000000000e+01,"00",58713,
"576PDVS2","P0003579",126,"MANO0059",1.0000000000000000e+00,1.5000000000000000e+01,"00",58714,
"576PDVS2","CAJAMED2",128,"MANO0005",2.0000000000000000e+00,1.2000000000000000e+01,"01",58719,
"576PDVS2","CAJAMED2",128,"MANO0018",1.0000000000000001e-01,1.5000000000000000e+01,"00",58720,
"576PDVS2","CAJAMED2",128,"MANO0072",2.0000000000000000e+00,1.5000000000000000e+01,"00",58721,
"576PDVS2","CAJAMED2",128,"MANO0050",5.0000000000000000e-01,1.8000000000000000e+01,"00",58722,
"576PDVS2","P0001211",110,"MANO0050",2.5000000000000000e-01,1.8000000000000000e+01,"00",58726,
"576PDVS2","CAJAMED1",127,"MANO0005",2.0000000000000000e+00,1.2000000000000000e+01,"01",59233,
"576PDVS2","CAJAMED1",127,"MANO0018",1.0000000000000001e-01,1.5000000000000000e+01,"00",59234,
"576PDVS2","CAJAMED1",127,"MANO0072",2.0000000000000000e+00,1.5000000000000000e+01,"00",59235,
"576PDVS2","CAJAMED1",127,"MANO0050",5.0000000000000000e-01,1.8000000000000000e+01,"00",59236,
"576PDVS2","COCINA",105,"MANO0056",1.0000000000000000e+00,1.0000000000000000e+01,"01",59242,
"576PDVS2","COCINA",105,"MANO0005",1.0000000000000000e+00,1.2000000000000000e+01,"01",59243,
