CodMat,CodFam,UniMat,CosMat,Desper,Provee,Consum,FecMat,Importado,PorNacImp,EquActFij,CodAlt,Descri
"*ACERO03","01","M2",5.6600000000000001e+00,0.0000000000000000e+00," ","N","03/08/23 00:00:00",0,1.0000000000000000e+02,0,,"MALLA ELECTROSOLDADA 10X10  DE 6 MM"
"*ACERO10","01","Kgf",1.7900000000000000e+00,0.0000000000000000e+00," ","S","08/25/21 00:00:00",0,1.0000000000000000e+02,0,,"ALAMBRE LISO GALVANIZADO CAL 18/ ROLLO DE 50 Kgf"
"*AGREG01","02","Saco",6.0000000000000000e+00,0.0000000000000000e+00," ","S","03/08/23 00:00:00",0,1.0000000000000000e+02,0,,"CEMENTO PORTLAND GRIS SACO 42.5 Kg (INCLUYE MANEJO)"
"*AGREG02","03","m3",3.8000000000000000e+01,0.0000000000000000e+00," ","S","03/09/23 00:00:00",0,1.0000000000000000e+02,0,,"ARENA LAVADA (INCLUYE CARGA Y LOGISTICA)"
"*AGREG03","03","m3",3.8000000000000000e+01,0.0000000000000000e+00," ","S","03/09/23 00:00:00",0,1.0000000000000000e+02,0,,"PIEDRA TRITURADA DE 1"""
"*AGREG09","02","Saco",1.3590000000000000e+01,0.0000000000000000e+00," ","S","02/02/22 00:00:00",0,1.0000000000000000e+02,0,,"CEMENTO BLANCO 21,25 Kgf/saco"
"*AGREG11","02","Saco",2.5000000000000000e+00,0.0000000000000000e+00," ","S","03/08/23 00:00:00",0,1.0000000000000000e+02,0,,"PEGO BLANCO MONTELUPO 20 Kgf/saco"
"*AGUA","25","m3",3.0000000000000000e+00,0.0000000000000000e+00," ","S","09/04/22 00:00:00",0,1.0000000000000000e+02,0,,"AGUA-TARIFA INDUSTRIAL TIPO ""B"""
"*CABLE11","14","m",2.2700000000000000e+00,0.0000000000000000e+00,"CAMI, 22-31-63",,"09/06/22 00:00:00",0,1.0000000000000000e+02,0,,"CABLE TTU # 8 AWG/MCM (90° C 600 V)"
"*LUMIN77","14","Pza.",1.2000000000000000e+01,0.0000000000000000e+00," ","S","03/09/23 00:00:00",0,1.0000000000000000e+02,0,,"LUM. EMBUT.ACER.GALV OPTICA ALUM ANOD T5 3 L B/ELECTR"
"*MATEIE1","14","S.G.",1.7000000000000001e-01,0.0000000000000000e+00," ","N","09/06/22 00:00:00",0,1.0000000000000000e+02,0,,"MATERIALES VARIOS INSTALACIONES ELECT."
"*TEIPE02","14","Rollo",8.3999999999999997e-01,0.0000000000000000e+00," ","S","08/25/21 00:00:00",0,1.0000000000000000e+02,0,,"ROLLO DE TEIPE NEGRO # 33 (COBRA)"
"*TIERRAA","18","m3",4.9600000000000000e+00,0.0000000000000000e+00," ","N","08/25/21 00:00:00",0,1.0000000000000000e+02,0,,"TIERRA NEGRA ABONADA"
"ACERO","01","KG",2.0499999999999998e+00,0.0000000000000000e+00," ","N","01/31/23 00:00:00",0,1.0000000000000000e+02,0,,"CABILLA 1/2"""
"AGR001","03","M3",5.5999999999999996e+00,0.0000000000000000e+00," ","N","01/13/09 00:00:00",0,1.0000000000000000e+02,0,,"AGUA TARIFA INDUSTRIAL"
"AGR033","03","M3",5.0000000000000000e+01,5.0000000000000000e+00,"MATERIAL REGULADO POR GACETA",,"01/31/23 00:00:00",0,1.0000000000000000e+02,0,,"ARENA LAVADA EN SITIO DE EXPLOTACION (PM"
"APA008","60","UND",1.7000000000000000e+00,0.0000000000000000e+00," ","N","02/05/08 00:00:00",0,1.0000000000000000e+02,0,,"COSTO AGREGADO DE TRANSPORTE            "
"ARBUS","18","UND",5.0000000000000000e+01,0.0000000000000000e+00," ","N","06/14/22 00:00:00",0,1.0000000000000000e+02,0,,"ARBUSTOS"
"ARROCILL","09","M3",5.0000000000000000e+01,0.0000000000000000e+00," ","N","04/25/23 00:00:00",0,1.0000000000000000e+02,0,,"ARROCILLO"
"BATEA","12","UND",6.0000000000000000e+01,0.0000000000000000e+00," ","N","01/31/23 00:00:00",0,1.0000000000000000e+02,0,,"BATEA DE PLASTICO"
"BREAKER3","14","UND",2.5000000000000000e+01,0.0000000000000000e+00," ","N","02/02/23 00:00:00",0,1.0000000000000000e+02,0,,"BREAKER DE 2x40"
"CABLE","14","ML",8.0000000000000000e+00,0.0000000000000000e+00," ","N","01/31/23 00:00:00",0,1.0000000000000000e+02,0,,"CABLE 2/0"
"CABLE 14","14","ML",6.9999999999999996e-01,0.0000000000000000e+00," ","N","02/02/23 00:00:00",0,1.0000000000000000e+02,0,,"CABLE 14"
"CABLE 3","14","ML",1.3000000000000000e+01,0.0000000000000000e+00," ","N","01/31/23 00:00:00",0,1.0000000000000000e+02,0,,"CABLE 3/0"
"CAJA","14","UND",3.5000000000000000e+01,0.0000000000000000e+00," ","N","02/02/23 00:00:00",0,1.0000000000000000e+02,0,,"CAJA PARA MEDIDOR"
"CEM002","02","SCO",6.0000000000000000e+00,5.0000000000000000e+00,"FERRETERIA JJ MARTINS.C.A",,"01/30/23 00:00:00",0,1.0000000000000000e+02,0,,"CAL EN POLVO SCO DE 8 KG"
"CEM010","02","SCO",6.5000000000000000e+00,5.0000000000000000e+00,"MATERIAL REGULADO POR GACETA",,"03/08/23 00:00:00",0,1.0000000000000000e+02,0,,"CEMENTO GRIS PORTLAND TIPO I 42.5 KG-PMV"
"CERAMICA","09","M2",1.8000000000000000e+01,0.0000000000000000e+00," ","N","05/02/23 00:00:00",0,1.0000000000000000e+02,0,,"CERAMICA NACIONAL"
"CERRA","11","UND",2.0000000000000000e+01,0.0000000000000000e+00," ","N","03/08/23 00:00:00",0,1.0000000000000000e+02,0,,"CERRADURA"
"COC083","05","PZA",2.5000000000000000e+01,2.0000000000000000e+00,"CONCRETERA CARACAS C.A.",,"01/31/23 00:00:00",0,1.0000000000000000e+02,0,,"CODO DE CONCRETO 45º, D= 15 CM (6"") P= 9"
"CONTRAE","04","M2",2.0000000000000000e+01,0.0000000000000000e+00," ","N","01/30/23 00:00:00",0,1.0000000000000000e+02,0,,"CONTRAENCHAPADO"
"ELECTROD","01","KG",2.5000000000000000e+01,0.0000000000000000e+00," ","N","01/31/23 00:00:00",0,1.0000000000000000e+02,0,,"ELECTRODOS"
"ESTRUC","14","UND",2.0500000000000000e+03,0.0000000000000000e+00," ","N","01/31/23 00:00:00",0,1.0000000000000000e+02,0,,"ESTRUCTURA DE HIERRO DE 37´"
"JUNTA","12","UND",5.0000000000000000e+00,0.0000000000000000e+00," ","N","03/09/23 00:00:00",0,1.0000000000000000e+02,0,,"JUNTA DE GOMA"
"LAMP","14","UND",1.5000000000000000e+02,0.0000000000000000e+00," ","N","01/31/23 00:00:00",0,1.0000000000000000e+02,0,,"LAMPARA TIPO M400"
"LLAVE DE","12","UND",6.5000000000000000e+00,0.0000000000000000e+00," ","N","01/31/23 00:00:00",0,1.0000000000000000e+02,0,,"LLAVE DE PASO DE 1/2"
"MALLAS","01","M2",6.0000000000000000e+00,0.0000000000000000e+00," ","N","03/09/23 00:00:00",0,1.0000000000000000e+02,0,,"MALLA ELECTROSOLDADA DE 6.00X 2.40 DIAMETRO 5 MM"
"MATE0003","14","PIEZA",1.2000000000000000e+01,0.0000000000000000e+00,"1","S","01/31/23 00:00:00",0,1.0000000000000000e+02,0,,"ABRAZADERA 3 TORNILLOS/TUERCA 3""- 3-1/2"""
"MATE0006","14","PIEZA",2.5000000000000000e+01,0.0000000000000000e+00,"1","S","01/31/23 00:00:00",0,1.0000000000000000e+02,0,,"ABRAZADERA 4 TORNILLOS/TUERCA 4""- 4-1/2"""
"MATE0020","14","PIEZA",1.0700000000000001e+00,0.0000000000000000e+00,"1","S","02/17/09 00:00:00",0,1.0000000000000000e+02,0,,"ABRAZADERA COLGANTE TIPO A, D= 1/2"""
"MATE0047","14","PIEZA",3.0000000000000000e+01,0.0000000000000000e+00,"1","S","01/31/23 00:00:00",0,1.0000000000000000e+02,0,,"ABRAZADERA SOPORTE 1 TRANSFORMADOR 5-7"
"MATE0061","12","UND",5.9500000000000002e+00,0.0000000000000000e+00,"1","S","02/17/09 00:00:00",0,1.0000000000000000e+02,0,,"ADAPTADOR MACHO COBRE 1/2"" SIN ROSCA"
"MATE0064","14","PIEZA",7.0000000000000000e+00,0.0000000000000000e+00,"1","S","01/31/23 00:00:00",0,1.0000000000000000e+02,0,,"ADAPTADOR PARA CRUCETA A POSTE EN H.G. 3-1/2"" x 4-1/2"""
"MATE0083","03","m3",2.0699999999999998e+00,0.0000000000000000e+00,"1","S","02/17/09 00:00:00",0,1.0000000000000000e+02,0,,"AGUA-TARIFA INDUSTRIAL TIPO ""B"""
"MATE0098","01","m",2.6000000000000001e-01,0.0000000000000000e+00,"1","S","02/17/09 00:00:00",0,1.0000000000000000e+02,0,,"ALAMBRE ACERO GALVANIZADO PARA ATAR CAL. 18"
"MATE0102","01","Kgf",2.5000000000000000e+01,0.0000000000000000e+00,"1","S","12/10/12 00:00:00",0,1.0000000000000000e+02,0,,"ALAMBRE LISO GALVANIZADO CAL 18/ ROLLO DE 50 Kgf"
"MATE0103","01","Kgf",2.0000000000000000e+00,0.0000000000000000e+00,"1","S","01/31/23 00:00:00",0,1.0000000000000000e+02,0,,"ALAMBRON D=5.20mm (TRIPA DE POLLO) P=0.167Kgf/m L=6m"
"MATE0123","03","LTS",3.8999999999999999e+00,0.0000000000000000e+00," ","N","02/02/23 00:00:00",0,1.0000000000000000e+02,0,,"ADITIVO PLASTIFICANTE PARA CONCRETO"
"MATE0183","12","PIEZA",6.0000000000000000e+00,0.0000000000000000e+00,"1","S","04/24/23 00:00:00",0,1.0000000000000000e+02,0,,"ANILLO DE GOMA SELLOFLEX 2"""
"MATE0196","12","PIEZA",6.0000000000000000e+00,0.0000000000000000e+00,"1","S","01/31/23 00:00:00",0,1.0000000000000000e+02,0,,"ANILLO ELASTOMERO ACUE.D=110 mm JUNTA UNISAFE"
"MATE0219","12","PIEZA",3.5800000000000001e+00,0.0000000000000000e+00,"1","S","02/17/09 00:00:00",0,1.0000000000000000e+02,0,,"ANILLO PVC P/AGUAS NEGRAS REDUCIDO 4 x 2"""
"MATE0231","03","m3",3.8000000000000000e+01,0.0000000000000000e+00,"1","S","03/08/23 00:00:00",0,1.0000000000000000e+02,0,,"ARENA LAVADA"
"MATE0232","03","m3",1.3000000000000000e+01,0.0000000000000000e+00,"1","S","03/09/23 00:00:00",0,1.0000000000000000e+02,0,,"ARENA LIGADA-POLVILLO"
"MATE0245","14","PIEZA",5.8300000000000001e+00,0.0000000000000000e+00,"1","S","02/17/09 00:00:00",0,1.0000000000000000e+02,0,,"ASIENTO PARA PERCHA DE ACERO GALV de 7,60x5,10cm"
"MATE0263","17","GALON",4.5000000000000000e+01,0.0000000000000000e+00,"1","S","01/31/23 00:00:00",0,1.0000000000000000e+02,0,,"BARNIZ MATE TRANSPARENTE MONTANA"
"MATE0264","14","PIEZA",4.5000000000000000e+01,0.0000000000000000e+00,"1","S","02/17/09 00:00:00",0,1.0000000000000000e+02,0,,"BARRA COPPERWELD 5/8"" x 2.40m S/CONECTOR"
"MATE0289","11","JUEGO",4.4000000000000004e+00,0.0000000000000000e+00,"1","S","01/31/23 00:00:00",0,1.0000000000000000e+02,0,,"BISAGRA 3"" x 3"" e= 2 mm LATON PULIDO"
"MATE0301","07","PIEZA",4.0000000000000002e-01,0.0000000000000000e+00,"1","S","02/06/23 00:00:00",0,1.0000000000000000e+02,0,,"BLOQUE PARED ARCILLA 15 x 25 x 30cm (16 P/m2) P=5.0 Kgf"
"MATE0385","14","PIEZA",1.2000000000000000e+01,0.0000000000000000e+00,"1","S","01/31/23 00:00:00",0,1.0000000000000000e+02,0,,"BREAKER HQL 3P 20A 120/240V 10KA (ENCHUFABLE)"
"MATE0405","14","PIEZA",8.2999999999999996e-01,0.0000000000000000e+00,"1","S","02/17/09 00:00:00",0,1.0000000000000000e+02,0,,"BUSHING CONDUIT D=1"" (COMPLETO)"
"MATE0406","14","PIEZA",3.9000000000000001e-01,0.0000000000000000e+00,"1","S","02/17/09 00:00:00",0,1.0000000000000000e+02,0,,"BUSHING CONDUIT D=1/2"" (COMPLETO)"
"MATE0413","01","kg",1.2500000000000000e+00,0.0000000000000000e+00,"1","S","01/31/23 00:00:00",0,1.0000000000000000e+02,0,,"CAB. D=1/2"" Fy=4200Kgf/cm2 L=12m P=0,994Kgf/m AT=150Und"
"MATE0415","01","Kgf",1.8000000000000000e+00,0.0000000000000000e+00,"1","S","01/31/23 00:00:00",0,1.0000000000000000e+02,0,,"CABILLA D=3/8"" Fy=4200Kgf/cm2 L=12m P=0,559Kgf/m"
"MATE0458","14","m",1.1500000000000000e+01,0.0000000000000000e+00,"1","S","01/31/23 00:00:00",0,1.0000000000000000e+02,0,,"CABLE TTU # 2/0 AWG/MCM (90° C 600 V)"
"MATE0463","14","m",3.5000000000000000e+00,0.0000000000000000e+00,"1","S","01/31/23 00:00:00",0,1.0000000000000000e+02,0,,"CABLE TTU # 6 AWG/MCM (90° C 600 V)"
"MATE0466","14","m",8.4999999999999998e-01,0.0000000000000000e+00,"1","S","01/31/23 00:00:00",0,1.0000000000000000e+02,0,,"CABLE TW # 12 AWG/MCM (THHN 90° C 600 V)"
"MATE0486","14","PIEZA",7.0000000000000000e+02,0.0000000000000000e+00,"1","S","01/31/23 00:00:00",0,1.0000000000000000e+02,0,,"CAJA DE ALUMBRADO 2x60 SIN CELULAS (STIELECTRONICA) 39"
"MATE0503","14","PIEZA",3.0600000000000001e+00,0.0000000000000000e+00,"1","S","12/10/08 00:00:00",0,1.0000000000000000e+02,0,,"CAJETIN OCTAGONAL DE 4"" (HUECOS 3/4"" ó 1/2"")"
"MATE0504","14","PIEZA",1.8000000000000000e+00,0.0000000000000000e+00,"1","S","01/31/23 00:00:00",0,1.0000000000000000e+02,0,,"CAJETIN PLASTICO PVC 4 x 4"""
"MATE0507","02","SACO",5.5999999999999996e+00,0.0000000000000000e+00,"1","S","01/31/23 00:00:00",0,1.0000000000000000e+02,0,,"CAL EN PASTA 7.00 Kgf/saco"
"MATE0516","12","PIEZA",2.0000000000000000e+00,0.0000000000000000e+00,"1","S","01/31/23 00:00:00",0,1.0000000000000000e+02,0,,"CANILLA MET. FLEXIBLE ITALY 1/2"" x 5/8"" Para WC."
"MATE0525","02","SACO",1.0000000000000000e+01,0.0000000000000000e+00,"1","S","01/31/23 00:00:00",0,1.0000000000000000e+02,0,,"CEMENTO BLANCO 21,25 Kgf/saco"
"MATE0553","11","PIEZA",1.5000000000000000e+01,0.0000000000000000e+00,"1","S","01/31/23 00:00:00",0,1.0000000000000000e+02,0,,"CERRADURA POMO A53 PD CROMADO C/LLAVE"
"MATE0569","05","PIEZA",3.5000000000000000e+02,0.0000000000000000e+00,"1","S","03/09/23 00:00:00",0,1.0000000000000000e+02,0,,"CILINDRO TIPOA P/BOCAVISITA D=120cm L/UT=61cm BV-C-69"
"MATE0578","01","kg",8.3000000000000000e+01,0.0000000000000000e+00,"1","S","01/30/23 00:00:00",0,1.0000000000000000e+02,0,,"CLAVOS DE 4"" CAL.8 caja= 25 Kgf"
"MATE0598","12","PIEZA",7.8399999999999999e+00,0.0000000000000000e+00,"1","S","02/17/09 00:00:00",0,1.0000000000000000e+02,0,,"CODO 90° PVC ASTM D=1"" AGUA FRIA"
"MATE0599","12","PIEZA",2.5000000000000000e+00,0.0000000000000000e+00,"1","S","01/31/23 00:00:00",0,1.0000000000000000e+02,0,,"CODO 90° PVC ASTM D=1/2"" AGUA FRIA"
"MATE0604","12","PIEZA",2.7999999999999998e+00,0.0000000000000000e+00,"1","S","01/31/23 00:00:00",0,1.0000000000000000e+02,0,,"CODO 90° PVC ASTM D=3/4"" AGUA FRIA"
"MATE0609","12","UND",3.5699999999999998e+00,0.0000000000000000e+00,"1","S","02/17/09 00:00:00",0,1.0000000000000000e+02,0,,"CODO 90º COBRE 1/2"" P/SOLDAR"
"MATE0637","12","PIEZA",1.9700000000000000e+00,0.0000000000000000e+00,"1","S","02/17/09 00:00:00",0,1.0000000000000000e+02,0,,"CODO H.G. 90° D=1/2"""
"MATE0642","12","pieza",2.5899999999999999e+00,0.0000000000000000e+00,"1","S","01/31/23 00:00:00",0,1.0000000000000000e+02,0,,"CODO H.G. 90° D=3/4"""
"MATE0645","12","PIEZA",1.6299999999999999e+00,0.0000000000000000e+00,"1","S","02/17/09 00:00:00",0,1.0000000000000000e+02,0,,"CODO PVC AGUAS NEGRAS 45° D=2"""
"MATE0647","12","PIEZA",5.0899999999999999e+00,0.0000000000000000e+00,"1","S","02/17/09 00:00:00",0,1.0000000000000000e+02,0,,"CODO PVC AGUAS NEGRAS 45° D=4"""
"MATE0667","03","m3",1.3500000000000000e+02,0.0000000000000000e+00,"1","S","01/31/23 00:00:00",0,1.0000000000000000e+02,0,,"CONCRETO PREMEZCLADO f´c = 180 Kgf/cm2 NORMAL As = 5"""
"MATE0685","14","kg",1.6000000000000000e+01,0.0000000000000000e+00,"1","S","01/31/23 00:00:00",0,1.0000000000000000e+02,0,,"CONDUCTOR ARVIDAL Nro. 2/0 AWG 613 Kgf/Km."
"MATE0687","14","kg",3.0000000000000000e+01,0.0000000000000000e+00,"1","S","01/31/23 00:00:00",0,1.0000000000000000e+02,0,,"CONDUCTOR SOLIDO COBRE Nro.4 AWG 188 Kgf/Km."
"MATE0690","14","PIEZA",8.8300000000000001e+00,0.0000000000000000e+00,"1","S","02/17/09 00:00:00",0,1.0000000000000000e+02,0,,"CONECTOR COPPERWELD 5/8"""
"MATE0706","14","PIEZA",1.2000000000000000e+01,0.0000000000000000e+00,"1","S","01/31/23 00:00:00",0,1.0000000000000000e+02,0,,"CONECTOR TORNILLO ""U"" Nro. 0/2 (BURNDY) PF-25 S-4"
"MATE0708","14","PIEZA",1.5000000000000000e+01,0.0000000000000000e+00,"1","S","01/31/23 00:00:00",0,1.0000000000000000e+02,0,,"CONECTOR U KSU"
"MATE0724","05","PIEZA",3.5000000000000000e+02,0.0000000000000000e+00,"1","S","03/09/23 00:00:00",0,1.0000000000000000e+02,0,,"CONO EXCENT.P/BOCAVISITA D=24x48"" TIPOA C-69 L/UT=1,00m"
"MATE0765","14","PIEZA",1.1250000000000000e+03,0.0000000000000000e+00,"1","S","01/31/23 00:00:00",0,1.0000000000000000e+02,0,,"CRUCETA DE HIERRO 75 X 75 X 7mm L= 1.80 m"
"MATE0792","14","PIEZA",1.2900000000000000e+00,0.0000000000000000e+00,"1","S","02/17/09 00:00:00",0,1.0000000000000000e+02,0,,"CURVA PVC ELECTRICIDAD D=1"""
"MATE0793","14","PIEZA",9.6999999999999997e-01,0.0000000000000000e+00,"1","S","02/17/09 00:00:00",0,1.0000000000000000e+02,0,,"CURVA PVC ELECTRICIDAD D=1/2"""
"MATE0807","14","PIEZA",8.0000000000000000e+00,0.0000000000000000e+00,"1","S","01/31/23 00:00:00",0,1.0000000000000000e+02,0,,"DESAGÜE PLASTICO SENCILLO"
"MATE0859","01","PIEZA",9.9800000000000004e+00,0.0000000000000000e+00,"1","S","02/17/09 00:00:00",0,1.0000000000000000e+02,0,,"DISCO ABRASIVO PARA ESMERIL 7"""
"MATE0932","01","kg",1.1000000000000000e+01,0.0000000000000000e+00,"1","S","02/17/09 00:00:00",0,1.0000000000000000e+02,0,,"ELECTRODO E-6013 1/8"" (3.32mm) LONG. 350 mm"
"MATE0943","24","S.G.",1.0039999999999999e+01,0.0000000000000000e+00,"1","S","01/31/23 00:00:00",0,1.0000000000000000e+02,0,,"ENERGIA Y GASES 2"
"MATE0953","09","kg",3.7999999999999998e+00,0.0000000000000000e+00,"1","S","01/31/23 00:00:00",0,1.0000000000000000e+02,0,,"ESTOPA NACIONAL PESO= 12Kgf/rollo"
"MATE1007","17","GALON",3.0000000000000000e+01,0.0000000000000000e+00,"1","S","01/31/23 00:00:00",0,1.0000000000000000e+02,0,,"FONDO MINIO"
"MATE1035","25","kg",1.2000000000000000e+01,0.0000000000000000e+00,"1","S","01/31/23 00:00:00",0,1.0000000000000000e+02,0,,"GRASA FIBROSA ENVASE 3,5 Kgf"
"MATE1042","12","GRUPO",1.1000000000000000e+02,0.0000000000000000e+00,"1","S","02/06/23 00:00:00",0,1.0000000000000000e+02,0,,"GRIFERIA P/DUCHA MANILLA CROSS FUNDICIÓN PACIFICO"
"MATE1059","14","PIEZA",6.5000000000000000e+00,0.0000000000000000e+00,"1","S","05/02/23 00:00:00",0,1.0000000000000000e+02,0,,"INTERRUPTOR 1213 DOMINO 1 VIA + 3-V"
"MATE1157","12","PIEZA",8.5000000000000000e+01,0.0000000000000000e+00,"1","S","03/09/23 00:00:00",0,1.0000000000000000e+02,0,,"LAVAMANOS BLANCO"
"MATE1167","17","PIEZA",2.5200000000000000e+00,0.0000000000000000e+00,"1","S","02/17/09 00:00:00",0,1.0000000000000000e+02,0,,"LIJA 3-M GRANO 150 PLIEGO 9 x 11"""
"MATE1168","17","PIEZA",2.4800000000000000e+00,0.0000000000000000e+00,"1","S","02/17/09 00:00:00",0,1.0000000000000000e+02,0,,"LIJA 3-M GRANO 80 PLIEGO 9 x 11"""
"MATE1171","12","lt",2.5000000000000000e+01,0.0000000000000000e+00,"1","S","01/31/23 00:00:00",0,1.0000000000000000e+02,0,,"LIMPIADOR DE TUBOS PVC TANGIT PAVCO"
"MATE1173","12","ENV",3.5000000000000000e+01,0.0000000000000000e+00,"1","S","01/31/23 00:00:00",0,1.0000000000000000e+02,0,,"LIMPIADOR REMOVEDOR PAVCO (ENV. 760 grs.)"
"MATE1202","12","PIEZA",8.0000000000000000e+00,0.0000000000000000e+00,"1","S","01/31/23 00:00:00",0,1.0000000000000000e+02,0,,"LLAVE CROMADO P/MANGUERA 1/2"" x 3/4"""
"MATE1221","12","PIEZA",1.0000000000000000e+01,0.0000000000000000e+00,"1","S","01/31/23 00:00:00",0,1.0000000000000000e+02,0,,"LLAVE DE COMPUERTA D=3/4"""
"MATE1225","12","PIEZA",2.2879999999999999e+01,0.0000000000000000e+00,"1","S","02/17/09 00:00:00",0,1.0000000000000000e+02,0,,"LLAVE SENCILLA P/LAVAMANOS CR. D=1/2"
"MATE1255","11","m",5.5000000000000000e+01,0.0000000000000000e+00,"1","S","05/02/23 00:00:00",0,1.0000000000000000e+02,0,,"MARCO DE HIERRO P/PUERTAS CAL 18 e= 10 cm. C/BISAGRAS"
"MATE1263","15","JUEGO",2.9500000000000000e+02,0.0000000000000000e+00,"1","S","01/31/23 00:00:00",0,1.0000000000000000e+02,0,,"MARCO Y TAPA H.F ASTM-A-595 B.V. 60cm TIPO PESADO INOS"
"MATE1292","05","m3",1.1000000000000000e+02,0.0000000000000000e+00,"1","S","01/31/23 00:00:00",0,1.0000000000000000e+02,0,,"MORTERO PEGA CEMTO-ARENA 1:2 /TUB.CONCRET,TAP.TANQUILLA"
"MATE1300","12","PIEZA",2.2500000000000000e+00,0.0000000000000000e+00,"1","S","02/17/09 00:00:00",0,1.0000000000000000e+02,0,,"NIPLE DE H.G. 1/2"" X 2"""
"MATE1318","17","GALON",2.7500000000000000e+01,0.0000000000000000e+00,"1","S","02/17/09 00:00:00",0,1.0000000000000000e+02,0,,"PASTA PROFESIONAL MARCA MASTIC (MASTIQUE P/PINTOR)"
"MATE1336","12","ENVAS",4.5000000000000000e+01,0.0000000000000000e+00,"1","S","01/31/23 00:00:00",0,1.0000000000000000e+02,0,,"PEGAMENTO P/TUBOS PVC TANGIT ENVASE 950 grs."
"MATE1342","14","PIEZA",2.3800000000000000e+02,0.0000000000000000e+00,"1","S","01/31/23 00:00:00",0,1.0000000000000000e+02,0,,"PERCHA DE 2 AISLADORES CON SUS AISLADORES"
"MATE1384","03","m3",3.8000000000000000e+01,0.0000000000000000e+00,"1","S","03/08/23 00:00:00",0,1.0000000000000000e+02,0,,"PIEDRA TRITURADA DE 1"""
"MATE1388","17","GALON",8.5000000000000000e+01,0.0000000000000000e+00,"1","S","01/31/23 00:00:00",0,1.0000000000000000e+02,0,,"PINTURA ALUMINIO"
"MATE1392","17","GALON",4.1250000000000000e+01,0.0000000000000000e+00,"1","S","01/31/23 00:00:00",0,1.0000000000000000e+02,0,,"PINTURA CAUCHO SUPER MONTANA"
"MATE1396","17","GALON",9.8000000000000000e+01,0.0000000000000000e+00,"1","S","08/31/09 00:00:00",0,1.0000000000000000e+02,0,,"PINTURA NEGRA DE ASFALTO MASTIC ROOF"
"MATE1414","15","PIEZA",5.2000000000000002e+00,0.0000000000000000e+00,"1","S","01/31/23 00:00:00",0,1.0000000000000000e+02,0,,"PLETINA DE HIERRO GALV. 0.63 x 18 x 81.28 cm. (32"")"
"MATE1427","14","PIEZA",1.1470000000000000e+03,0.0000000000000000e+00,"1","S","01/31/23 00:00:00",0,1.0000000000000000e+02,0,,"POSTE 27"". EC. 223 Kgf. 168-140-114 mm. (TUBULAR)"
"MATE1430","14","PIEZA",1.4240000000000000e+03,0.0000000000000000e+00,"1","S","01/31/23 00:00:00",0,1.0000000000000000e+02,0,,"POSTE 37"" m. EC. 440 Kgf. 219-168-114 mm. (TUBULAR)"
"MATE1451","14","PIEZA",8.3999999999999997e-01,0.0000000000000000e+00,"1","S","02/17/09 00:00:00",0,1.0000000000000000e+02,0,,"PUENTE P/3TACOS METALICO P/TOMACORRIENTE"
"MATE1465","14","PIEZA",1.0000000000000000e+02,0.0000000000000000e+00,"1","S","01/31/23 00:00:00",0,1.0000000000000000e+02,0,,"PUERTA DE MAD. ENTAMBORADA 0,80 x 2,10 m"
"MATE1476","14","PIEZA",1.8000000000000000e+00,0.0000000000000000e+00,"1","S","12/10/08 00:00:00",0,1.0000000000000000e+02,0,,"RAMPLUG HILTI HDI D=3/8"" ROSCA INTERNA"
"MATE1478","14","PIEZA",2.0000000000000001e-01,0.0000000000000000e+00,"1","S","12/10/08 00:00:00",0,1.0000000000000000e+02,0,,"RAMPLUG PLASTICO COLOR AZUL"
"MATE1494","12","PIEZA",8.0000000000000000e+00,0.0000000000000000e+00,"1","S","01/31/23 00:00:00",0,1.0000000000000000e+02,0,,"REJILLA BRONCE P/PISO DRENAJE 2""A 3"""
"MATE1577","14","ROLLO",7.0000000000000000e+00,0.0000000000000000e+00,"1","S","01/31/23 00:00:00",0,1.0000000000000000e+02,0,,"ROLLO DE TEIPE NEGRO # 33 (COBRA)"
"MATE1580","12","PIEZA",2.0000000000000000e+00,0.0000000000000000e+00,"1","S","01/31/23 00:00:00",0,1.0000000000000000e+02,0,,"ROSETA D= 1/2"" PARA W.C. Y LAVAMANOS"
"MATE1591","17","GALON",5.0000000000000000e+01,0.0000000000000000e+00,"1","S","01/31/23 00:00:00",0,1.0000000000000000e+02,0,,"SELLADOR NITRO P/MADERA MARCA VITRO"
"MATE1598","12","PIEZA",6.4900000000000002e+00,0.0000000000000000e+00,"1","S","02/17/09 00:00:00",0,1.0000000000000000e+02,0,,"SIFON PLASTICO D=1-1/2"" P/BATEA FREGADERO"
"MATE1599","12","PIEZA",4.0000000000000000e+00,0.0000000000000000e+00,"1","S","01/31/23 00:00:00",0,1.0000000000000000e+02,0,,"SIFON PVC P/AGUAS NEGRAS D=2"""
"MATE1601","12","PIEZA",7.1299999999999999e+00,0.0000000000000000e+00,"1","S","02/17/09 00:00:00",0,1.0000000000000000e+02,0,,"SIFON UNIVERSAL DE PLASTICO"
"MATE1614","12","ENV",3.8000000000000000e+01,0.0000000000000000e+00,"1","S","01/31/23 00:00:00",0,1.0000000000000000e+02,0,,"SOLDADURA LIQUIDA PARA PVC PAVCO 1/4 gal."
"MATE1617","17","GALON",5.0000000000000000e+01,0.0000000000000000e+00,"1","S","01/31/23 00:00:00",0,1.0000000000000000e+02,0,,"SOLVENTE UNIVERSAL"
"MATE1632","14","PIEZA",6.5000000000000000e+01,0.0000000000000000e+00,"1","S","01/31/23 00:00:00",0,1.0000000000000000e+02,0,,"TABLERO RESIDENCIAL 8 CIRCUITOS 125 A - BIEMCA"
"MATE1669","12","PIEZA",3.2000000000000000e+01,0.0000000000000000e+00,"1","S","01/31/23 00:00:00",0,1.0000000000000000e+02,0,,"TAPON MACHO PVC ACUEDUCTO D = 110 mm"
"MATE1723","12","PIEZA",3.5000000000000000e+01,0.0000000000000000e+00,"1","S","01/31/23 00:00:00",0,1.0000000000000000e+02,0,,"TE PVC ACUEDUCTO D=110mmm JUNTA UNISAFE"
"MATE1727","12","PIEZA",3.9500000000000002e+00,0.0000000000000000e+00,"1","S","02/17/09 00:00:00",0,1.0000000000000000e+02,0,,"TE PVC ASTM D=1"" AGUA FRIA"
"MATE1729","12","PIEZA",2.5000000000000000e+00,0.0000000000000000e+00,"1","S","01/31/23 00:00:00",0,1.0000000000000000e+02,0,,"TE PVC ASTM D=1/2"" AGUA FRIA"
"MATE1734","12","PIEZA",2.6000000000000001e+00,0.0000000000000000e+00,"1","S","01/31/23 00:00:00",0,1.0000000000000000e+02,0,,"TE PVC ASTM D=3/4"" AGUA FRIA"
"MATE1736","12","PIEZA",2.9300000000000002e+00,0.0000000000000000e+00,"1","S","02/17/09 00:00:00",0,1.0000000000000000e+02,0,,"TE PVC P/AGUAS NEGRAS D=2"""
"MATE1755","12","UND",2.0499999999999998e+00,0.0000000000000000e+00,"1","S","02/17/09 00:00:00",0,1.0000000000000000e+02,0,,"TEE COBRE 1/2"" P/SOLDAR"
"MATE1760","12","ROLLO",1.0000000000000000e+01,0.0000000000000000e+00,"1","S","01/31/23 00:00:00",0,1.0000000000000000e+02,0,,"TEFLON (ROLLO 1/2 x 12 m)"
"MATE1771","12","ROLLO",1.1250000000000000e+01,0.0000000000000000e+00,"1","S","02/17/09 00:00:00",0,1.0000000000000000e+02,0,,"TIRRO CELOVEN A= 1"" LONG: 45 m"
"MATE1779","14","PIEZA",6.0000000000000000e+00,0.0000000000000000e+00,"1","S","03/09/23 00:00:00",0,1.0000000000000000e+02,0,,"TOMACORRIENTE AMERICANA DOBLE C/T LINEA 10196"
"MATE1791","12","PIEZA",2.1800000000000002e+00,0.0000000000000000e+00,"1","S","02/17/09 00:00:00",0,1.0000000000000000e+02,0,,"TORNILLO MAQUINA 3/8"" x 1-1/2"""
"MATE1793","12","PZA",8.7000000000000000e-01,0.0000000000000000e+00,"1","S","02/17/09 00:00:00",0,1.0000000000000000e+02,0,,"TORNILLO TIRAFONDO 10mm X 1"" (RALUG AZUL)"
"MATE1861","12","m",2.4800000000000000e+00,0.0000000000000000e+00,"1","S","02/17/09 00:00:00",0,1.0000000000000000e+02,0,,"TUBERIA PVC ELECTRICIDAD D=1"" L= 3.00 m"
"MATE1862","12","m",1.2800000000000000e+00,0.0000000000000000e+00,"1","S","02/17/09 00:00:00",0,1.0000000000000000e+02,0,,"TUBERIA PVC ELECTRICIDAD D=1/2"" L= 3.00 m"
"MATE1871","12","m",8.0000000000000000e+00,0.0000000000000000e+00,"1","S","01/31/23 00:00:00",0,1.0000000000000000e+02,0,,"TUBO COBRE TIPO L (RIGIDA-AGUA) D= 1/2"" L= 6,10 m"
"MATE2007","12","m",3.0000000000000000e+00,0.0000000000000000e+00,"1","S","01/31/23 00:00:00",0,1.0000000000000000e+02,0,,"TUBO H.G. ISO D=3/4"" L= 6.40 m"
"MATE2058","12","m",3.0000000000000000e+00,0.0000000000000000e+00,"1","S","01/31/23 00:00:00",0,1.0000000000000000e+02,0,,"TUBO PVC AN NORMAL 2"" L= 3.00 m"
"MATE2062","12","m",3.0000000000000000e+01,0.0000000000000000e+00,"1","S","03/09/23 00:00:00",0,1.0000000000000000e+02,0,,"TUBO PVC AN NORMAL 8"" L= 3.00 m"
"MATE2063","12","m",3.0000000000000000e+00,0.0000000000000000e+00,"1","S","01/31/23 00:00:00",0,1.0000000000000000e+02,0,,"TUBO PVC AN TIPO REFORZADO D=2"" L=3.00m e=3.20mm"
"MATE2065","12","m",9.0000000000000000e+00,0.0000000000000000e+00,"1","S","01/31/23 00:00:00",0,1.0000000000000000e+02,0,,"TUBO PVC AN TIPO REFORZADO D=4"" L=3.00m e=3.20mm"
"MATE2068","12","m",5.0000000000000000e+00,0.0000000000000000e+00,"1","S","01/31/23 00:00:00",0,1.0000000000000000e+02,0,,"TUBO PVC E-E D=1"" PRESION AGUA FRIA ASTM L=6.00 m"
"MATE2070","12","m",2.6000000000000001e+00,0.0000000000000000e+00,"1","S","01/31/23 00:00:00",0,1.0000000000000000e+02,0,,"TUBO PVC E-E D=1/2"" PRESION AGUA FRIA ASTM L=6.00 m"
"MATE2077","12","m",3.5000000000000000e+00,0.0000000000000000e+00,"1","S","01/31/23 00:00:00",0,1.0000000000000000e+02,0,,"TUBO PVC E-E D=3/4"" PRESION AGUA FRIA ASTM L=6.00 m"
"MATE2079","12","m",3.0000000000000000e+01,0.0000000000000000e+00,"1","S","03/09/23 00:00:00",0,1.0000000000000000e+02,0,,"TUBO PVC TIPO AB ExJUS D=110 mm L=6.00 m P=142 psi"
"MATE2107","12","PIEZA",2.1600000000000001e+00,0.0000000000000000e+00,"1","S","02/17/09 00:00:00",0,1.0000000000000000e+02,0,,"UNION PVC ASTM D=1"" AGUA FRIA"
"MATE2109","12","PIEZA",2.5000000000000000e+00,0.0000000000000000e+00,"1","S","01/31/23 00:00:00",0,1.0000000000000000e+02,0,,"UNION PVC ASTM D=1/2"" AGUA FRIA"
"MATE2115","12","PIEZA",2.7999999999999998e+00,0.0000000000000000e+00,"1","S","01/31/23 00:00:00",0,1.0000000000000000e+02,0,,"UNION PVC ASTM D=3/4"" AGUA FRIA"
"MATE2143","12","PIEZA",3.6000000000000001e+00,0.0000000000000000e+00,"1","S","01/31/23 00:00:00",0,1.0000000000000000e+02,0,,"UNION UNIVERSAL H.G. D=3/4"""
"MATE2183","16","m2",8.0000000000000000e+01,0.0000000000000000e+00,"1","S","01/31/23 00:00:00",0,1.0000000000000000e+02,0,,"VENTANA D/ALUMINIO CORREDERA SERIE 300 C/VID.INC.RODAJE"
"MATE2205","12","PIEZA",1.6000000000000000e+02,0.0000000000000000e+00,"1","S","01/31/23 00:00:00",0,1.0000000000000000e+02,0,,"W.C. CARABOBO COMPLETO COLOR PASTEL"
"MATE2216","12","PIEZA",1.8999999999999999e+00,0.0000000000000000e+00,"1","S","01/31/23 00:00:00",0,1.0000000000000000e+02,0,,"YE PVC P/AGUAS NEGRAS D=2"" 45°"
"MATE2219","12","PIEZA",8.0000000000000000e+00,0.0000000000000000e+00,"1","S","01/31/23 00:00:00",0,1.0000000000000000e+02,0,,"YE PVC P/AGUAS NEGRAS D=4"" 45°"
"MT3549","05","PZA",2.0000000000000000e+01,2.0000000000000000e+00,"CONCRETERA CARACAS C.A.",,"01/31/23 00:00:00",0,1.0000000000000000e+02,0,,"CORTE YEE DE CONCRETO PARA EMPOTRAMIENTO"
"MT539","12","ENV",1.2000000000000000e+01,5.0000000000000000e+00," ",,"01/30/23 00:00:00",0,1.0000000000000000e+02,0,,"PEGAMENTO PVC TANGIT ENVASE 950 GRS 1/4 "
"MT970","12","LT",8.5000000000000000e+01,5.0000000000000000e+00," ",,"12/22/08 00:00:00",0,1.0000000000000000e+02,0,,"LIMPIADOR DE TUBOS PVC TANGIT"
"PIN188","17","GLN",5.0000000000000000e+01,5.0000000000000000e+00," ",,"01/30/23 00:00:00",0,1.0000000000000000e+02,0,,"PINTURA DE ESMALTE"
"PUER","11","M2",2.6500000000000000e+02,0.0000000000000000e+00," ","N","01/30/23 00:00:00",0,1.0000000000000000e+02,0,,"PUERTA DE SEGURIDAD "
"PUERTA D","15","UND",2.2000000000000000e+02,0.0000000000000000e+00," ","N","01/31/22 00:00:00",0,1.0000000000000000e+02,0,,"PUERTA DE HIERRO, INCLUYE EL MARCO"
"RELLENO","03","M3",6.0000000000000000e+00,0.0000000000000000e+00," ","N","03/08/23 00:00:00",0,1.0000000000000000e+02,0,,"MATERIAL E PRESTAMO PARA RELLENOS"
"SECCION","14","S.G",6.5000000000000000e+01,0.0000000000000000e+00," ","N","01/31/23 00:00:00",0,1.0000000000000000e+02,0,,"SECCIONAMIENTO EN LINEA"
"SILICON","16","UND",1.5000000000000000e+01,0.0000000000000000e+00," ","N","01/31/23 00:00:00",0,1.0000000000000000e+02,0,,"SILICON"
"TANQUE","12","UND",1.6000000000000000e+02,0.0000000000000000e+00," ","N","03/07/23 00:00:00",0,1.0000000000000000e+02,0,,"TANQUE DE 900 LITROS"
"TAPA","12","UND",7.5000000000000000e+01,0.0000000000000000e+00," ","N","01/31/23 00:00:00",0,1.0000000000000000e+02,0,,"TAPA"
"TILOSA","03","KG",2.5000000000000000e+01,0.0000000000000000e+00," ","N","02/01/23 00:00:00",0,1.0000000000000000e+02,0,,"TILOSA"
"TRAGALUZ","50","UND",2.8000000000000000e+02,0.0000000000000000e+00," ","N","03/09/23 00:00:00",0,1.0000000000000000e+02,0,,"TRAGALUZ "
"TRAN0008","60","%",5.0000000000000000e+00,0.0000000000000000e+00,"1","S","03/08/23 00:00:00",0,1.0000000000000000e+02,0,,"TRANSPORTE DE MATERIALES ( 1%) (E.712.110.808)"
"TRAN0405","60","%",2.0000000000000000e+00,0.0000000000000000e+00,"1","S","01/31/23 00:00:00",0,1.0000000000000000e+02,0,,"TRANSPORTE DE MATERIALES ( 5%) (E.667.320.021)"
"TRAN1282","25","%",1.0000000000000000e+01,0.0000000000000000e+00,"1","S","01/31/23 00:00:00",0,1.0000000000000000e+02,0,,"TRANSPORTE DE MATERIALES (10%) (E.707.731.416)"
"TRAN1348","25","%",5.0000000000000000e+01,0.0000000000000000e+00,"1","S","01/31/23 00:00:00",0,1.0000000000000000e+02,0,,"TRANSPORTE DE MATERIALES (10%) (E.718.111.152)"
"TRAN1438","60","%",1.0000000000000000e+01,0.0000000000000000e+00,"1","S","01/31/23 00:00:00",0,1.0000000000000000e+02,0,,"TRANSPORTE DE MATERIALES (10%) (E.804.400.612)"
"TRAN1663","60","%",2.0000000000000000e+01,0.0000000000000000e+00,"1","S","01/31/23 00:00:00",0,1.0000000000000000e+02,0,,"TRANSPORTE DE MATERIALES (10%) (M.804.300.122)"
"TRANS","60","UND",1.0000000000000000e+00,0.0000000000000000e+00," ","N","03/08/23 00:00:00",0,1.0000000000000000e+02,0,,"TRANSPORTE CEMENTO"
"TRANSFOR","14","BANCO",1.0000000000000000e+04,0.0000000000000000e+00," ","N","03/09/23 00:00:00",0,1.0000000000000000e+02,0,,"BANCO DE TRES TRANSFORMADORES"
"TUBERIA","12","ML",1.0000000000000000e+00,0.0000000000000000e+00," ","N","01/31/23 00:00:00",0,1.0000000000000000e+02,0,,"TUBERIA DE 3/4 DE PULGADA"
"TUBO","12","ML",4.0000000000000000e+00,0.0000000000000000e+00," ","N","01/31/23 00:00:00",0,1.0000000000000000e+02,0,,"TUBO DE 1PULGADA"
"TUBOPVC","12","ML",2.0000000000000000e+01,0.0000000000000000e+00," ","N","01/31/23 00:00:00",0,1.0000000000000000e+02,0,,"TUBO DE PVC D=6"""
"MATE1203","12","PIEZA",8.0000000000000000e+00,0.0000000000000000e+00,"1","S","01/31/23 00:00:00",0,1.0000000000000000e+02,0,,"LLAVE DE ARRESTO CROMADA D. M=1/2"" x H=1/2"
"MATE0805","12","PIEZA",4.8200000000000003e+00,0.0000000000000000e+00,"1","S","02/17/09 00:00:00",0,1.0000000000000000e+02,0,,"DESAGÜE CROMADO P/FREG. D/2 PONCHERAS"
"MATE1043","12","GRUPO",3.0000000000000000e+01,0.0000000000000000e+00,"1","S","04/24/23 00:00:00",0,1.0000000000000000e+02,0,,"GRIFERIA P/FREGADERO CROMADO 8"" R-105B"
"TRAN0406","60","%",4.2670000000000002e+01,0.0000000000000000e+00,"1","S","02/17/09 00:00:00",0,1.0000000000000000e+02,0,,"TRANSPORTE DE MATERIALES ( 5%) (E.667.420.032)"
"MATE1011","12","PIEZA",8.0000000000000000e+01,0.0000000000000000e+00,"1","S","04/24/23 00:00:00",0,1.0000000000000000e+02,0,,"FREGADERO FANAINOX ACERO/INOX. 84 x 53 cm. 2 PONCHERA"
"MATE1594","12","PIEZA",8.0000000000000000e+00,0.0000000000000000e+00,"1","S","04/24/23 00:00:00",0,1.0000000000000000e+02,0,,"SIFON CROMADO D= 1-1/2"""
"MUEBLE P","25","UND",5.0000000000000000e+02,0.0000000000000000e+00," ","N","04/24/23 00:00:00",0,1.0000000000000000e+02,0,,"MUEBLE PARA EMPOTRA FREGADERO EN FORMICA, DE 1, 50X0,90"
"MUEBLE","25","UND",3.8000000000000000e+02,0.0000000000000000e+00," ","N","04/25/23 00:00:00",0,1.0000000000000000e+02,0,,"MUEBLE SEGUN DISEÑO PARA COCINA"
"CLOSET","25","UND",4.2000000000000000e+02,0.0000000000000000e+00," ","N","04/25/23 00:00:00",0,1.0000000000000000e+02,0,,"CLOSET EN MELAMINA, INCLUYE TUBO, REPISAS Y PUERTAS"
"COCINA","25","UND",1.0000000000000000e+02,0.0000000000000000e+00," ","N","04/24/23 00:00:00",0,1.0000000000000000e+02,0,,"COCINA A GAS DE 4 HORNILLAS"
"NEVERA","25","UND",7.5000000000000000e+02,0.0000000000000000e+00," ","N","04/24/23 00:00:00",0,1.0000000000000000e+02,0,,"NEVERA"
"*BARAN01","15","m",2.5000000000000000e+00,0.0000000000000000e+00," ","S","01/31/22 00:00:00",0,1.0000000000000000e+02,0,,"BARANDAS METALICAS."
"PERFIL","01","ML",1.8000000000000000e+00,0.0000000000000000e+00," ","N","04/25/23 00:00:00",0,1.0000000000000000e+02,0,,"PERFIL DE 2X1"
"CAJA2W","14","UND",5.0000000000000000e+02,0.0000000000000000e+00," ","N","04/26/23 00:00:00",0,1.0000000000000000e+02,0,,"CAJA PARA 9 MEDIDORES"
"MATERIAL","02","M3",1.5000000000000000e+01,0.0000000000000000e+00," ","N","04/25/23 00:00:00",0,1.0000000000000000e+02,0,,"MATERIAL MEJORADO"
"*ASFAL26","10","Ton.",7.8000000000000000e+01,0.0000000000000000e+00," ","S","04/25/23 00:00:00",0,1.0000000000000000e+02,0,,"MEZCLA ASFALTICA EN CALIENTE TIPO III/IV (CONT PRIVADO)"
"*ASFAL25","10","l",3.5000000000000000e+00,0.0000000000000000e+00," ","S","04/25/23 00:00:00",0,1.0000000000000000e+02,0,,"ASFALTO DILUIDO RC-250"
"REJILLA","12","UND",2.5000000000000000e+01,0.0000000000000000e+00," ","N","04/26/23 00:00:00",0,1.0000000000000000e+02,0,,"REJILLA DE 4¨PULGADAS"
"TUBO2","12","ML",2.0000000000000000e+01,0.0000000000000000e+00," ","N","04/26/23 00:00:00",0,1.0000000000000000e+02,0,,"TUBO DE 4 PULGADAS DE HIERRO GALVANIZADO"
"HIDRANTE","13","UND",1.0000000000000000e+03,0.0000000000000000e+00," ","N","04/26/23 00:00:00",0,1.0000000000000000e+02,0,,"HIDRANTE DE 4 Y 6 PULGADAS"
"CAJA DE","13","UND",2.2000000000000000e+02,0.0000000000000000e+00," ","N","04/26/23 00:00:00",0,1.0000000000000000e+02,0,,"CAJA PARA MANGUERA CONTRA INCENDIOS"
"MANGUERA","13","UND",1.5000000000000000e+02,0.0000000000000000e+00," ","N","04/26/23 00:00:00",0,1.0000000000000000e+02,0,,"MANGUERA CONTRA INCENDIO DE 30 METROS"
"LLAVE","12","LLAVE",9.0000000000000000e+01,0.0000000000000000e+00," ","N","04/26/23 00:00:00",0,1.0000000000000000e+02,0,,"LLAVE DE 2 PULGADAS"
"*CABLE73","14","Rollo",3.6099999999999999e+00,0.0000000000000000e+00," ","S","02/02/22 00:00:00",0,1.0000000000000000e+02,0,,"CABLE SPT 2x14"
"*PRENSA","25","Pza.",2.3100000000000001e+00,0.0000000000000000e+00," ","S","02/02/22 00:00:00",0,1.0000000000000000e+02,0,,"PRENSA ESTOPA DE 1/2"""
"*TUBIE68","14","Pza.",1.4640000000000001e+01,0.0000000000000000e+00," ","S","09/02/22 00:00:00",0,1.0000000000000000e+02,0,,"BUSHING CONDUIT D=1-1/2"" (COMPLETO)"
"INTERR","00","UND",1.5000000000000000e+01,0.0000000000000000e+00," ","N","05/02/23 00:00:00",0,1.0000000000000000e+02,0,,"ENCHUFE 220"
