CodPar,CodIns,CanIns,Desper,Contad,CodAlt
"ALBAÑ28","*AGREG11",1.0000000000000000e+00,0.0000000000000000e+00,20357,
"ALBAÑ28","CERAMICA",1.0000000000000000e+00,0.0000000000000000e+00,20358,
"HERRE20","PUERTA D",1.0000000000000000e+00,0.0000000000000000e+00,20363,
"HERRE20","CERRA",1.0000000000000000e+00,0.0000000000000000e+00,20364,
"*OBREX33","*AGUA",1.6000000000000000e-01,0.0000000000000000e+00,20365,
"*OBREX33","*AGREG03",5.9999999999999998e-01,0.0000000000000000e+00,20366,
"*OBREX33","*AGREG01",7.0000000000000000e+00,0.0000000000000000e+00,20367,
"*OBREX33","*AGREG02",5.9999999999999998e-01,0.0000000000000000e+00,20368,
"*OBREX30","*AGREG01",7.0000000000000000e+00,0.0000000000000000e+00,20369,
"*OBREX30","*AGREG02",5.9999999999999998e-01,0.0000000000000000e+00,20370,
"*OBREX30","*AGREG03",5.9999999999999998e-01,0.0000000000000000e+00,20371,
"*OBREX30","*AGUA",1.6000000000000000e-01,0.0000000000000000e+00,20372,
"OBREX30","*TIERRAA",1.0000000000000001e-01,0.0000000000000000e+00,20378,
"OBREX30","*AGUA",5.0000000000000000e-01,0.0000000000000000e+00,20379,
"OBREX30","ARBUS",1.0000000000000000e+00,0.0000000000000000e+00,20380,
"P0002330","MATE0578",1.4999999999999999e-01,0.0000000000000000e+00,20381,
"P0002330","CONTRAE",1.1000000000000001e+00,5.0000000000000000e+00,20382,
"P0000905","MATE1392",5.5000000000000000e-02,0.0000000000000000e+00,20673,
"P0000905","MATE1167",6.5000000000000002e-02,0.0000000000000000e+00,20674,
"P0000905","MATE1318",2.0000000000000000e-02,0.0000000000000000e+00,20675,
"P0001329","MATE0525",7.0000000000000007e-02,0.0000000000000000e+00,20676,
"P0001329","MATE0183",1.0000000000000000e+00,0.0000000000000000e+00,20677,
"P0001329","MATE1203",2.0000000000000000e+00,0.0000000000000000e+00,20678,
"P0001329","MATE0516",2.0000000000000000e+00,0.0000000000000000e+00,20679,
"P0001329","MATE0805",1.0000000000000000e+00,0.0000000000000000e+00,20680,
"P0001329","MATE1043",1.0000000000000000e+00,0.0000000000000000e+00,20681,
"P0001329","MATE1760",4.8599999999999999e-01,0.0000000000000000e+00,20682,
"P0001329","TRAN0406",1.0000000000000000e+00,0.0000000000000000e+00,20683,
"P0001329","MATE1011",1.0000000000000000e+00,0.0000000000000000e+00,20684,
"P0001329","MATE1594",1.0000000000000000e+00,0.0000000000000000e+00,20685,
"P0001329","MATE1580",3.0000000000000000e+00,0.0000000000000000e+00,20686,
"P0001330","MATE0183",1.0000000000000000e+00,0.0000000000000000e+00,20688,
"P0001330","MATE1203",1.0000000000000000e+00,0.0000000000000000e+00,20689,
"P0001330","MATE0516",2.0000000000000000e+00,0.0000000000000000e+00,20690,
"P0001330","MATE0805",1.0000000000000000e+00,0.0000000000000000e+00,20691,
"P0001330","MATE1043",1.0000000000000000e+00,0.0000000000000000e+00,20692,
"P0001330","MATE1760",1.0000000000000001e-01,0.0000000000000000e+00,20693,
"P0001330","MATE1011",1.0000000000000000e+00,0.0000000000000000e+00,20695,
"P0001330","MATE1594",1.0000000000000000e+00,0.0000000000000000e+00,20696,
"P0001330","MATE1580",3.0000000000000000e+00,0.0000000000000000e+00,20697,
"CARPI08","MUEBLE",1.0000000000000000e+00,0.0000000000000000e+00,20699,
"CARPI10","MUEBLE",1.0000000000000000e+00,0.0000000000000000e+00,20701,
"CARPI09","CLOSET",1.0000000000000000e+00,0.0000000000000000e+00,20702,
"COCINA","COCINA",1.0000000000000000e+00,0.0000000000000000e+00,20705,
"COCINA1","NEVERA",1.0000000000000000e+00,0.0000000000000000e+00,20707,
"*ALBAÑ52","AGR001",1.4999999999999999e-02,0.0000000000000000e+00,20020,
"*ALBAÑ52","CEM010",4.0000000000000002e-01,5.0000000000000000e+00,20021,
"*ALBAÑ52","MATE0231",4.0000000000000001e-02,0.0000000000000000e+00,20023,
"*ARMRE07","*ACERO03",1.0000000000000000e+00,1.0000000000000000e+01,20024,
"*ARMRE07","*ACERO10",1.0000000000000000e-02,0.0000000000000000e+00,20025,
"*CABLE28","*CABLE11",1.0000000000000000e+00,0.0000000000000000e+00,20026,
"*CABLE28","*MATEIE1",1.0000000000000000e-03,0.0000000000000000e+00,20027,
"BREAKER","BREAKER3",1.0000000000000000e+00,0.0000000000000000e+00,20028,
"BREAKER","MATE1577",1.2000000000000000e-02,0.0000000000000000e+00,20029,
"CALBRE3","MATE1577",1.0000000000000000e-02,0.0000000000000000e+00,20031,
"CALBRE3","CABLE 3",1.0000000000000000e+00,0.0000000000000000e+00,20032,
"EDF-0901","PUER",1.0000000000000000e+00,0.0000000000000000e+00,20034,
"EDF-9004","MATE0413",1.0000000000000000e+00,5.0000000000000000e+00,20035,
"EDF-9004","MATE0102",1.0000000000000000e-02,5.0000000000000000e+00,20036,
"ESTRUC27","MATE1007",5.0000000000000001e-04,0.0000000000000000e+00,20037,
"ESTRUC27","MATE0932",1.4999999999999999e-02,0.0000000000000000e+00,20038,
"ESTRUC27","MATE0859",5.0000000000000001e-03,0.0000000000000000e+00,20039,
"ESTRUC27","MATE0943",1.0000000000000000e+00,0.0000000000000000e+00,20040,
"ESTRUC27","ESTRUC",1.0000000000000000e+00,0.0000000000000000e+00,20041,
"FEFF","SECCION",6.9999999999999996e-01,0.0000000000000000e+00,20042,
"LAI490","CEM002",1.0000000000000000e-02,5.0000000000000000e+00,20044,
"LAI490","PIN188",2.0000000000000000e-02,5.0000000000000000e+00,20045,
"LAI499","APA008",1.0000000000000000e+00,0.0000000000000000e+00,20046,
"LAI499","MATE1384",1.0000000000000000e+00,5.0000000000000000e+00,20047,
"LAI530","MT3549",1.0000000000000000e+00,2.0000000000000000e+00,20048,
"LAI530","COC083",1.0000000000000000e+00,2.0000000000000000e+00,20049,
"LAI530","CEM010",5.0000000000000000e+00,5.0000000000000000e+00,20050,
"LAI530","AGR033",4.0000000000000002e-01,5.0000000000000000e+00,20051,
"LAI530","AGR001",5.0000000000000000e-01,0.0000000000000000e+00,20052,
"LAI530","TUBOPVC",1.0000000000000000e+01,0.0000000000000000e+00,20053,
"LAI530","TAPA",1.0000000000000000e+00,0.0000000000000000e+00,20054,
"LAI531","CEM002",1.0000000000000000e-02,5.0000000000000000e+00,20055,
"LAI531","PIN188",1.0000000000000000e-02,5.0000000000000000e+00,20056,
"LIC006","TUBERIA",1.0000000000000000e+01,0.0000000000000000e+00,20057,
"LIC006","LLAVE DE",1.0000000000000000e+00,0.0000000000000000e+00,20058,
"P0000035","MATE0415",2.0000000000000001e-01,0.0000000000000000e+00,20059,
"P0000173","MATE0083",1.0000000000000001e-01,0.0000000000000000e+00,20060,
"P0000176","MATE1384",1.0000000000000000e+00,0.0000000000000000e+00,20061,
"P0000211","MATE0231",2.5000000000000000e-01,0.0000000000000000e+00,20062,
"P0000211","MATE0083",2.0999999999999999e-01,0.0000000000000000e+00,20063,
"P0000211","MATE1384",9.4499999999999995e-01,0.0000000000000000e+00,20064,
"P0000211","CEM010",8.0000000000000000e+00,0.0000000000000000e+00,20065,
"P0001367","MATE0123",8.0000000000000000e+00,0.0000000000000000e+00,20359,
"*ALBAÑ52","ARROCILL",3.7999999999999999e-02,0.0000000000000000e+00,20672,
"P0000645","MATE0103",5.5000000000000004e-01,0.0000000000000000e+00,20067,
"P0000645","MATE0415",5.5000000000000004e-01,0.0000000000000000e+00,20068,
"P0000645","MATE0102",5.0000000000000001e-03,0.0000000000000000e+00,20069,
"P0000647","MATE0103",5.0000000000000003e-02,0.0000000000000000e+00,20070,
"P0000648","MATE0102",5.0000000000000001e-03,0.0000000000000000e+00,20073,
"P0000648","MALLAS",1.1000000000000001e+00,0.0000000000000000e+00,20074,
"P0000696","CEM010",3.4000000000000002e-01,5.0000000000000000e+00,20077,
"P0000696","MATE0507",3.4000000000000002e-02,0.0000000000000000e+00,20078,
"P0000696","MATE0232",2.9100000000000001e-02,0.0000000000000000e+00,20079,
"P0000696","MATE0301",1.7000000000000000e+01,5.0000000000000000e+00,20080,
"P0000726","MATE0232",1.3500000000000000e-02,0.0000000000000000e+00,20082,
"P0000726","CEM010",1.6850000000000001e-01,5.0000000000000000e+00,20083,
"P0000726","AGR001",6.4999999999999997e-03,0.0000000000000000e+00,20084,
"P0000726","TILOSA",2.5000000000000001e-02,0.0000000000000000e+00,20085,
"P0000738","MATE0231",1.3500000000000000e-02,0.0000000000000000e+00,20090,
"P0000738","TILOSA",2.5000000000000001e-02,0.0000000000000000e+00,20091,
"P0000738","CEM010",1.7319999999999999e-01,5.0000000000000000e+00,20092,
"P0000738","AGR001",6.4999999999999997e-03,0.0000000000000000e+00,20093,
"P0000822","MATE1396",1.2500000000000000e-01,0.0000000000000000e+00,20094,
"P0000849","ELECTROD",2.5000000000000001e-02,0.0000000000000000e+00,20095,
"P0000849","MATE1255",1.0200000000000000e+00,0.0000000000000000e+00,20096,
"P0000855","MATE0289",3.0000000000000000e+00,0.0000000000000000e+00,20097,
"P0000855","MATE1465",1.0000000000000000e+00,0.0000000000000000e+00,20098,
"P0000896","MATE0263",4.0000000000000001e-02,0.0000000000000000e+00,20099,
"P0000896","MATE1617",1.4999999999999999e-02,0.0000000000000000e+00,20100,
"P0000896","MATE0953",5.0000000000000001e-03,0.0000000000000000e+00,20101,
"P0000896","MATE1771",5.0000000000000001e-03,0.0000000000000000e+00,20102,
"P0000896","MATE1168",5.0000000000000003e-02,0.0000000000000000e+00,20103,
"P0000896","MATE1591",2.5000000000000001e-02,0.0000000000000000e+00,20104,
"P0000936","MATE0793",3.3000000000000002e-01,0.0000000000000000e+00,20116,
"P0000904","MATE1392",5.5000000000000000e-02,0.0000000000000000e+00,20105,
"P0000904","MATE1167",6.5000000000000002e-02,0.0000000000000000e+00,20106,
"P0000909","MATE0553",1.0000000000000000e+00,0.0000000000000000e+00,20107,
"P0000930","MATE1861",1.0500000000000000e+00,0.0000000000000000e+00,20108,
"P0000930","MATE0405",3.3000000000000002e-01,0.0000000000000000e+00,20109,
"P0000930","MATE0792",3.3000000000000002e-01,0.0000000000000000e+00,20110,
"P0000935","MATE1862",1.0500000000000000e+00,0.0000000000000000e+00,20111,
"P0000935","MATE0406",3.3000000000000002e-01,0.0000000000000000e+00,20112,
"P0000935","MATE0793",3.3000000000000002e-01,0.0000000000000000e+00,20113,
"P0000935","MATE1476",6.6699999999999995e-02,0.0000000000000000e+00,20114,
"P0000935","MATE0020",6.6700000000000004e-01,0.0000000000000000e+00,20115,
"P0000936","MATE1476",6.6699999999999995e-02,0.0000000000000000e+00,20117,
"P0000936","MATE0020",6.6700000000000004e-01,0.0000000000000000e+00,20118,
"P0000936","TUBERIA",1.0000000000000000e+00,0.0000000000000000e+00,20119,
"P0001013","MATE0503",1.0000000000000000e+00,0.0000000000000000e+00,20120,
"P0001017","MATE0504",1.0000000000000000e+00,0.0000000000000000e+00,20121,
"P0001042","MATE1059",1.0000000000000000e+00,0.0000000000000000e+00,20122,
"P0001042","MATE1451",1.0000000000000000e+00,0.0000000000000000e+00,20123,
"P0001049","MATE1779",1.0000000000000000e+00,0.0000000000000000e+00,20124,
"P0001049","MATE1451",1.0000000000000000e+00,0.0000000000000000e+00,20125,
"P0001053","CEM010",1.0500000000000000e-01,5.0000000000000000e+00,20126,
"P0001053","AGR001",2.0000000000000000e-03,0.0000000000000000e+00,20127,
"P0001053","MATE0507",1.0500000000000001e-02,0.0000000000000000e+00,20128,
"P0001053","MATE0231",8.9999999999999993e-03,0.0000000000000000e+00,20129,
"P0001053","MATE1632",1.0000000000000000e+00,0.0000000000000000e+00,20130,
"P0001171","MATE1173",5.9999999999999995e-04,0.0000000000000000e+00,20131,
"P0001171","MATE2070",1.1000000000000001e+00,0.0000000000000000e+00,20132,
"P0001171","MATE2109",1.7000000000000001e-01,0.0000000000000000e+00,20133,
"P0001171","MATE0599",1.0000000000000001e-01,0.0000000000000000e+00,20134,
"P0001171","MATE1729",3.3000000000000002e-01,0.0000000000000000e+00,20135,
"P0001171","MATE1614",1.1999999999999999e-03,0.0000000000000000e+00,20136,
"P0001172","MATE1173",1.1000000000000001e-03,0.0000000000000000e+00,20137,
"P0001172","MATE2077",1.1000000000000001e+00,0.0000000000000000e+00,20138,
"P0001172","MATE2115",1.7000000000000001e-01,0.0000000000000000e+00,20139,
"P0001172","MATE0604",1.0000000000000001e-01,0.0000000000000000e+00,20140,
"P0001172","MATE1734",3.3000000000000002e-01,0.0000000000000000e+00,20141,
"P0001172","MATE1614",2.2000000000000001e-03,0.0000000000000000e+00,20142,
"P0001173","MATE1167",1.0000000000000000e-02,0.0000000000000000e+00,20143,
"P0001173","MATE1173",1.5000000000000000e-03,0.0000000000000000e+00,20144,
"P0001173","MATE2068",1.1000000000000001e+00,0.0000000000000000e+00,20145,
"P0001173","MATE2107",1.7000000000000001e-01,0.0000000000000000e+00,20146,
"P0001173","MATE0598",1.0000000000000001e-01,0.0000000000000000e+00,20147,
"P0001173","MATE1727",3.3000000000000002e-01,0.0000000000000000e+00,20148,
"P0001173","MATE1614",2.8999999999999998e-03,0.0000000000000000e+00,20149,
"P0001209","MATE2063",1.1000000000000001e+00,0.0000000000000000e+00,20150,
"P0001209","MATE2216",3.3329999999999999e-01,0.0000000000000000e+00,20151,
"P0001209","MATE1336",7.4000000000000003e-03,0.0000000000000000e+00,20152,
"P0001209","MATE1171",3.7000000000000002e-03,0.0000000000000000e+00,20153,
"P0001211","MATE2065",1.1000000000000001e+00,0.0000000000000000e+00,20154,
"P0001211","MATE2219",3.3329999999999999e-01,0.0000000000000000e+00,20155,
"P0001211","MATE1336",1.4800000000000001e-02,0.0000000000000000e+00,20156,
"P0001211","MATE1171",7.4000000000000003e-03,0.0000000000000000e+00,20157,
"P0001217","MATE2058",1.1000000000000001e+00,0.0000000000000000e+00,20158,
"P0001217","MATE0645",2.5000000000000000e-01,0.0000000000000000e+00,20159,
"P0001217","MATE1736",5.0000000000000000e-01,0.0000000000000000e+00,20160,
"P0001217","MATE1336",1.3899999999999999e-02,0.0000000000000000e+00,20161,
"P0001217","MATE1171",7.0000000000000001e-03,0.0000000000000000e+00,20162,
"P0001250","MATE2063",1.2500000000000000e+00,0.0000000000000000e+00,20163,
"P0001250","MATE0645",2.5000000000000000e-01,0.0000000000000000e+00,20164,
"P0001250","MATE2216",7.5000000000000000e-01,0.0000000000000000e+00,20165,
"P0001250","MATE1599",5.0000000000000000e-01,0.0000000000000000e+00,20166,
"P0001250","MATE1736",2.5000000000000000e-01,0.0000000000000000e+00,20167,
"P0001250","MATE1336",3.6100000000000000e-02,0.0000000000000000e+00,20168,
"P0001250","MATE1171",1.7999999999999999e-02,0.0000000000000000e+00,20169,
"P0001251","MATE2065",1.0500000000000000e+00,0.0000000000000000e+00,20170,
"P0001251","MATE0647",2.5000000000000000e-01,0.0000000000000000e+00,20171,
"P0001251","MATE2219",2.5000000000000000e-01,0.0000000000000000e+00,20172,
"P0001251","MATE1336",8.0000000000000002e-02,0.0000000000000000e+00,20173,
"P0001251","MATE1171",4.0000000000000001e-02,0.0000000000000000e+00,20174,
"P0001251","MATE0219",2.5000000000000000e-01,0.0000000000000000e+00,20175,
"P0001303","MATE0525",7.0000000000000007e-02,0.0000000000000000e+00,20176,
"P0001303","MATE1300",1.0000000000000000e+00,0.0000000000000000e+00,20177,
"P0001303","MATE2205",1.0000000000000000e+00,0.0000000000000000e+00,20178,
"P0001303","MATE0516",1.0000000000000000e+00,0.0000000000000000e+00,20179,
"P0001303","MATE1760",2.9999999999999999e-02,0.0000000000000000e+00,20180,
"P0001321","MATE0637",1.0000000000000000e+00,0.0000000000000000e+00,20181,
"P0001321","MATE1760",8.9999999999999997e-02,0.0000000000000000e+00,20182,
"P0001321","MATE1042",1.0000000000000000e+00,0.0000000000000000e+00,20183,
"P0001367","MATE0231",6.7249999999999999e-01,5.0000000000000000e+00,20184,
"P0001367","MATE0083",2.0999999999999999e-01,0.0000000000000000e+00,20185,
"P0001367","MATE1384",6.4500000000000002e-01,5.0000000000000000e+00,20186,
"P0001367","CEM010",8.0000000000000000e+00,5.0000000000000000e+00,20187,
"P0001367","TRANS",1.0000000000000000e+00,0.0000000000000000e+00,20188,
"P0001661","MATE0232",1.0500000000000000e+00,0.0000000000000000e+00,20189,
"P0002002","MATE0083",1.0000000000000001e-01,0.0000000000000000e+00,20190,
"P0002329","MATE0578",1.4999999999999999e-01,0.0000000000000000e+00,20191,
"P0000647","MATE0415",1.0000000000000000e+00,0.0000000000000000e+00,20071,
"P0002329","CONTRAE",1.1000000000000001e+00,0.0000000000000000e+00,20192,
"P0002544","SILICON",1.0000000000000001e-01,0.0000000000000000e+00,20193,
"P0002544","MATE2183",1.0000000000000000e+00,0.0000000000000000e+00,20194,
"P0002673","MATE0466",1.1000000000000001e+00,0.0000000000000000e+00,20195,
"P0002673","MATE1577",1.0000000000000000e-02,0.0000000000000000e+00,20196,
"P0002674","MATE1577",1.0000000000000000e-02,0.0000000000000000e+00,20197,
"P0002674","CABLE 14",1.0000000000000000e+00,0.0000000000000000e+00,20198,
"P0002930","MATE1221",1.0000000000000000e+00,0.0000000000000000e+00,20199,
"P0002930","MATE2143",1.0000000000000000e+00,0.0000000000000000e+00,20200,
"P0002930","MATE1760",5.0000000000000003e-02,0.0000000000000000e+00,20201,
"P0002986","MATE0525",7.0000000000000007e-02,0.0000000000000000e+00,20202,
"P0002986","MATE0183",1.0000000000000000e+00,0.0000000000000000e+00,20203,
"P0002986","MATE0516",1.0000000000000000e+00,0.0000000000000000e+00,20204,
"P0002986","MATE1157",1.0000000000000000e+00,0.0000000000000000e+00,20205,
"P0002986","MATE1760",2.4299999999999999e-01,0.0000000000000000e+00,20206,
"P0002986","MATE1225",1.0000000000000000e+00,0.0000000000000000e+00,20207,
"P0002986","MATE1601",1.0000000000000000e+00,0.0000000000000000e+00,20208,
"P0002986","MATE0807",1.0000000000000000e+00,0.0000000000000000e+00,20209,
"P0002986","MATE1580",2.0000000000000000e+00,0.0000000000000000e+00,20210,
"P0003174","AGR001",1.8390000000000000e-02,0.0000000000000000e+00,20211,
"P0003174","MATE1384",5.0000000000000003e-02,0.0000000000000000e+00,20212,
"P0003174","CEM010",5.0000000000000000e-01,5.0000000000000000e+00,20213,
"P0003174","MATE0231",4.4999999999999998e-02,0.0000000000000000e+00,20214,
"P0003198","MATE0569",1.0000000000000000e+00,0.0000000000000000e+00,20216,
"P0003198","MATE1292",5.2800000000000000e-02,0.0000000000000000e+00,20217,
"P0003198","TRAN1663",1.0000000000000000e+00,0.0000000000000000e+00,20218,
"P0003576","MATE2079",1.1000000000000001e+00,0.0000000000000000e+00,20219,
"P0003576","MATE1035",1.4999999999999999e-02,0.0000000000000000e+00,20220,
"P0003606","MATE0196",3.0000000000000000e+00,0.0000000000000000e+00,20221,
"P0003606","MATE1035",4.4999999999999998e-02,0.0000000000000000e+00,20222,
"P0003606","MATE1723",1.0000000000000000e+00,0.0000000000000000e+00,20223,
"P0003641","MATE0196",1.0000000000000000e+00,0.0000000000000000e+00,20224,
"P0003641","MATE0953",1.0000000000000000e-04,0.0000000000000000e+00,20225,
"P0003641","MATE1669",1.0000000000000000e+00,0.0000000000000000e+00,20226,
"P0003641","MATE1035",1.4999999999999999e-02,0.0000000000000000e+00,20227,
"P0003820","MATE0098",2.0000000000000000e+00,0.0000000000000000e+00,20228,
"P0003820","MATE0003",2.0000000000000000e+00,0.0000000000000000e+00,20229,
"P0003820","MATE0245",2.0000000000000000e+00,0.0000000000000000e+00,20230,
"P0003820","MATE1342",1.0000000000000000e+00,0.0000000000000000e+00,20231,
"P0005868","MATE0458",8.0000000000000000e+00,0.0000000000000000e+00,20304,
"UP333","MT539",3.4799999999999998e-02,5.0000000000000000e+00,20339,
"P0000647","MATE0102",1.0000000000000000e-02,0.0000000000000000e+00,20072,
"P0003821","MATE0098",2.0000000000000000e+00,0.0000000000000000e+00,20232,
"P0003821","MATE0003",2.0000000000000000e+00,0.0000000000000000e+00,20233,
"P0003821","MATE0245",2.0000000000000000e+00,0.0000000000000000e+00,20234,
"P0003821","MATE1342",1.0000000000000000e+00,0.0000000000000000e+00,20235,
"P0003897","MATE1388",3.5999999999999999e-01,0.0000000000000000e+00,20236,
"P0003897","MATE1617",3.1000000000000000e-01,0.0000000000000000e+00,20237,
"P0003897","MATE0953",5.8000000000000003e-02,0.0000000000000000e+00,20238,
"P0003897","MATE1396",2.2000000000000000e-01,0.0000000000000000e+00,20239,
"P0003898","MATE1388",4.6000000000000002e-01,0.0000000000000000e+00,20240,
"P0003898","MATE1617",1.1000000000000000e-01,0.0000000000000000e+00,20241,
"P0003898","MATE0953",5.8000000000000003e-02,0.0000000000000000e+00,20242,
"P0003898","MATE1396",1.7999999999999999e-01,0.0000000000000000e+00,20243,
"P0004757","MATE1263",1.0000000000000000e+00,0.0000000000000000e+00,20244,
"P0004757","MATE1292",1.3200000000000000e-02,0.0000000000000000e+00,20245,
"P0004769","MATE0231",4.7249999999999998e-01,0.0000000000000000e+00,20246,
"P0004769","MATE0083",1.8379999999999999e-01,0.0000000000000000e+00,20247,
"P0004769","MATE1384",9.4499999999999995e-01,0.0000000000000000e+00,20248,
"P0004769","CEM010",8.4000000000000004e+00,5.0000000000000000e+00,20249,
"P0005133","MATE0385",1.0000000000000000e+00,0.0000000000000000e+00,20250,
"P0005222","MATE0507",1.0500000000000001e-02,0.0000000000000000e+00,20251,
"P0005222","MATE0232",8.9999999999999993e-03,0.0000000000000000e+00,20252,
"P0005222","MATE1871",5.0000000000000000e+00,0.0000000000000000e+00,20253,
"P0005222","MATE0609",1.0000000000000000e+00,0.0000000000000000e+00,20254,
"P0005222","MATE1755",1.0000000000000000e+00,0.0000000000000000e+00,20255,
"P0005222","MATE0061",1.0000000000000000e+00,0.0000000000000000e+00,20256,
"P0005275","MATE2007",3.0000000000000000e+00,0.0000000000000000e+00,20257,
"P0005275","MATE0642",2.0000000000000000e+00,0.0000000000000000e+00,20258,
"P0005275","MATE2143",2.0000000000000000e+00,0.0000000000000000e+00,20259,
"P0005275","MATE1760",5.5999999999999999e-03,0.0000000000000000e+00,20260,
"P0005275","TRAN1282",1.0000000000000000e+00,0.0000000000000000e+00,20261,
"P0005275","TANQUE",1.0000000000000000e+00,0.0000000000000000e+00,20262,
"P0005453","TRAN1348",1.0000000000000000e+00,0.0000000000000000e+00,20263,
"P0005453","TRAGALUZ",1.0000000000000000e+00,0.0000000000000000e+00,20264,
"P0005708","MATE0463",6.0000000000000000e+00,0.0000000000000000e+00,20265,
"P0005708","MATE0486",1.0000000000000000e+00,0.0000000000000000e+00,20266,
"P0005708","MATE0708",6.0000000000000000e+00,0.0000000000000000e+00,20267,
"P0005722","MATE0724",1.0000000000000000e+00,0.0000000000000000e+00,20268,
"P0005722","MATE1292",2.6400000000000000e-02,0.0000000000000000e+00,20269,
"P0005872","CABLE",1.0000000000000000e+00,0.0000000000000000e+00,20309,
"P0000653","MATE0102",1.0000000000000000e-02,0.0000000000000000e+00,20075,
"P0000653","MALLAS",1.1000000000000001e+00,5.0000000000000000e+00,20076,
"P0000696","AGR001",6.7999999999999996e-03,0.0000000000000000e+00,20081,
"P0005722","TRAN1438",1.0000000000000000e+00,0.0000000000000000e+00,20270,
"P0005815","CEM010",8.5000000000000000e+00,5.0000000000000000e+00,20271,
"P0005815","MATE0231",6.4000000000000001e-01,5.0000000000000000e+00,20272,
"P0005815","MATE1384",6.2000000000000000e-01,0.0000000000000000e+00,20273,
"P0005815","AGR001",5.0000000000000003e-02,0.0000000000000000e+00,20274,
"P0005815","MATE0123",8.3000000000000007e+00,0.0000000000000000e+00,20275,
"P0005841","MATE0525",4.0000000000000001e-02,0.0000000000000000e+00,20276,
"P0005841","MATE1494",1.0000000000000000e+00,0.0000000000000000e+00,20277,
"P0005853","RELLENO",1.0000000000000000e+00,0.0000000000000000e+00,20283,
"P0005853","TRAN0008",1.0000000000000000e+00,0.0000000000000000e+00,20284,
"P0005861","MATE0264",1.0000000000000000e+00,0.0000000000000000e+00,20285,
"P0005861","MATE0687",3.8000000000000000e-01,0.0000000000000000e+00,20286,
"P0005861","MATE0690",1.0000000000000000e+00,0.0000000000000000e+00,20287,
"P0005861","MATE1430",1.0000000000000000e+00,0.0000000000000000e+00,20288,
"P0005862","MATE1007",1.0500000000000001e-02,0.0000000000000000e+00,20289,
"P0005862","MATE0932",1.4999999999999999e-02,0.0000000000000000e+00,20290,
"P0005862","MATE0859",5.0000000000000001e-03,0.0000000000000000e+00,20291,
"P0005862","MATE0943",1.0000000000000000e+00,0.0000000000000000e+00,20292,
"P0005862","ESTRUC",1.0000000000000000e+00,0.0000000000000000e+00,20293,
"P0005864","MATE0006",2.0000000000000000e+00,0.0000000000000000e+00,20294,
"P0005864","MATE0765",1.0000000000000000e+00,0.0000000000000000e+00,20295,
"P0005864","MATE1414",4.0000000000000000e+00,0.0000000000000000e+00,20296,
"P0005864","MATE1791",4.0000000000000000e+00,0.0000000000000000e+00,20297,
"P0005864","MATE0064",2.0000000000000000e+00,0.0000000000000000e+00,20298,
"P0005865","MATE1414",4.0000000000000000e+00,0.0000000000000000e+00,20299,
"P0005865","MATE1791",4.0000000000000000e+00,0.0000000000000000e+00,20300,
"P0005865","MATE0765",8.0000000000000004e-01,0.0000000000000000e+00,20301,
"P0005865","MATE0006",2.0000000000000000e+00,0.0000000000000000e+00,20302,
"P0005866","SECCION",1.0000000000000000e+00,0.0000000000000000e+00,20303,
"P0005868","MATE0687",1.3999999999999999e+00,0.0000000000000000e+00,20305,
"P0005868","MATE0706",4.0000000000000000e+00,0.0000000000000000e+00,20306,
"P0005868","MATE0047",3.0000000000000000e+00,0.0000000000000000e+00,20307,
"P0005872","MATE1577",1.0000000000000000e-02,0.0000000000000000e+00,20310,
"UP333","MT970",7.4000000000000003e-03,5.0000000000000000e+00,20340,
"UP333","MATE2062",1.0000000000000000e+00,0.0000000000000000e+00,20341,
"P0005868","TRANSFOR",1.0000000000000000e+00,0.0000000000000000e+00,20308,
"P0005888","MATE0667",1.2000000000000000e+00,0.0000000000000000e+00,20311,
"P0005888","ACERO",2.0000000000000000e+01,0.0000000000000000e+00,20312,
"P0005893","MATE0667",2.0000000000000001e-01,0.0000000000000000e+00,20313,
"P0005893","TUBO",4.0000000000000000e+00,0.0000000000000000e+00,20314,
"P0005894","MATE1577",1.0000000000000001e-01,0.0000000000000000e+00,20315,
"P0005894","MATE1478",4.0000000000000000e+00,0.0000000000000000e+00,20316,
"P0005894","MATE1793",4.0000000000000000e+00,0.0000000000000000e+00,20317,
"P0005894","LAMP",1.0000000000000000e+00,0.0000000000000000e+00,20318,
"P0005895","MATE0685",6.0999999999999999e-01,0.0000000000000000e+00,20319,
"P0005896","MATE0264",1.0000000000000000e+00,0.0000000000000000e+00,20320,
"P0005896","MATE0687",3.8000000000000000e-01,0.0000000000000000e+00,20321,
"P0005896","MATE0690",1.0000000000000000e+00,0.0000000000000000e+00,20322,
"P0005896","MATE1427",1.0000000000000000e+00,0.0000000000000000e+00,20323,
"P0005901","TRAN0405",1.0000000000000000e+00,0.0000000000000000e+00,20324,
"P0005901","MATE0807",1.0000000000000000e+00,0.0000000000000000e+00,20325,
"P0005901","MATE1580",1.0000000000000000e+00,0.0000000000000000e+00,20326,
"P0005901","BATEA",1.0000000000000000e+00,0.0000000000000000e+00,20327,
"P0005901","MATE1300",1.0000000000000000e+00,0.0000000000000000e+00,20328,
"P0005901","MATE1598",1.0000000000000000e+00,0.0000000000000000e+00,20329,
"P0005901","MATE1202",2.0000000000000000e+00,0.0000000000000000e+00,20330,
"P0005904","CEM010",8.5000000000000000e+00,5.0000000000000000e+00,20331,
"P0005904","MATE0231",5.6000000000000005e-01,5.0000000000000000e+00,20332,
"P0005904","MATE0123",8.0000000000000000e+00,0.0000000000000000e+00,20333,
"P0005904","MATE1384",5.9999999999999998e-01,0.0000000000000000e+00,20334,
"P0005904","AGR001",2.9999999999999999e-02,0.0000000000000000e+00,20335,
"P0005904","ARROCILL",1.7999999999999999e-01,5.0000000000000000e+00,20336,
"PAR0942","*LUMIN77",1.0000000000000000e+00,0.0000000000000000e+00,20337,
"PAR0942","*TEIPE02",1.0000000000000001e-01,7.0000000000000000e+00,20338,
"UP333","JUNTA",1.0000000000000000e+00,0.0000000000000000e+00,20342,
"P0000904","MATE1318",2.0000000000000000e-02,0.0000000000000000e+00,20343,
"ALBAÑ27","*AGREG09",4.0000000000000001e-03,0.0000000000000000e+00,20351,
"ALBAÑ27","*AGUA",1.0000000000000000e-02,0.0000000000000000e+00,20352,
"ALBAÑ27","*AGREG11",1.4999999999999999e-01,0.0000000000000000e+00,20353,
"ALBAÑ27","CERAMICA",1.0000000000000000e+00,0.0000000000000000e+00,20354,
"ALBAÑ28","*AGREG09",4.0000000000000001e-03,0.0000000000000000e+00,20355,
"ALBAÑ28","*AGUA",1.0000000000000000e-02,0.0000000000000000e+00,20356,
"*HERRE17","*BARAN01",5.0000000000000003e-02,0.0000000000000000e+00,20708,
"HERRE18","PERFIL",6.0000000000000000e+00,5.0000000000000000e+00,20710,
"HERRE18","ELECTROD",5.0000000000000003e-02,0.0000000000000000e+00,20711,
"HERRE18","MATE0859",8.0000000000000002e-02,0.0000000000000000e+00,20712,
"CAJAMED","CAJA2W",1.0000000000000000e+00,0.0000000000000000e+00,20713,
"*COMPC01","MATERIAL",1.0000000000000000e+00,0.0000000000000000e+00,20714,
"*BACHEO7","*ASFAL26",1.0000000000000000e+00,0.0000000000000000e+00,20715,
"*PAVAS01","*ASFAL25",1.5000000000000000e+00,0.0000000000000000e+00,20716,
"TAPON","MATE0525",4.0000000000000001e-02,0.0000000000000000e+00,20717,
"TAPON","MATE1494",1.0000000000000000e+00,0.0000000000000000e+00,20718,
"TAPON1","MATE0525",4.0000000000000001e-02,0.0000000000000000e+00,20719,
"TAPON1","REJILLA",1.0000000000000000e+00,0.0000000000000000e+00,20721,
"P0003577","MATE2079",1.1000000000000001e+00,0.0000000000000000e+00,20722,
"P0003577","MATE1035",1.4999999999999999e-02,0.0000000000000000e+00,20723,
"P0003578","MATE2079",1.1000000000000001e+00,0.0000000000000000e+00,20724,
"P0003578","MATE1035",1.4999999999999999e-02,0.0000000000000000e+00,20725,
"P0003579","MATE1035",1.4999999999999999e-02,0.0000000000000000e+00,20727,
"P0003579","TUBO2",1.0000000000000000e+00,0.0000000000000000e+00,20728,
"CAJAMED1","HIDRANTE",1.0000000000000000e+00,0.0000000000000000e+00,20730,
"CAJAMED2","CAJA DE",1.0000000000000000e+00,0.0000000000000000e+00,20732,
"CAJAMED2","MANGUERA",1.0000000000000000e+00,0.0000000000000000e+00,20733,
"CAJAMED2","LLAVE",1.0000000000000000e+00,0.0000000000000000e+00,20734,
"PAR0985","*CABLE73",5.0000000000000000e+00,5.0000000000000000e+00,20735,
"PAR0985","*PRENSA",2.0000000000000000e+00,0.0000000000000000e+00,20736,
"PAR0985","*TUBIE68",1.0000000000000000e+00,0.0000000000000000e+00,20737,
"PAR0986","*TEIPE02",2.5000000000000000e-01,0.0000000000000000e+00,20741,
"PAR0986","INTERR",1.0000000000000000e+00,0.0000000000000000e+00,20742,
"TUBECOBR","MATE0507",5.0000000000000001e-03,0.0000000000000000e+00,20743,
"TUBECOBR","MATE0232",8.0000000000000004e-04,0.0000000000000000e+00,20744,
"TUBECOBR","MATE1871",1.0000000000000000e+00,0.0000000000000000e+00,20745,
"TUBECOBR","MATE0609",2.5000000000000000e-01,0.0000000000000000e+00,20746,
"TUBECOBR","MATE1755",2.5000000000000000e-01,0.0000000000000000e+00,20747,
"TUBECOBR","MATE0061",2.5000000000000000e-01,0.0000000000000000e+00,20748,
"P0000849","MATE0859",2.0000000000000001e-01,0.0000000000000000e+00,20749,
