CodObr,NumPar,NumSec,Cont,FechaIni,FechaFin,CanPar,CantDias,RenPar2,PartBase,Porcentaje
"576PDVS2",126,1,,"04/27/23 00:00:00","06/13/23 00:00:00",5.0000000000000000e+03,3.4000000000000000e+01,1.5000000000000000e+02,0,0.0000000000000000e+00
"576PDVS2",128,1,,"04/27/23 00:00:00","05/05/23 00:00:00",9.6000000000000000e+01,7.0000000000000000e+00,1.5000000000000000e+01,0,0.0000000000000000e+00
"576PDVS2",127,1,,"04/27/23 00:00:00","04/27/23 00:00:00",1.0000000000000000e+01,6.7000000000000004e-01,1.5000000000000000e+01,0,0.0000000000000000e+00
"576PDVS2",1,1,,"04/27/23 00:00:00","05/01/23 00:00:00",5.0454540000000001e+04,3.0000000000000000e+00,2.0000000000000000e+04,0,0.0000000000000000e+00
"576PDVS2",2,1,,"05/04/23 00:00:00","06/02/23 00:00:00",6.5400000000000000e+00,2.2000000000000000e+01,3.0000000000000004e-01,0,0.0000000000000000e+00
"576PDVS2",3,1,,"05/08/23 00:00:00","06/12/23 00:00:00",1.2727270000000000e+04,2.6000000000000000e+01,5.0000000000000000e+02,0,0.0000000000000000e+00
"576PDVS2",4,1,,"05/24/23 00:00:00","06/05/23 00:00:00",8.5340000000000000e+03,9.0000000000000000e+00,1.0000000000000000e+03,0,0.0000000000000000e+00
"576PDVS2",5,1,,"04/27/23 00:00:00","05/19/23 00:00:00",7.5480000000000000e+03,1.7000000000000000e+01,4.5000000000000000e+02,0,0.0000000000000000e+00
"576PDVS2",6,1,,"04/27/23 00:00:00","06/27/23 00:00:00",1.7370000000000000e+03,4.4000000000000000e+01,4.0000000000000000e+01,0,0.0000000000000000e+00
"576PDVS2",7,1,,"04/27/23 00:00:00","05/25/23 00:00:00",3.1480000000000000e+03,2.1000000000000000e+01,1.5000000000000000e+02,0,0.0000000000000000e+00
"576PDVS2",8,1,,"04/27/23 00:00:00","05/22/23 00:00:00",2.8000000000000000e+03,1.8000000000000000e+01,1.6000000000000000e+02,0,0.0000000000000000e+00
"576PDVS2",10,1,,"04/27/23 00:00:00","05/24/23 00:00:00",9.6000000000000000e+03,2.0000000000000000e+01,5.0000000000000000e+02,0,0.0000000000000000e+00
"576PDVS2",11,1,,"04/27/23 00:00:00","05/04/23 00:00:00",7.0000000000000000e+02,6.0000000000000000e+00,1.2000000000000000e+02,0,0.0000000000000000e+00
"576PDVS2",12,1,,"04/27/23 00:00:00","05/05/23 00:00:00",5.6000000000000000e+02,7.0000000000000000e+00,8.6000000000000000e+01,0,0.0000000000000000e+00
"576PDVS2",13,1,,"04/27/23 00:00:00","05/30/23 00:00:00",3.3500000000000000e+02,2.4000000000000000e+01,1.4000000000000000e+01,0,0.0000000000000000e+00
"576PDVS2",14,1,,"04/27/23 00:00:00","05/22/23 00:00:00",2.4000000000000000e+02,1.8000000000000000e+01,1.4000000000000000e+01,0,0.0000000000000000e+00
"576PDVS2",15,1,,"04/27/23 00:00:00","07/12/23 00:00:00",3.2500000000000000e+03,5.5000000000000000e+01,6.0000000000000000e+01,0,0.0000000000000000e+00
"576PDVS2",16,1,,"04/27/23 00:00:00","05/03/23 00:00:00",1.6180000000000000e+03,5.0000000000000000e+00,4.0000000000000000e+02,0,0.0000000000000000e+00
"576PDVS2",17,1,,"04/27/23 00:00:00","05/19/23 00:00:00",1.0014600000000000e+03,1.7000000000000000e+01,6.0000000000000000e+01,0,0.0000000000000000e+00
"576PDVS2",18,1,,"04/27/23 00:00:00","08/18/23 00:00:00",8.1123999999999996e+03,8.2000000000000000e+01,1.0000000000000000e+02,0,0.0000000000000000e+00
"576PDVS2",19,1,,"04/27/23 00:00:00","04/28/23 00:00:00",6.6760000000000005e+01,2.0000000000000000e+00,4.0000000000000000e+01,0,0.0000000000000000e+00
"576PDVS2",20,1,,"04/27/23 00:00:00","05/10/23 00:00:00",4.0581999999999999e+02,1.0000000000000000e+01,4.5000000000000000e+01,0,0.0000000000000000e+00
"576PDVS2",21,1,,"04/27/23 00:00:00","05/02/23 00:00:00",1.3353000000000000e+02,4.0000000000000000e+00,3.7500000000000000e+01,0,0.0000000000000000e+00
"576PDVS2",22,1,,"04/27/23 00:00:00","06/19/23 00:00:00",1.1127300000000000e+03,3.8000000000000000e+01,3.0000000000000000e+01,0,0.0000000000000000e+00
"576PDVS2",23,1,,"04/27/23 00:00:00","05/18/23 00:00:00",4.8000000000000000e+01,1.6000000000000000e+01,3.0000000000000000e+00,0,0.0000000000000000e+00
"576PDVS2",24,1,,"04/27/23 00:00:00","04/28/23 00:00:00",1.2000000000000000e+01,2.0000000000000000e+00,1.0000000000000000e+01,0,0.0000000000000000e+00
"576PDVS2",25,1,,"04/27/23 00:00:00","05/03/23 00:00:00",1.4000000000000000e+01,5.0000000000000000e+00,3.0000000000000000e+00,0,0.0000000000000000e+00
"576PDVS2",9,1,,"04/27/23 00:00:00","04/29/23 00:00:00",1.1200000000000000e+04,2.9500000000000002e+00,3.8000000000000000e+03,0,0.0000000000000000e+00
"576PDVS2",26,1,,"04/27/23 00:00:00","05/05/23 00:00:00",1.3090000000000000e+01,7.0000000000000000e+00,2.0000000000000000e+00,0,0.0000000000000000e+00
"576PDVS2",27,1,,"04/27/23 00:00:00","05/01/23 00:00:00",1.4000000000000000e+01,3.0000000000000000e+00,5.0000000000000000e+00,0,0.0000000000000000e+00
"576PDVS2",28,1,,"04/27/23 00:00:00","05/02/23 00:00:00",1.1127300000000000e+03,4.0000000000000000e+00,3.3500000000000000e+02,0,0.0000000000000000e+00
"576PDVS2",29,1,,"04/27/23 00:00:00","05/05/23 00:00:00",4.0057999999999998e+02,7.0000000000000000e+00,6.0000000000000000e+01,0,0.0000000000000000e+00
"576PDVS2",30,1,,"04/27/23 00:00:00","04/28/23 00:00:00",6.6760000000000005e+01,2.0000000000000000e+00,5.0000000000000000e+01,0,0.0000000000000000e+00
"576PDVS2",31,1,,"04/27/23 00:00:00","05/12/23 00:00:00",1.1127300000000000e+03,1.2000000000000000e+01,1.0000000000000000e+02,0,0.0000000000000000e+00
"576PDVS2",32,1,,"04/27/23 00:00:00","05/04/23 00:00:00",5.2000000000000000e+01,6.0000000000000000e+00,1.0000000000000000e+01,0,0.0000000000000000e+00
"576PDVS2",33,1,,"04/27/23 00:00:00","05/04/23 00:00:00",5.2000000000000000e+01,6.0000000000000000e+00,1.0000000000000000e+01,0,0.0000000000000000e+00
"576PDVS2",34,1,,"04/27/23 00:00:00","07/03/23 00:00:00",5.7600000000000000e+02,4.8000000000000000e+01,1.2000000000000000e+01,0,0.0000000000000000e+00
"576PDVS2",35,1,,"04/27/23 00:00:00","05/01/23 00:00:00",1.3000000000000000e+01,3.0000000000000000e+00,6.0000000000000000e+00,0,0.0000000000000000e+00
"576PDVS2",36,1,,"04/27/23 00:00:00","04/28/23 00:00:00",1.4000000000000000e+01,2.0000000000000000e+00,1.0000000000000000e+01,0,0.0000000000000000e+00
"576PDVS2",37,1,,"04/27/23 00:00:00","05/22/23 00:00:00",5.2000000000000000e+01,1.8000000000000000e+01,3.0000000000000000e+00,0,0.0000000000000000e+00
"576PDVS2",38,1,,"04/27/23 00:00:00","04/27/23 00:00:00",8.0000000000000000e+00,1.0000000000000000e+00,1.0000000000000000e+01,0,0.0000000000000000e+00
"576PDVS2",39,1,,"04/27/23 00:00:00","04/28/23 00:00:00",2.6000000000000000e+01,2.0000000000000000e+00,2.0000000000000000e+01,0,0.0000000000000000e+00
"576PDVS2",40,1,,"04/27/23 00:00:00","04/27/23 00:00:00",2.0000000000000000e+01,1.0000000000000000e+00,2.0000000000000000e+01,0,0.0000000000000000e+00
"576PDVS2",41,1,,"04/27/23 00:00:00","05/11/23 00:00:00",4.3200000000000000e+02,1.1000000000000000e+01,4.0000000000000000e+01,0,0.0000000000000000e+00
"576PDVS2",42,1,,"04/27/23 00:00:00","05/08/23 00:00:00",2.4000000000000000e+01,8.0000000000000000e+00,3.0000000000000000e+00,0,0.0000000000000000e+00
"576PDVS2",43,1,,"04/27/23 00:00:00","05/17/23 00:00:00",7.8546000000000004e+02,1.5000000000000000e+01,5.5000000000000000e+01,0,0.0000000000000000e+00
"576PDVS2",44,1,,"04/27/23 00:00:00","05/03/23 00:00:00",5.8909000000000003e+02,5.0000000000000000e+00,1.2000000000000000e+02,0,0.0000000000000000e+00
"576PDVS2",45,1,,"04/27/23 00:00:00","05/12/23 00:00:00",2.4000000000000000e+01,1.2000000000000000e+01,2.0000000000000000e+00,0,0.0000000000000000e+00
"576PDVS2",46,1,,"04/27/23 00:00:00","05/12/23 00:00:00",2.4000000000000000e+01,1.2000000000000000e+01,2.0000000000000000e+00,0,0.0000000000000000e+00
"576PDVS2",47,1,,"04/27/23 00:00:00","05/05/23 00:00:00",1.3800000000000000e+02,7.0000000000000000e+00,2.0000000000000000e+01,0,0.0000000000000000e+00
"576PDVS2",48,1,,"04/27/23 00:00:00","05/29/23 00:00:00",7.8546000000000004e+02,2.3000000000000000e+01,3.5000000000000000e+01,0,0.0000000000000000e+00
"576PDVS2",49,1,,"04/27/23 00:00:00","05/03/23 00:00:00",6.4000000000000000e+01,5.0000000000000000e+00,1.5000000000000000e+01,0,0.0000000000000000e+00
"576PDVS2",50,1,,"04/27/23 00:00:00","05/05/23 00:00:00",1.2800000000000000e+04,7.0000000000000000e+00,2.0000000000000000e+03,0,0.0000000000000000e+00
"576PDVS2",51,1,,"04/27/23 00:00:00","05/04/23 00:00:00",5.2000000000000000e+01,6.0000000000000000e+00,1.0000000000000000e+01,0,0.0000000000000000e+00
"576PDVS2",52,1,,"04/27/23 00:00:00","04/28/23 00:00:00",1.4000000000000000e+01,2.0000000000000000e+00,1.0000000000000000e+01,0,0.0000000000000000e+00
"576PDVS2",53,1,,"04/27/23 00:00:00","04/28/23 00:00:00",4.0000000000000000e+01,2.0000000000000000e+00,2.6000000000000000e+01,0,0.0000000000000000e+00
"576PDVS2",54,1,,"04/27/23 00:00:00","05/03/23 00:00:00",9.2000000000000000e+01,5.0000000000000000e+00,2.2000000000000000e+01,0,0.0000000000000000e+00
"576PDVS2",55,1,,"04/27/23 00:00:00","04/27/23 00:00:00",1.4000000000000000e+01,1.0000000000000000e+00,3.5000000000000000e+01,0,0.0000000000000000e+00
"576PDVS2",56,1,,"04/27/23 00:00:00","08/04/23 00:00:00",3.6000000000000000e+03,7.2000000000000000e+01,5.0000000000000000e+01,0,0.0000000000000000e+00
"576PDVS2",57,1,,"04/27/23 00:00:00","07/18/23 00:00:00",4.6800000000000000e+03,5.9000000000000000e+01,8.0000000000000000e+01,0,0.0000000000000000e+00
"576PDVS2",58,1,,"04/27/23 00:00:00","06/28/23 00:00:00",1.3500000000000000e+03,4.5000000000000000e+01,3.0000000000000000e+01,0,0.0000000000000000e+00
"576PDVS2",59,1,,"04/27/23 00:00:00","05/09/23 00:00:00",8.3127299999999996e+03,9.0000000000000000e+00,1.0000000000000000e+03,0,0.0000000000000000e+00
"576PDVS2",60,1,,"04/27/23 00:00:00","05/10/23 00:00:00",9.3312000000000007e+03,1.0000000000000000e+01,1.0000000000000000e+03,0,0.0000000000000000e+00
"576PDVS2",61,1,,"04/27/23 00:00:00","05/05/23 00:00:00",6.2181800000000003e+03,7.0000000000000000e+00,1.0000000000000000e+03,0,0.0000000000000000e+00
"576PDVS2",62,1,,"04/27/23 00:00:00","07/13/23 00:00:00",2.8000000000000000e+04,5.6000000000000000e+01,5.0000000000000000e+02,0,0.0000000000000000e+00
"576PDVS2",63,1,,"04/27/23 00:00:00","06/19/23 00:00:00",1.5000000000000000e+03,3.8000000000000000e+01,4.0000000000000000e+01,0,0.0000000000000000e+00
"576PDVS2",64,1,,"04/27/23 00:00:00","05/02/23 00:00:00",6.0000000000000000e+01,4.0000000000000000e+00,1.6000000000000000e+01,0,0.0000000000000000e+00
"576PDVS2",65,1,,"04/27/23 00:00:00","07/07/23 00:00:00",3.3590000000000000e+03,5.2000000000000000e+01,6.5000000000000000e+01,0,0.0000000000000000e+00
"576PDVS2",66,1,,"04/27/23 00:00:00","07/27/23 00:00:00",1.2500000000000000e+05,6.6000000000000000e+01,1.9000000000000000e+03,0,0.0000000000000000e+00
"576PDVS2",67,1,,"04/27/23 00:00:00","12/06/23 00:00:00",1.6000000000000000e+05,1.6000000000000000e+02,1.0000000000000000e+03,0,0.0000000000000000e+00
"576PDVS2",68,1,,"04/27/23 00:00:00","10/11/23 00:00:00",1.0800000000000000e+04,1.2000000000000000e+02,9.0000000000000000e+01,0,0.0000000000000000e+00
"576PDVS2",69,1,,"04/27/23 00:00:00","11/07/23 00:00:00",2.0736000000000000e+04,1.3900000000000000e+02,1.5000000000000000e+02,0,0.0000000000000000e+00
"576PDVS2",70,1,,"04/27/23 00:00:00","08/07/23 00:00:00",1.3136000000000000e+04,7.3000000000000000e+01,1.8000000000000000e+02,0,0.0000000000000000e+00
"576PDVS2",71,1,,"04/27/23 00:00:00","09/14/23 00:00:00",4.0320000000000000e+04,1.0100000000000000e+02,4.0000000000000000e+02,0,0.0000000000000000e+00
"576PDVS2",72,1,,"04/27/23 00:00:00","06/22/23 00:00:00",1.8260000000000000e+03,4.1000000000000000e+01,4.5000000000000000e+01,0,0.0000000000000000e+00
"576PDVS2",73,1,,"04/27/23 00:00:00","10/17/23 00:00:00",1.2380285000000001e+05,1.2400000000000000e+02,1.0000000000000000e+03,0,0.0000000000000000e+00
"576PDVS2",74,1,,"04/27/23 00:00:00","11/14/23 00:00:00",4.1472000000000000e+04,1.4400000000000000e+02,2.8800000000000000e+02,0,0.0000000000000000e+00
"576PDVS2",75,1,,"04/27/23 00:00:00","05/22/23 00:00:00",7.0260000000000000e+03,1.8000000000000000e+01,4.0000000000000000e+02,0,0.0000000000000000e+00
"576PDVS2",76,1,,"04/27/23 00:00:00","07/28/23 00:00:00",3.9800000000000000e+04,6.7000000000000000e+01,6.0000000000000000e+02,0,0.0000000000000000e+00
"576PDVS2",77,1,,"04/27/23 00:00:00","05/30/23 00:00:00",2.3040000000000000e+03,2.4000000000000000e+01,1.0000000000000000e+02,0,0.0000000000000000e+00
"576PDVS2",78,1,,"04/27/23 00:00:00","06/23/23 00:00:00",5.7600000000000000e+02,4.2000000000000000e+01,1.4000000000000000e+01,0,0.0000000000000000e+00
"576PDVS2",79,1,,"04/27/23 00:00:00","06/09/23 00:00:00",2.8800000000000000e+03,3.2000000000000000e+01,9.0000000000000000e+01,0,0.0000000000000000e+00
"576PDVS2",80,1,,"04/27/23 00:00:00","08/02/23 00:00:00",3.4560000000000000e+03,7.0000000000000000e+01,5.0000000000000000e+01,0,0.0000000000000000e+00
"576PDVS2",81,1,,"04/27/23 00:00:00","07/04/23 00:00:00",2.4500000000000000e+03,4.9000000000000000e+01,5.0000000000000000e+01,0,0.0000000000000000e+00
"576PDVS2",82,1,,"04/27/23 00:00:00","06/27/23 00:00:00",3.4560000000000000e+03,4.4000000000000000e+01,8.0000000000000000e+01,0,0.0000000000000000e+00
"576PDVS2",83,1,,"04/27/23 00:00:00","06/20/23 00:00:00",5.7600000000000000e+02,3.9000000000000000e+01,1.5000000000000000e+01,0,0.0000000000000000e+00
"576PDVS2",84,1,,"04/27/23 00:00:00","09/13/23 00:00:00",1.2000000000000000e+05,1.0000000000000000e+02,1.2000000000000000e+03,0,0.0000000000000000e+00
"576PDVS2",85,1,,"04/27/23 00:00:00","07/06/23 00:00:00",4.0123000000000000e+04,5.1000000000000000e+01,8.0000000000000000e+02,0,0.0000000000000000e+00
"576PDVS2",86,1,,"04/27/23 00:00:00","06/15/23 00:00:00",1.4400000000000000e+04,3.6000000000000000e+01,4.0000000000000000e+02,0,0.0000000000000000e+00
"576PDVS2",87,1,,"04/27/23 00:00:00","05/20/24 00:00:00",5.5505459999999999e+04,2.7800000000000000e+02,2.0000000000000000e+02,0,0.0000000000000000e+00
"576PDVS2",88,1,,"04/27/23 00:00:00","01/09/24 00:00:00",1.2500000000000000e+04,1.8400000000000000e+02,6.8000000000000000e+01,0,0.0000000000000000e+00
"576PDVS2",89,1,,"04/27/23 00:00:00","11/14/23 00:00:00",7.7760000000000000e+03,1.4400000000000000e+02,5.4000000000000000e+01,0,0.0000000000000000e+00
"576PDVS2",90,1,,"04/27/23 00:00:00","11/14/23 00:00:00",1.4400000000000000e+05,1.4400000000000000e+02,1.0000000000000000e+03,0,0.0000000000000000e+00
"576PDVS2",91,1,,"04/27/23 00:00:00","11/09/23 00:00:00",3.9272730000000003e+04,1.4100000000000000e+02,2.8000000000000000e+02,0,0.0000000000000000e+00
"576PDVS2",92,1,,"04/27/23 00:00:00","09/15/23 00:00:00",2.5500000000000000e+04,1.0200000000000000e+02,2.5000000000000000e+02,0,0.0000000000000000e+00
"576PDVS2",93,1,,"04/27/23 00:00:00","12/05/23 00:00:00",6.3360000000000000e+03,1.5900000000000000e+02,4.0000000000000000e+01,0,0.0000000000000000e+00
"576PDVS2",94,1,,"04/27/23 00:00:00","12/05/23 00:00:00",6.3360000000000000e+03,1.5900000000000000e+02,4.0000000000000000e+01,0,0.0000000000000000e+00
"576PDVS2",95,1,,"04/27/23 00:00:00","10/20/23 00:00:00",6.3360000000000000e+03,1.2700000000000000e+02,5.0000000000000000e+01,0,0.0000000000000000e+00
"576PDVS2",96,1,,"04/27/23 00:00:00","09/04/23 00:00:00",4.6080000000000000e+03,9.3000000000000000e+01,5.0000000000000000e+01,0,0.0000000000000000e+00
"576PDVS2",97,1,,"04/27/23 00:00:00","06/06/23 00:00:00",5.7600000000000000e+02,2.9000000000000000e+01,2.0000000000000000e+01,0,0.0000000000000000e+00
"576PDVS2",98,1,,"04/27/23 00:00:00","05/25/23 00:00:00",5.7600000000000000e+02,2.1000000000000000e+01,2.8000000000000000e+01,0,0.0000000000000000e+00
"576PDVS2",99,1,,"04/27/23 00:00:00","08/21/23 00:00:00",2.3040000000000000e+03,8.3000000000000000e+01,2.8000000000000000e+01,0,0.0000000000000000e+00
"576PDVS2",100,1,,"04/27/23 00:00:00","12/05/23 00:00:00",6.3360000000000000e+03,1.5900000000000000e+02,4.0000000000000000e+01,0,0.0000000000000000e+00
"576PDVS2",101,1,,"04/27/23 00:00:00","04/28/23 00:00:00",6.4000000000000000e+01,2.0000000000000000e+00,3.5000000000000000e+01,0,0.0000000000000000e+00
"576PDVS2",361,1,,"04/27/23 00:00:00","10/05/23 00:00:00",5.7600000000000000e+02,1.1600000000000000e+02,5.0000000000000000e+00,259,0.0000000000000000e+00
"576PDVS2",102,1,,"04/27/23 00:00:00","05/12/23 00:00:00",5.7600000000000000e+02,1.2000000000000000e+01,5.0000000000000000e+01,0,0.0000000000000000e+00
"576PDVS2",103,1,,"04/27/23 00:00:00","05/30/23 00:00:00",2.8800000000000000e+03,2.4000000000000000e+01,1.2000000000000000e+02,0,0.0000000000000000e+00
"576PDVS2",104,1,,"04/27/23 00:00:00","07/17/23 00:00:00",5.7600000000000000e+02,5.8000000000000000e+01,1.0000000000000000e+01,0,0.0000000000000000e+00
"576PDVS2",106,1,,"04/27/23 00:00:00","03/11/24 00:00:00",7.9579600000000000e+03,2.2800000000000000e+02,3.5000000000000000e+01,0,0.0000000000000000e+00
"576PDVS2",107,1,,"04/27/23 00:00:00","08/18/23 00:00:00",1.2276850000000000e+04,8.2000000000000000e+01,1.5000000000000000e+02,0,0.0000000000000000e+00
"576PDVS2",108,1,,"04/27/23 00:00:00","06/29/23 00:00:00",3.1675400000000000e+03,4.6000000000000000e+01,7.0000000000000000e+01,0,0.0000000000000000e+00
"576PDVS2",109,1,,"04/27/23 00:00:00","06/23/23 00:00:00",6.1895100000000002e+03,4.2000000000000000e+01,1.5000000000000000e+02,0,0.0000000000000000e+00
"576PDVS2",110,1,,"04/27/23 00:00:00","07/21/23 00:00:00",1.2379020000000000e+04,6.2000000000000000e+01,2.0000000000000000e+02,0,0.0000000000000000e+00
"576PDVS2",111,1,,"04/27/23 00:00:00","05/17/23 00:00:00",1.4400000000000000e+03,1.5000000000000000e+01,1.0000000000000000e+02,0,0.0000000000000000e+00
"576PDVS2",112,1,,"04/27/23 00:00:00","02/19/24 00:00:00",5.3052799999999997e+03,2.1300000000000000e+02,2.5000000000000000e+01,0,0.0000000000000000e+00
"576PDVS2",113,1,,"04/27/23 00:00:00","03/14/24 00:00:00",5.7600000000000000e+03,2.3100000000000000e+02,2.5000000000000000e+01,0,0.0000000000000000e+00
"576PDVS2",114,1,,"04/27/23 00:00:00","06/30/23 00:00:00",1.1520000000000000e+03,4.7000000000000000e+01,2.5000000000000000e+01,0,0.0000000000000000e+00
"576PDVS2",115,1,,"04/27/23 00:00:00","06/30/23 00:00:00",1.1520000000000000e+03,4.7000000000000000e+01,2.5000000000000000e+01,0,0.0000000000000000e+00
"576PDVS2",116,1,,"04/27/23 00:00:00","08/25/23 00:00:00",3.4560000000000000e+03,8.7000000000000000e+01,4.0000000000000000e+01,0,0.0000000000000000e+00
"576PDVS2",117,1,,"04/27/23 00:00:00","07/17/23 00:00:00",2.3040000000000000e+03,5.8000000000000000e+01,4.0000000000000000e+01,0,0.0000000000000000e+00
"576PDVS2",118,1,,"04/27/23 00:00:00","04/28/23 00:00:00",1.1520000000000000e+03,2.0000000000000000e+00,8.0000000000000000e+02,0,0.0000000000000000e+00
"576PDVS2",119,1,,"04/27/23 00:00:00","06/20/23 00:00:00",1.1520000000000000e+03,3.9000000000000000e+01,3.0000000000000000e+01,0,0.0000000000000000e+00
"576PDVS2",120,1,,"04/27/23 00:00:00","06/20/23 00:00:00",1.1520000000000000e+03,3.9000000000000000e+01,3.0000000000000000e+01,0,0.0000000000000000e+00
"576PDVS2",121,1,,"04/27/23 00:00:00","05/30/23 00:00:00",1.1520000000000000e+03,2.4000000000000000e+01,5.0000000000000000e+01,0,0.0000000000000000e+00
"576PDVS2",122,1,,"04/27/23 00:00:00","05/24/23 00:00:00",5.7600000000000000e+02,2.0000000000000000e+01,3.0000000000000000e+01,0,0.0000000000000000e+00
"576PDVS2",123,1,,"04/27/23 00:00:00","06/01/23 00:00:00",1.2800000000000000e+02,2.6000000000000000e+01,5.0000000000000000e+00,0,0.0000000000000000e+00
"576PDVS2",124,1,,"04/27/23 00:00:00","06/06/23 00:00:00",5.7600000000000000e+02,2.9000000000000000e+01,2.0000000000000000e+01,0,0.0000000000000000e+00
"576PDVS2",125,1,,"04/27/23 00:00:00","07/17/23 00:00:00",5.7600000000000000e+02,5.8000000000000000e+01,1.0000000000000000e+01,0,0.0000000000000000e+00
