CodEqu,CodFam,CosEqu,CosDia,Deprec,Transp,FecEqu,Dep01,Provee,Man01,Rep01,PorNacImp,TipEqu,Importado,CodAlt,Descri
"*ALICAT2","01",1.8000000000000000e+01,1.7999999999999999e-01,1.0000000000000000e-02,,"06/14/22 00:00:00",1.00000000e+00,,0.00000000e+00,0.00000000e+00,1.0000000000000000e+02,0,0,,"ALICATE CRESCENT 8"""
"*AMPERM1","01",3.0000000000000000e+01,8.9999999999999997e-02,3.0000000000000001e-03,,"04/24/23 00:00:00",1.00000000e+00,,0.00000000e+00,0.00000000e+00,1.0000000000000000e+02,0,0,,"VOLTIAMPERIMETRO ANALOGO SK-7100 600V 600A 20kOhm KAISE"
"*CAMIO02","01",6.0000000000000000e+04,1.2000000000000000e+02,2.0000000000000000e-03,,"03/08/23 00:00:00",1.00000000e+00,,,,1.0000000000000000e+02,0,0,,"CAMION CISTERNA 15.000 LTS."
"*CAMIO03","01",1.5000000000000000e+05,3.0000000000000000e+02,2.0000000000000000e-03,"N","03/08/23 00:00:00",1.00000000e+00,,0.00000000e+00,0.00000000e+00,1.0000000000000000e+02,0,0,,"CAMION DE VOLTEO MACK VM23 12 M3"
"*CARRET1","01",3.0000000000000000e+01,1.2000000000000000e-01,4.0000000000000001e-03,,"06/14/22 00:00:00",1.00000000e+00,,,,1.0000000000000000e+02,0,0,,"CARRETILLA DE RUEDAS NEUMATICAS DE CAPACIDAD= 55 l"
"*CARRET2","01",1.9000000000000000e+02,9.4999999999999996e-01,5.0000000000000001e-03,,"04/24/23 00:00:00",1.00000000e+00,,,,1.0000000000000000e+02,0,0,,"CARRETON BUGGI 150 L RUEDAS DE GOMA"
"*COMPAC6","02",1.5000000000000000e+05,2.2500000000000000e+02,1.5000000000000000e-03,,"03/08/23 00:00:00",1.00000000e+00,,,,1.0000000000000000e+02,0,0,,"COMPACTADORA CAT 815F"
"*CUCHAR1","01",2.7799999999999998e+00,2.0000000000000000e-02,5.4999999999999997e-03,,"08/25/21 00:00:00",1.00000000e+00,,,,1.0000000000000000e+02,0,0,,"CUCHARA DE 6"" MARCA BELLOTA"
"*DESTOR1","01",3.6719999999999999e+01,2.0000000000000001e-01,5.4999999999999997e-03,,"06/14/22 00:00:00",1.00000000e+00,,,,1.0000000000000000e+02,0,0,,"JUEGO DE ATORNILLADORES 15 PZAS STANLEY"
"*EQUIP02","01",1.0855000000000000e+02,3.8000000000000000e-01,3.5000000000000001e-03,"N","09/06/22 00:00:00",1.00000000e+00,,0.00000000e+00,0.00000000e+00,1.0000000000000000e+02,0,0,,"EQUIPO PARA CABILLA"
"*EQUIP05","01",2.5516000000000000e+02,2.5499999999999998e+00,1.0000000000000000e-02,"N","01/31/22 00:00:00",1.00000000e+00,,0.00000000e+00,0.00000000e+00,1.0000000000000000e+02,0,0,,"EQUIPO PARA ALBAÑILERIA TIPO 1"
"*EQUIP06","01",5.9100000000000001e+01,1.2000000000000000e-01,2.0000000000000000e-03,,"08/25/21 00:00:00",1.00000000e+00,,,,1.0000000000000000e+02,0,0,,"EQUIPO DE ACABADOS INTERIORES."
"*EQUIP10","01",7.6000000000000000e+03,3.6399999999999999e+01,4.7900000000000000e-03,"N","04/24/23 00:00:00",1.00000000e+00,,0.00000000e+00,0.00000000e+00,1.0000000000000000e+02,0,0,,"EQUIPO PARA INSTALACION ELECTRICA"
"*EQUIP15","01",1.0140000000000001e+02,1.0100000000000000e+00,1.0000000000000000e-02,"N","08/25/21 00:00:00",1.00000000e+00,,0.00000000e+00,0.00000000e+00,1.0000000000000000e+02,0,0,,"EQUIPO DE JARDINERIA."
"*ESCALE1","01",3.1410000000000000e+01,1.7000000000000001e-01,5.4999999999999997e-03,"N","08/25/21 00:00:00",1.00000000e+00,,0.00000000e+00,0.00000000e+00,1.0000000000000000e+02,0,0,,"ESCALERA TIPO TIJERA DE ALUMINIO DE 7 TRAMOS"
"*GRUATEL","02",1.7800000000000001e+01,1.7800000000000001e+01,1.0000000000000000e+00,"N","09/06/22 00:00:00",1.00000000e+00,,0.00000000e+00,0.00000000e+00,1.0000000000000000e+02,0,0,,"GRUA P&H CAPACIDAD 25 TON TELESCOPICA INCLUYE OPERADOR"
"*MEZCLA1","01",8.0000000000000000e+01,8.0000000000000000e+01,1.0000000000000000e+00,"N","01/02/22 00:00:00",1.00000000e+00,,0.00000000e+00,0.00000000e+00,1.0000000000000000e+02,0,0,,"TROMPO MEZCLADOR ELECTRICO DE VOLTAJE= 110 V"
"*PALA001","01",4.0000000000000000e+01,4.0000000000000002e-01,1.0000000000000000e-02,"N","04/24/23 00:00:00",1.00000000e+00,,0.00000000e+00,0.00000000e+00,1.0000000000000000e+02,0,0,,"PALA REDONDA"
"*PINZAS1","01",5.3200000000000003e+00,5.0000000000000003e-02,1.0000000000000000e-02,"N","08/25/21 00:00:00",1.00000000e+00,,0.00000000e+00,0.00000000e+00,1.0000000000000000e+02,0,0,,"PINZA PELACABLES TIPO AUTOMATICA"
"*PISTOLA","01",3.8009999999999998e+01,1.3000000000000000e-01,3.5000000000000001e-03,,"08/25/21 00:00:00",1.00000000e+00,,0.00000000e+00,0.00000000e+00,1.0000000000000000e+02,0,0,,"PISTOLA DE FIJACIONES PARA TECHO, MARCA JAMERGO"
"*TALADR1","01",7.0000000000000000e+01,3.5699999999999998e+00,5.0999999999999997e-02,,"04/24/23 00:00:00",1.00000000e+00,,,,1.0000000000000000e+02,0,0,,"TALADRO ELECT-MANDRIL 3/8"" BOSCH 1800rpm 450w PERCUTOR"
"*VIBRAD1","01",1.4100599999999999e+03,1.1279999999999999e+01,8.0000000000000002e-03,"N","02/02/22 00:00:00",1.00000000e+00,,,,1.0000000000000000e+02,0,0,,"VIBRADOR CABEZAL D=48 mm,AVNU-48 ELECTRICO,L=4M"
"*WINCHE1","01",6.3000000000000000e+04,1.5750000000000000e+02,2.5000000000000001e-03,"N","04/24/23 00:00:00",1.00000000e+00,,0.00000000e+00,0.00000000e+00,1.0000000000000000e+02,0,0,,"WINCHE CABRESTANTE CAP=2 TON,24 HP(ELECTRICO)"
"ALB002","00",3.0000000000000000e+01,1.1399999999999999e+00,3.7999999999999999e-02,,"01/30/23 00:00:00",1.00000000e+00,,,,1.0000000000000000e+02,0,0,,"CARRETILLA CAP= 55 LT CAUCHOS DE GOMA"
"ALB026","00",1.0000000000000000e+01,6.7000000000000004e-01,6.7000000000000004e-02,,"02/05/08 00:00:00",1.00000000e+00,,,,1.0000000000000000e+02,0,0,,"TOBO PLASTICO  DE ALBAÑIL"
"ALB027","00",3.0000000000000000e+01,1.0200000000000000e+00,3.4000000000000002e-02,,"02/05/08 00:00:00",1.00000000e+00,"FERRETERIA DEL ESTE",,,1.0000000000000000e+02,0,0,,"PALA NACIONAL CON CABO DE MADERA"
"ALB051","00",5.9000000000000000e+01,5.8999999999999997e-01,1.0000000000000000e-02,,"02/05/08 00:00:00",1.00000000e+00,,,,1.0000000000000000e+02,0,0,,"MARTILLO DE GOMA"
"ALB091","00",5.0000000000000000e+01,1.7500000000000000e+00,3.5000000000000003e-02,,"02/05/08 00:00:00",1.00000000e+00,,,,1.0000000000000000e+02,0,0,,"JUEGO DE PICO Y PALA"
"ALB133","00",1.4000000000000000e+02,1.1200000000000001e+00,8.0000000000000002e-03,,"01/30/23 00:00:00",1.00000000e+00,,,,1.0000000000000000e+02,0,0,,"MANGUERA PLASTICA DE 1/2"" L=100 MTS (TIP"
"ALB136","00",2.4000000000000000e+01,2.3999999999999999e-01,1.0000000000000000e-02,,"02/05/08 00:00:00",1.00000000e+00,"FERRETERIA DEL ESTE",,,1.0000000000000000e+02,0,0,,"NIVEL DE 3 BURBUJAS 14"" STANLEY"
"ALB137","00",4.0000000000000000e+01,8.8000000000000000e-01,2.1999999999999999e-02,,"02/05/08 00:00:00",1.00000000e+00,"FERRETERIA DEL ESTE",,,1.0000000000000000e+02,0,0,,"SEGUETA AJUSTABLE STANLEY"
"ALB138","00",3.2000000000000000e+01,3.2000000000000001e-01,1.0000000000000000e-02,,"02/05/08 00:00:00",1.00000000e+00,"FERRETERIA DEL ESTE",,,1.0000000000000000e+02,0,0,,"ESCUADRA METALICA ALUMINIO MARCA ESPN (6"
"BOMCON","00",1.5000000000000000e+05,3.0000000000000000e+02,2.0000000000000000e-03,"N","01/31/23 00:00:00",1.00000000e+00,,0.00000000e+00,0.00000000e+00,1.0000000000000000e+02,0,0,,"BOMBA DE CONCRETO"
"COP038","00",1.6000000000000000e+02,1.6000000000000000e+02,1.0000000000000000e+00,,"01/30/23 00:00:00",1.00000000e+00,,,,1.0000000000000000e+02,0,0,,"MINICARGADOR BOBCAT 763 O SIM (0,38 M3)"
"COP074","00",5.1600000000000000e+04,1.8225000000000000e+02,3.5320000000000000e-03,,"02/05/08 00:00:00",1.00000000e+00,,,,1.0000000000000000e+02,0,0,,"CAMIONETA FORD F- 150"
"COP075","00",1.3500000000000000e+05,4.2417000000000002e+02,3.1419999999999998e-03,,"12/22/08 00:00:00",1.00000000e+00,,,,1.0000000000000000e+02,0,0,,"CAMION FORD F- 350 ESTACAS"
"COP078","00",2.5000000000000000e+02,2.5000000000000000e+02,1.0000000000000000e+00,,"01/30/23 00:00:00",1.00000000e+00,,,,1.0000000000000000e+02,0,0,,"RETROEXCAVADORA CASE 580 K O SIM"
"ENCOFRAD","00",5.0000000000000000e+05,3.1500000000000000e+03,6.3000000000000000e-03,"N","02/02/23 00:00:00",1.00000000e+00,,0.00000000e+00,0.00000000e+00,1.0000000000000000e+02,0,0,,"ENCOFRADO DE ALUMINIO PARA MUROS Y LOSAS (WESTERN FORM)"
"EQUI0001","01",1.8000000000000000e+01,1.7999999999999999e-01,1.0000000000000000e-02,,"04/24/23 00:00:00",1.00000000e+00,,0.00000000e+00,0.00000000e+00,1.0000000000000000e+02,0,0,,"ALICATE CRESCENT 8"""
"EQUI0005","00",7.4461400000000003e+03,3.7229999999999997e+01,5.0000000000000001e-03,,"12/18/12 00:00:00",1.00000000e+00,,0.00000000e+00,0.00000000e+00,1.0000000000000000e+02,0,0,,"ANDAMIO COLGANTE ALBA CON 5O MTS DE GUAYA"
"EQUI0007","00",6.0000000000000000e+01,6.0000000000000000e+01,1.0000000000000000e+00,,"01/30/23 00:00:00",1.00000000e+00,,0.00000000e+00,0.00000000e+00,1.0000000000000000e+02,0,0,,"ANDAMIO TUBULAR 2,00 x 1,20 x 1,80 m"
"EQUI0014","00",2.9039999999999999e+01,2.8999999999999998e-01,1.0000000000000000e-02,,"12/10/08 00:00:00",1.00000000e+00,,0.00000000e+00,0.00000000e+00,1.0000000000000000e+02,0,0,,"BANDEJA METALICA PARA RODILLO (9"")(CERDEX)"
"EQUI0015","00",6.0000000000000000e+01,5.9999999999999998e-01,1.0000000000000000e-02,,"01/30/23 00:00:00",1.00000000e+00,,0.00000000e+00,0.00000000e+00,1.0000000000000000e+02,0,0,,"BARRA METALICA DE 1.47 Mts PARA HACER HOYOS"
"EQUI0019","00",1.3252000000000001e+02,1.3252000000000001e+02,1.0000000000000000e+00,,"01/31/23 00:00:00",1.00000000e+00,,0.00000000e+00,0.00000000e+00,1.0000000000000000e+02,0,0,,"BOMBA HIDROSTATICA DE PRESION CAP=1000 LIBRAS"
"EQUI0020","00",2.6315999999999999e+03,2.6320000000000000e+01,1.0000000000000000e-02,,"02/17/09 00:00:00",1.00000000e+00,,0.00000000e+00,0.00000000e+00,1.0000000000000000e+02,0,0,,"BOMBA MANUAL PARA PRUEBAS HIDRAULICAS C/FILTRO"
"EQUI0023","00",8.0000000000000000e+00,8.0000000000000002e-02,1.0000000000000000e-02,,"02/17/09 00:00:00",1.00000000e+00,,0.00000000e+00,0.00000000e+00,1.0000000000000000e+02,0,0,,"BROCHA PROFESIONAL RUBI MARCA CERDEX 1"""
"EQUI0024","00",8.0000000000000000e+00,8.0000000000000002e-02,1.0000000000000000e-02,,"04/24/23 00:00:00",1.00000000e+00,,0.00000000e+00,0.00000000e+00,1.0000000000000000e+02,0,0,,"BROCHA PROFESIONAL RUBI MARCA CERDEX 2"""
"EQUI0025","00",8.0000000000000000e+00,8.0000000000000002e-02,1.0000000000000000e-02,,"04/24/23 00:00:00",1.00000000e+00,,0.00000000e+00,0.00000000e+00,1.0000000000000000e+02,0,0,,"BROCHA PROFESIONAL RUBI MARCA CERDEX 3"""
"EQUI0026","00",8.0000000000000000e+00,8.0000000000000002e-02,1.0000000000000000e-02,,"04/24/23 00:00:00",1.00000000e+00,,0.00000000e+00,0.00000000e+00,1.0000000000000000e+02,0,0,,"BROCHA PROFESIONAL RUBI MARCA CERDEX 4"""
"EQUI0028","00",5.0000000000000000e+01,5.0000000000000003e-02,1.0000000000000000e-03,,"01/30/23 00:00:00",1.00000000e+00,,0.00000000e+00,0.00000000e+00,1.0000000000000000e+02,0,0,,"CALCULADORA HP49G+ O SIMILAR"
"EQUI0031","00",1.2000000000000000e+02,1.2000000000000000e+02,1.0000000000000000e+00,,"01/31/23 00:00:00",1.00000000e+00,,0.00000000e+00,0.00000000e+00,1.0000000000000000e+02,0,0,,"CAMION CESTA MARCA KODIAK"
"EQUI0035","01",5.2000000000000000e+04,1.8668000000000001e+02,3.5899999999999999e-03,,"01/31/22 00:00:00",1.00000000e+00,,0.00000000e+00,0.00000000e+00,1.0000000000000000e+02,0,0,,"CAMION DE VOLTEO FORD 350 (CHASIS-CABINA) 8 CILINDROS"
"EQUI0042","00",2.5000000000000000e+02,2.5000000000000000e+02,1.0000000000000000e+00,,"01/31/23 00:00:00",1.00000000e+00,,0.00000000e+00,0.00000000e+00,1.0000000000000000e+02,0,0,,"CAMION GRUA CAP.4 - 6 TON"
"EQUI0051","00",1.2000000000000000e+02,1.2000000000000000e+02,1.0000000000000000e+00,,"01/30/23 00:00:00",1.00000000e+00,,0.00000000e+00,0.00000000e+00,1.0000000000000000e+02,0,0,,"CAMIONETA PICK-UP FORD F-150 SINCRONICA 6 CILIND. 4x2"
"EQUI0053","00",1.2000000000000000e+02,1.2000000000000000e+00,1.0000000000000000e-02,,"02/17/09 00:00:00",1.00000000e+00,,0.00000000e+00,0.00000000e+00,1.0000000000000000e+02,0,0,,"CARETA PARA SOLDAR CON VISERA"
"EQUI0059","00",3.5000000000000000e+02,3.5000000000000000e+02,1.0000000000000000e+00,,"03/08/23 00:00:00",1.00000000e+00,,0.00000000e+00,0.00000000e+00,1.0000000000000000e+02,0,0,,"CARGADOR DE RUEDAS CAT 980H 5.4 M3"
"EQUI0061","00",8.0000000000000000e+01,2.8000000000000003e-01,3.5000000000000001e-03,,"01/30/23 00:00:00",1.00000000e+00,,0.00000000e+00,0.00000000e+00,1.0000000000000000e+02,0,0,,"CARRETILLA RUEDA DE NEUMATICAS BATEA CAP= 55Lts"
"EQUI0063","00",1.9000000000000000e+02,9.4999999999999996e-01,5.0000000000000001e-03,"N","04/24/23 00:00:00",1.00000000e+00,,0.00000000e+00,0.00000000e+00,1.0000000000000000e+02,0,0,,"CARRETON BUGGI 150 L RUEDAS DE GOMA"
"EQUI0068","00",1.5000000000000000e+01,1.7999999999999999e-01,1.2000000000000000e-02,,"01/30/23 00:00:00",1.00000000e+00,,0.00000000e+00,0.00000000e+00,1.0000000000000000e+02,0,0,,"CEPILLO DE CARPINTERO STANLEY 15"""
"EQUI0069","00",4.1180000000000000e+01,4.0999999999999998e-01,1.0000000000000000e-02,,"02/17/09 00:00:00",1.00000000e+00,,0.00000000e+00,0.00000000e+00,1.0000000000000000e+02,0,0,,"CEPILLO DE GOMA PARA FRISAR 6"""
"EQUI0073","01",3.0000000000000000e+01,2.9999999999999999e-01,1.0000000000000000e-02,,"01/30/23 00:00:00",1.00000000e+00,,0.00000000e+00,0.00000000e+00,1.0000000000000000e+02,0,0,,"CINTA METRICA DE ACERO DE 5 m, MARCA STANLEY"
"EQUI0074","00",2.0000000000000000e+01,2.0000000000000001e-01,1.0000000000000000e-02,,"01/30/23 00:00:00",1.00000000e+00,,0.00000000e+00,0.00000000e+00,1.0000000000000000e+02,0,0,,"CINTA METRICA 50 Mts. MARCA STANLEY (T/TOPOGRAFO)"
"EQUI0077","00",2.1231999999999999e+02,1.0600000000000001e+00,5.0000000000000001e-03,,"12/10/08 00:00:00",1.00000000e+00,,0.00000000e+00,0.00000000e+00,1.0000000000000000e+02,0,0,,"CINTA PASACABLES 100´(1/8"") C/CAJA MOD.438-10 GREENLEE"
"EQUI0078","00",3.0037000000000000e+02,1.5000000000000000e+00,5.0000000000000001e-03,,"12/10/08 00:00:00",1.00000000e+00,,0.00000000e+00,0.00000000e+00,1.0000000000000000e+02,0,0,,"CINTA PASACABLES GREENLEE (1/4"") 6.35mm x 61m (R538-20)"
"EQUI0080","00",3.0000000000000000e+01,2.9999999999999999e-01,1.0000000000000000e-02,,"01/30/23 00:00:00",1.00000000e+00,,0.00000000e+00,0.00000000e+00,1.0000000000000000e+02,0,0,,"CIZALLA TIPO TIJERA (MANUAL) 24"" GREELEE MOD.783"
"EQUI0091","00",1.2000000000000000e+02,1.2000000000000000e+02,1.0000000000000000e+00,,"01/30/23 00:00:00",1.00000000e+00,,0.00000000e+00,0.00000000e+00,1.0000000000000000e+02,0,0,,"COMPACTADORA DE PLANCHA 0.40x0.40 (GASOLINA)"
"EQUI0106","01",1.2000000000000000e+02,1.2000000000000000e+00,1.0000000000000000e-02,,"01/31/23 00:00:00",1.00000000e+00,,0.00000000e+00,0.00000000e+00,1.0000000000000000e+02,0,0,,"CORBATA P/ENCOFRADO DE COLUMNA JUEGO=4 UND L=0.90 Mt"
"EQUI0109","01",1.5000000000000000e+02,1.5000000000000000e+02,1.0000000000000000e+00,,"01/31/23 00:00:00",1.00000000e+00,,0.00000000e+00,0.00000000e+00,1.0000000000000000e+02,0,0,,"CORTADORA DE CABILLA HASTA 1.3/8"" AUTOMATICA"
"EQUI0114","00",7.8328699999999999e+03,7.8329999999999998e+01,1.0000000000000000e-02,,"02/17/09 00:00:00",1.00000000e+00,,0.00000000e+00,0.00000000e+00,1.0000000000000000e+02,0,0,,"CORTADORA DE TUBOS MANUAL 1/8""-2"""
"EQUI0116","00",7.0120000000000005e+01,6.9999999999999996e-01,1.0000000000000000e-02,,"12/10/12 00:00:00",1.00000000e+00,,0.00000000e+00,0.00000000e+00,1.0000000000000000e+02,0,0,,"CUCHARA DE 6"" BELLOTA REF.5842-C"
"EQUI0118","00",2.0000000000000000e+02,2.0000000000000000e+02,1.0000000000000000e+00,,"01/30/23 00:00:00",1.00000000e+00,,0.00000000e+00,0.00000000e+00,1.0000000000000000e+02,0,0,,"CHUTO MACK 35 TON R-688-SX-HD ó R-688-SX-HDT"
"EQUI0124","01",1.5000000000000000e+02,1.5000000000000000e+02,1.0000000000000000e+00,,"01/31/23 00:00:00",1.00000000e+00,,0.00000000e+00,0.00000000e+00,1.0000000000000000e+02,0,0,,"DOBLADORA DE CABILLA HASTA 1-3/8"""
"EQUI0133","01",5.0972000000000003e+02,5.0972000000000003e+02,1.0000000000000000e+00,,"04/11/11 00:00:00",1.00000000e+00,,0.00000000e+00,0.00000000e+00,1.0000000000000000e+02,0,0,,"ELEVADOR DE CABALLETE CAP=500 KG, 3F 220V ELECT."
"EQUI0138","00",3.2225999999999999e+02,2.6940000000000001e+01,8.3599999999999994e-02,,"02/17/09 00:00:00",1.00000000e+00,,0.00000000e+00,0.00000000e+00,1.0000000000000000e+02,0,0,,"EQUIPO BASICO PARA UN ALBAÑIL"
"EQUI0140","00",2.8000000000000000e+02,2.8000000000000000e+02,1.0000000000000000e+00,,"01/30/23 00:00:00",1.00000000e+00,,0.00000000e+00,0.00000000e+00,1.0000000000000000e+02,0,0,,"EQUIPO D/ENGRASE SOBRE CAMION ESTACAS 7000"
"EQUI0142","00",9.9980000000000004e+01,9.9980000000000004e+01,1.0000000000000000e+00,,"12/10/08 00:00:00",1.00000000e+00,,0.00000000e+00,0.00000000e+00,1.0000000000000000e+02,0,0,,"EQUIPO DE OXIACETILENO C/ACCESORIOS"
"EQUI0143","00",2.6500000000000000e+03,9.2799999999999994e+00,3.5000000000000001e-03,,"02/17/09 00:00:00",1.00000000e+00,,0.00000000e+00,0.00000000e+00,1.0000000000000000e+02,0,0,,"EQUIPO DE OXICORTE HARRIS MASTER II C/ACCESORIOS"
"EQUI0164","01",7.6000000000000000e+03,3.6399999999999999e+01,4.7900000000000000e-03,,"04/24/23 00:00:00",1.00000000e+00,,0.00000000e+00,0.00000000e+00,1.0000000000000000e+02,0,0,,"EQUIPO PARA INSTALACION ELECTRICA"
"EQUI0165","01",7.3119399999999996e+03,5.6299999999999997e+01,7.7000000000000002e-03,,"04/11/11 00:00:00",1.00000000e+00,,0.00000000e+00,0.00000000e+00,1.0000000000000000e+02,0,0,,"EQUIPO PARA INSTALACIONES SANITARIAS (H.G)"
"EQUI0172","00",2.1930000000000000e+01,2.1930000000000000e+01,1.0000000000000000e+00,,"02/17/09 00:00:00",1.00000000e+00,,0.00000000e+00,0.00000000e+00,1.0000000000000000e+02,0,0,,"EQUIPO SILK SCREEN"
"EQUI0173","00",5.7854999999999995e+02,5.7900000000000000e+00,1.0000000000000000e-02,,"02/17/09 00:00:00",1.00000000e+00,,0.00000000e+00,0.00000000e+00,1.0000000000000000e+02,0,0,,"ESCALERA EXTENSIBLE ALUMINIO 20 TRAMOS"
"EQUI0174","00",4.8304000000000002e+02,2.4199999999999999e+00,5.0000000000000001e-03,,"02/17/09 00:00:00",1.00000000e+00,,0.00000000e+00,0.00000000e+00,1.0000000000000000e+02,0,0,,"ESCALERA TIPO TIJERA DE ALUMINIO 12 TRAMOS"
"EQUI0175","00",2.9272000000000003e+02,1.4600000000000000e+00,5.0000000000000001e-03,,"02/17/09 00:00:00",1.00000000e+00,,0.00000000e+00,0.00000000e+00,1.0000000000000000e+02,0,0,,"ESCALERA TIPO TIJERA DE ALUMINIO 7 TRAMOS"
"EQUI0177","00",1.0000000000000000e+02,1.0000000000000000e+00,1.0000000000000000e-02,,"01/30/23 00:00:00",1.00000000e+00,,0.00000000e+00,0.00000000e+00,1.0000000000000000e+02,0,0,,"ESCUADRA METALICA ALUMINIO MARCA ESPN (60x40CM)"
"EQUI0181","00",4.5000000000000000e+02,1.5800000000000001e+00,3.5000000000000001e-03,,"01/31/23 00:00:00",1.00000000e+00,,0.00000000e+00,0.00000000e+00,1.0000000000000000e+02,0,0,,"ESMERIL PORTATIL 7"" BOSCH 8500rpm 2300W MOD.1753"
"EQUI0183","00",1.1550000000000001e+01,1.2000000000000000e-01,1.0000000000000000e-02,,"02/17/09 00:00:00",1.00000000e+00,,0.00000000e+00,0.00000000e+00,1.0000000000000000e+02,0,0,,"ESPATULA 4"""
"EQUI0194","00",6.7640000000000001e+01,6.8000000000000005e-01,1.0000000000000000e-02,,"12/10/08 00:00:00",1.00000000e+00,,0.00000000e+00,0.00000000e+00,1.0000000000000000e+02,0,0,,"EXTENSION DE ALUMINIO P/RODILLO 1,5 A 3 Mts CERDEX"
"EQUI0201","00",1.5000000000000000e+05,3.0000000000000000e+02,2.0000000000000000e-03,"N","03/08/23 00:00:00",1.00000000e+00,,0.00000000e+00,0.00000000e+00,1.0000000000000000e+02,0,0,,"GRUA HIDRAULICA 4TON-M"
"EQUI0203","00",3.3079999999999998e+01,3.3000000000000002e-01,1.0000000000000000e-02,,"02/17/09 00:00:00",1.00000000e+00,,0.00000000e+00,0.00000000e+00,1.0000000000000000e+02,0,0,,"GUANTES FORRADOS"
"EQUI0208","00",5.3455370000000003e+04,1.3363999999999999e+02,2.5000000000000001e-03,,"12/10/08 00:00:00",1.00000000e+00,,0.00000000e+00,0.00000000e+00,1.0000000000000000e+02,0,0,,"HALACABLES ELECTRICO 4000Lbs GREENLEE MOD.686"
"EQUI0214","00",2.0000000000000000e+01,5.9999999999999998e-02,3.0000000000000001e-03,,"01/30/23 00:00:00",1.00000000e+00,,0.00000000e+00,0.00000000e+00,1.0000000000000000e+02,0,0,,"JALONES PARA TOPOGRAFIA"
"EQUI0217","00",2.1361000000000001e+02,2.1400000000000001e+00,1.0000000000000000e-02,,"12/10/08 00:00:00",1.00000000e+00,,0.00000000e+00,0.00000000e+00,1.0000000000000000e+02,0,0,,"JUEGO DE ATORNILLADORES 15 PZAS STANLEY"
"EQUI0219","00",4.3500000000000000e+01,4.4000000000000000e-01,1.0000000000000000e-02,,"01/31/23 00:00:00",1.00000000e+00,,0.00000000e+00,0.00000000e+00,1.0000000000000000e+02,0,0,,"JUEGO DE LLAVES COMBINADAS Pulg. ó Milim. 1-1/2"""
"EQUI0228","00",2.0000000000000000e+02,2.0000000000000000e+02,1.0000000000000000e+00,,"01/30/23 00:00:00",1.00000000e+00,,0.00000000e+00,0.00000000e+00,1.0000000000000000e+02,0,0,,"LOW BOY ORINOCO LB60T-CCB-CD-26-20 CUELLO DESMONTABLE"
"EQUI0229","00",1.3133000000000001e+02,1.3100000000000001e+00,1.0000000000000000e-02,,"02/17/09 00:00:00",1.00000000e+00,,0.00000000e+00,0.00000000e+00,1.0000000000000000e+02,0,0,,"LLAVE AJUSTABLE 8"" ACCESA"
"EQUI0233","00",3.0000000000000000e+01,2.9999999999999999e-01,1.0000000000000000e-02,,"01/31/23 00:00:00",1.00000000e+00,,0.00000000e+00,0.00000000e+00,1.0000000000000000e+02,0,0,,"LLAVE DE TUBO # 14 RIDGID"
"EQUI0238","00",2.5460000000000001e+01,2.5460000000000001e+01,1.0000000000000000e+00,,"12/10/08 00:00:00",1.00000000e+00,,0.00000000e+00,0.00000000e+00,1.0000000000000000e+02,0,0,,"MANDARRIA 10 KG"
"EQUI0243","00",1.2000000000000000e+02,9.5999999999999996e-01,8.0000000000000002e-03,,"01/30/23 00:00:00",1.00000000e+00,,0.00000000e+00,0.00000000e+00,1.0000000000000000e+02,0,0,,"MANGUERA PLASTICA DE 1/2"" L=100 MTS(TIPO CULEBRA)"
"EQUI0247","00",6.7400000000000006e+01,6.7000000000000004e-01,1.0000000000000000e-02,,"12/10/08 00:00:00",1.00000000e+00,,0.00000000e+00,0.00000000e+00,1.0000000000000000e+02,0,0,,"MARTILLO DE GOMA 20 OZ"
"EQUI0253","00",4.0000000000000000e+01,4.0000000000000002e-01,1.0000000000000000e-02,,"01/30/23 00:00:00",1.00000000e+00,,0.00000000e+00,0.00000000e+00,1.0000000000000000e+02,0,0,,"MARTILLO PARA CARPINTERO"
"EQUI0259","00",1.5000000000000000e+02,1.5000000000000000e+02,1.0000000000000000e+00,,"01/30/23 00:00:00",1.00000000e+00,,0.00000000e+00,0.00000000e+00,1.0000000000000000e+02,0,0,,"MINICARGADOR CAT 226B (MINISHOVEL)"
"EQUI0267","00",3.0000000000000000e+02,3.0000000000000000e+02,1.0000000000000000e+00,,"01/30/23 00:00:00",1.00000000e+00,,0.00000000e+00,0.00000000e+00,1.0000000000000000e+02,0,0,,"MOTONIVELADORA CAT 140H CON RIPPER"
"EQUI0275","00",8.0000000000000000e+01,8.0000000000000004e-01,1.0000000000000000e-02,,"01/30/23 00:00:00",1.00000000e+00,,0.00000000e+00,0.00000000e+00,1.0000000000000000e+02,0,0,,"NIVEL DE 3 BURBUJAS 14"" STANLEY"
"EQUI0277","00",1.3000000000000000e+02,1.3000000000000000e-01,1.0000000000000000e-03,,"01/30/23 00:00:00",1.00000000e+00,,0.00000000e+00,0.00000000e+00,1.0000000000000000e+02,0,0,,"NIVEL WILD NA828 CON TRIPODE DE ALUMINIO"
"EQUI0278","00",7.3500000000000000e+01,7.3999999999999999e-01,1.0000000000000000e-02,,"02/17/09 00:00:00",1.00000000e+00,,0.00000000e+00,0.00000000e+00,1.0000000000000000e+02,0,0,,"PALA RECTANGULAR (M/METAL NEGRO) BELLOTA"
"EQUI0279","00",4.0000000000000000e+01,4.0000000000000002e-01,1.0000000000000000e-02,,"01/30/23 00:00:00",1.00000000e+00,,0.00000000e+00,0.00000000e+00,1.0000000000000000e+02,0,0,,"PALA REDONDA"
"EQUI0284","00",5.0000000000000000e+01,5.0000000000000000e-01,1.0000000000000000e-02,,"01/30/23 00:00:00",1.00000000e+00,,0.00000000e+00,0.00000000e+00,1.0000000000000000e+02,0,0,,"PICO PUNTA Y PALA BELLOTA"
"EQUI0285","00",4.8969999999999999e+01,4.8999999999999999e-01,1.0000000000000000e-02,,"02/17/09 00:00:00",1.00000000e+00,,0.00000000e+00,0.00000000e+00,1.0000000000000000e+02,0,0,,"PINZA PELACABLES AUTOMATICA CHINO"
"EQUI0286","00",6.3000000000000000e+01,6.3000000000000000e-01,1.0000000000000000e-02,,"02/17/09 00:00:00",1.00000000e+00,,0.00000000e+00,0.00000000e+00,1.0000000000000000e+02,0,0,,"PIQUETA PUNTA Y PALA BELLOTA No 5933-A"
"EQUI0288","00",6.9825000000000000e+03,3.4909999999999997e+01,5.0000000000000001e-03,,"02/17/09 00:00:00",1.00000000e+00,,0.00000000e+00,0.00000000e+00,1.0000000000000000e+02,0,0,,"PISTOLA DE FIJACION HILTI DX460"
"EQUI0296","00",7.6189999999999998e+01,7.6000000000000001e-01,1.0000000000000000e-02,,"12/10/08 00:00:00",1.00000000e+00,,0.00000000e+00,0.00000000e+00,1.0000000000000000e+02,0,0,,"PLOMADA JOROPO 300 GR."
"EQUI0299","00",6.6799999999999997e+00,7.0000000000000007e-02,1.0000000000000000e-02,,"02/17/09 00:00:00",1.00000000e+00,,0.00000000e+00,0.00000000e+00,1.0000000000000000e+02,0,0,,"PROBADOR DE CORRIENTE"
"EQUI0310","01",2.5000000000000000e+02,2.5000000000000000e+02,1.0000000000000000e+00,,"01/31/23 00:00:00",1.00000000e+00,,0.00000000e+00,0.00000000e+00,1.0000000000000000e+02,0,0,,"RETROEXCAVADORA CAT 416D 4X4"
"EQUI0311","01",2.5000000000000000e+02,2.5000000000000000e+02,1.0000000000000000e+00,,"01/30/23 00:00:00",1.00000000e+00,,0.00000000e+00,0.00000000e+00,1.0000000000000000e+02,0,0,,"RETROEXCAVADORA CAT 420D 4X4"
"EQUI0312","00",2.5600000000000001e+01,2.6000000000000001e-01,1.0000000000000000e-02,,"12/10/08 00:00:00",1.00000000e+00,,0.00000000e+00,0.00000000e+00,1.0000000000000000e+02,0,0,,"RODILLO PARA CAUCHO 9""x24mm (CERDEX)"
"EQUI0318","00",6.6780000000000001e+01,6.7000000000000004e-01,1.0000000000000000e-02,,"02/17/09 00:00:00",1.00000000e+00,,0.00000000e+00,0.00000000e+00,1.0000000000000000e+02,0,0,,"SEGUETA AJUSTABLE"
"EQUI0322","00",5.0000000000000000e+01,5.0000000000000000e-01,1.0000000000000000e-02,,"01/30/23 00:00:00",1.00000000e+00,,0.00000000e+00,0.00000000e+00,1.0000000000000000e+02,0,0,,"SERRUCHO 26"""
"EQUI0323","00",1.0105900000000000e+03,1.0109999999999999e+01,1.0000000000000000e-02,,"12/10/08 00:00:00",1.00000000e+00,,0.00000000e+00,0.00000000e+00,1.0000000000000000e+02,0,0,,"SIERRA CIRC. ELECT. 2-1/8HP D=7-1/4"" MOD.5150"
"EQUI0326","00",5.0000000000000000e+02,1.2500000000000000e+00,2.5000000000000001e-03,,"01/30/23 00:00:00",1.00000000e+00,,0.00000000e+00,0.00000000e+00,1.0000000000000000e+02,0,0,,"SIERRA DE MESA P/MADERA,DISCO 35 cm 8.5 HP(GASOLINA)"
"EQUI0330","00",2.6739899999999998e+03,9.3599999999999994e+00,3.5000000000000001e-03,,"12/10/08 00:00:00",1.00000000e+00,,0.00000000e+00,0.00000000e+00,1.0000000000000000e+02,0,0,,"SOLDADORA LINCOLN AC-225AMP"
"EQUI0333","01",3.4000000000000000e+02,3.3999999999999999e+00,1.0000000000000000e-02,,"04/24/23 00:00:00",1.00000000e+00,,0.00000000e+00,0.00000000e+00,1.0000000000000000e+02,0,0,,"TALADRO ELECT-MANDRIL 3/8"" BOSCH 1800rpm 450w PERCUTOR"
"EQUI0335","00",3.4000000000000000e+02,3.3999999999999999e+00,1.0000000000000000e-02,,"04/24/23 00:00:00",1.00000000e+00,,0.00000000e+00,0.00000000e+00,1.0000000000000000e+02,0,0,,"TALADRO ELECT.MANDRIL 3/8"" BOSCH 1800rpm 450W PERCUTOR"
"EQUI0342","01",2.5000000000000000e+01,2.5000000000000000e-01,1.0000000000000000e-02,,"01/30/23 00:00:00",1.00000000e+00,,0.00000000e+00,0.00000000e+00,1.0000000000000000e+02,0,0,,"TENAZA CRESCENT DE 8"""
"EQUI0343","00",1.7763299999999999e+03,1.7760000000000002e+01,1.0000000000000000e-02,,"02/17/09 00:00:00",1.00000000e+00,,0.00000000e+00,0.00000000e+00,1.0000000000000000e+02,0,0,,"TENSOR TIPO RANA HASTA 4/0"
"EQUI0344","00",5.6000000000000000e+03,6.1600000000000001e+00,1.1000000000000001e-03,,"01/30/23 00:00:00",1.00000000e+00,,0.00000000e+00,0.00000000e+00,1.0000000000000000e+02,0,0,,"TEODOLITO CONVENCIONAL"
"EQUI0351","00",1.1250000000000000e+01,1.1000000000000000e-01,1.0000000000000000e-02,,"12/10/08 00:00:00",1.00000000e+00,,0.00000000e+00,0.00000000e+00,1.0000000000000000e+02,0,0,,"TOBO PLASTICO CAP=10 Lts PARA ALBAÑIL"
"EQUI0361","00",1.4100000000000000e+03,1.1279999999999999e+01,8.0000000000000002e-03,"N","04/24/23 00:00:00",1.00000000e+00,,0.00000000e+00,0.00000000e+00,1.0000000000000000e+02,0,0,,"VIBRADOR CABEZAL D=48 mm,AVNU-48 ELECTRICO,L=4M"
"EQUI0362","00",1.2000000000000000e+03,4.7999999999999998e+00,4.0000000000000001e-03,,"01/31/23 00:00:00",1.00000000e+00,,0.00000000e+00,0.00000000e+00,1.0000000000000000e+02,0,0,,"VIBRADOR GASOLINA 5 HP L.MANGUERA=5 Mts CABEZAL 37mm"
"EQUI0363","00",3.0000000000000000e+01,8.9999999999999997e-02,3.0000000000000001e-03,,"04/24/23 00:00:00",1.00000000e+00,,0.00000000e+00,0.00000000e+00,1.0000000000000000e+02,0,0,,"VOLTIAMPERIMETRO ANALOGO SK-7100 600V 600A 1kOhm KAISE"
"EQUI0366","00",6.3000000000000000e+04,1.5750000000000000e+02,2.5000000000000001e-03,,"12/10/12 00:00:00",1.00000000e+00,,0.00000000e+00,0.00000000e+00,1.0000000000000000e+02,0,0,,"WINCHE CABRESTANTE CAP=2.0 TON (ELECTRICO)"
"EQUIP","00",1.5000000000000000e+02,1.5000000000000000e+02,1.0000000000000000e+00,"N","06/30/09 00:00:00",1.00000000e+00,,,,1.0000000000000000e+02,0,0,,"EQUIPO DE PLOMERIA"
"FIORI","01",3.0000000000000000e+02,3.0000000000000000e+02,1.0000000000000000e+00,"N","03/09/23 00:00:00",1.00000000e+00,,0.00000000e+00,0.00000000e+00,1.0000000000000000e+02,0,0,,"FIORI"
"MED008","00",1.2500000000000000e+02,7.5000000000000000e-01,6.0000000000000001e-03,,"02/05/08 00:00:00",1.00000000e+00,,,,1.0000000000000000e+02,0,0,,"CINTA METRICA 50 MTS DE FIBRA           "
"MED009","00",9.5000000000000000e+01,9.4999999999999996e-01,1.0000000000000000e-02,,"02/05/08 00:00:00",1.00000000e+00,,,,1.0000000000000000e+02,0,0,,"JALONES PARA MEDICIONES DE TOPOGRAFIA"
"MED010","00",1.0000000000000000e+03,5.0000000000000000e+01,5.0000000000000003e-02,,"02/05/08 00:00:00",1.00000000e+00,,,,1.0000000000000000e+02,0,0,,"MIRA ESTADIMETRICA PARA TOPOGRAFIA"
"MED015","00",1.1000000000000000e+02,2.2000000000000002e+00,2.0000000000000000e-02,,"02/05/08 00:00:00",1.00000000e+00,"FERRETERIA DEL ESTE",,,1.0000000000000000e+02,0,0,,"CINTA METRICA 25 MTS. MARCA ESPN P/TOPOG"
"MED016","00",2.0000000000000000e+02,2.0000000000000000e+02,1.0000000000000000e+00,,"01/30/23 00:00:00",1.00000000e+00,,,,1.0000000000000000e+02,0,0,,"TEODOLITO ELECTRONICO WILD T-1100, PRECI"
"PIN013","00",1.0000000000000000e+01,6.9999999999999996e-01,7.0000000000000007e-02,,"06/22/09 00:00:00",1.00000000e+00,,,,1.0000000000000000e+02,0,0,,"BROCHA PROFESIONAL 3"""
"PLO012","00",8.5000000000000000e+01,8.5000000000000000e+01,1.0000000000000000e+00,,"05/26/09 00:00:00",1.00000000e+00,,,,1.0000000000000000e+02,0,0,,"EQUIPO DE PLOMERIA                      "
"EQUI0345","00",3.4442779999999999e+04,6.8890000000000001e+01,2.0000000000000000e-03,,"02/17/09 00:00:00",1.00000000e+00,,0.00000000e+00,0.00000000e+00,1.0000000000000000e+02,0,0,,"TERRAJA ELECTRICA RIDGID 300 COMP."
"*EQUIP04","01",1.1011500000000001e+03,1.1010000000000000e+01,1.0000000000000000e-02,"N","01/02/22 00:00:00",1.00000000e+00,,0.00000000e+00,0.00000000e+00,1.0000000000000000e+02,0,0,,"EQUIPO PARA CARPINTERIA"
"*EQUIP12","01",2.5979000000000002e+02,1.2990000000000001e+02,5.0000000000000000e-01,"N","09/04/22 00:00:00",1.00000000e+00,,0.00000000e+00,0.00000000e+00,1.0000000000000000e+02,0,0,,"EQUIPO MENOR P/MOV. DE TIERRA"
"*PLANCH1","02",3.0000000000000000e+02,3.0000000000000000e+02,1.0000000000000000e+00,,"09/04/22 00:00:00",1.00000000e+00,,,,1.0000000000000000e+02,0,0,,"COMPACTADORA D/PLANCHA 50x70cm, 6.5HP Y 110 Kg"
"*PATROL1","02",8.7970331000000006e+05,1.7594100000000001e+03,2.0000000000000000e-03,,"08/25/21 00:00:00",1.00000000e+00,,,,1.0000000000000000e+02,0,0,,"MOTONIVELADORA CAT 120H CON RIPPER"
"*COMPAC2","02",3.3152731000000000e+05,6.6304999999999995e+02,2.0000000000000000e-03,,"08/25/21 00:00:00",1.00000000e+00,,,,1.0000000000000000e+02,0,0,,"COMPACTADORA CAT CB-534D DE ASFALTO (RODILLO)"
"*COMPAC7","02",2.5457948999999999e+05,5.0916000000000003e+02,2.0000000000000000e-03,,"08/25/21 00:00:00",1.00000000e+00,,,,1.0000000000000000e+02,0,0,,"COMPACTADORA CAT PS300B PNEUMATICO"
"*CAMIO06","02",8.3834809999999998e+04,1.6766999999999999e+02,2.0000000000000000e-03,,"08/25/21 00:00:00",1.00000000e+00,,,,1.0000000000000000e+02,0,0,,"CAMION FIAT IMPRIMADOR ROSCO"
"*CAMIO07","02",2.2328000000000000e+02,1.1164000000000000e+02,5.0000000000000000e-01,,"08/25/21 00:00:00",1.00000000e+00,,,,1.0000000000000000e+02,0,0,,"ESCOBA AUTOPROPULSADA."
"*LLAVE03","01",4.7400000000000002e+00,5.0000000000000003e-02,1.0000000000000000e-02,,"08/25/21 00:00:00",1.00000000e+00,,0.00000000e+00,0.00000000e+00,1.0000000000000000e+02,0,0,,"LLAVE DE TUBO # 15 RIDGID"
"*DRYWA33","01",2.2000000000000002e+00,2.0000000000000000e-02,1.0000000000000000e-02,"N","08/25/21 00:00:00",1.00000000e+00,,0.00000000e+00,0.00000000e+00,1.0000000000000000e+02,0,0,,"NIVEL DE 3 BURBUJAS DE LARGO= 14"", MARCA STANLEY"
"*SEGUETA","01",1.0210000000000001e+01,5.9999999999999998e-02,5.4999999999999997e-03,,"08/25/21 00:00:00",1.00000000e+00,,,,1.0000000000000000e+02,0,0,,"SEGUETA AJUSTABLE"
"*LLAVE50","01",5.3200000000000003e+00,5.0000000000000003e-02,1.0000000000000000e-02,,"08/25/21 00:00:00",1.00000000e+00,,0.00000000e+00,0.00000000e+00,1.0000000000000000e+02,0,0,,"JUEGO DE LLAVES COMBINADAS DE HASTA 1-1/2"""
"*PROBADO","01",1.6800000000000001e+01,8.3999999999999997e-01,5.0000000000000003e-02,,"08/25/21 00:00:00",1.00000000e+00,,,,1.0000000000000000e+02,0,0,,"PROBADOR DE CORRIENTE"
"*LIMA001","01",2.0800000000000001e+00,2.0000000000000000e-02,1.0000000000000000e-02,,"08/25/21 00:00:00",1.00000000e+00,,0.00000000e+00,0.00000000e+00,1.0000000000000000e+02,0,0,,"LIMA REDONDA PARA METAL DE DIAMETRO= 8"""
