CodObr,CodPar,NumPar,CodIns,CanIns,CosIns,Deprec,CodFam,Contad,CodAlt
"576PDVS2","P0000035",1,"EQUI0028",1.0000000000000000e+00,5.0000000000000000e+01,1.0000000000000000e-03,"00",74834,
"576PDVS2","P0000035",1,"EQUI0344",1.0000000000000000e+00,5.6000000000000000e+03,1.1000000000000001e-03,"00",74835,
"576PDVS2","P0000035",1,"EQUI0277",1.0000000000000000e+00,1.3000000000000000e+02,1.0000000000000000e-03,"00",74836,
"576PDVS2","P0000035",1,"EQUI0214",6.0000000000000000e+00,2.0000000000000000e+01,3.0000000000000001e-03,"00",74837,
"576PDVS2","P0000035",1,"EQUI0074",2.0000000000000000e+00,2.0000000000000000e+01,1.0000000000000000e-02,"00",74838,
"576PDVS2","P0000110",2,"COP078",1.0000000000000000e+00,2.5000000000000000e+02,1.0000000000000000e+00,"00",74839,
"576PDVS2","P0003997",3,"EQUI0118",1.0000000000000000e+00,2.0000000000000000e+02,1.0000000000000000e+00,"00",74840,
"576PDVS2","P0003997",3,"EQUI0228",1.0000000000000000e+00,2.0000000000000000e+02,1.0000000000000000e+00,"00",74841,
"576PDVS2","P0005853",4,"EQUI0267",1.0000000000000000e+00,3.0000000000000000e+02,1.0000000000000000e+00,"00",74842,
"576PDVS2","P0005853",4,"*COMPAC6",1.0000000000000000e+00,1.5000000000000000e+05,1.5000000000000000e-03,"02",74843,
"576PDVS2","P0005853",4,"*CAMIO02",1.0000000000000000e+00,6.0000000000000000e+04,2.0000000000000000e-03,"01",74844,
"576PDVS2","P0005858",5,"EQUI0140",4.0000000000000002e-01,2.8000000000000000e+02,1.0000000000000000e+00,"00",74845,
"576PDVS2","P0005858",5,"EQUI0059",1.0000000000000000e+00,3.5000000000000000e+02,1.0000000000000000e+00,"00",74846,
"576PDVS2","P0005858",5,"EQUI0051",4.0000000000000002e-01,1.2000000000000000e+02,1.0000000000000000e+00,"00",74847,
"576PDVS2","P0005858",5,"*CAMIO03",3.0000000000000000e+00,1.5000000000000000e+05,2.0000000000000000e-03,"01",74848,
"576PDVS2","LAI499",6,"ALB133",1.0000000000000000e+00,1.4000000000000000e+02,8.0000000000000002e-03,"00",74849,
"576PDVS2","LAI499",6,"ALB027",8.0000000000000000e+00,3.0000000000000000e+01,3.4000000000000002e-02,"00",74850,
"576PDVS2","LAI499",6,"ALB091",2.0000000000000000e+00,5.0000000000000000e+01,3.5000000000000003e-02,"00",74851,
"576PDVS2","LAI499",6,"ALB002",2.0000000000000000e+00,3.0000000000000000e+01,3.7999999999999999e-02,"00",74852,
"576PDVS2","LAI499",6,"COP038",1.0000000000000000e+00,1.6000000000000000e+02,1.0000000000000000e+00,"00",74853,
"576PDVS2","*COMPC01",7,"*EQUIP12",3.0000000000000000e+00,2.5979000000000002e+02,5.0000000000000000e-01,"01",74854,
"576PDVS2","*COMPC01",7,"*PLANCH1",3.0000000000000000e+00,3.0000000000000000e+02,1.0000000000000000e+00,"02",74855,
"576PDVS2","*COMPC01",7,"*CAMIO03",3.0000000000000000e+00,1.5000000000000000e+05,2.0000000000000000e-03,"01",74856,
"576PDVS2","*BACHEO7",8,"*PATROL1",1.0000000000000000e+00,8.7970331000000006e+05,2.0000000000000000e-03,"02",74857,
"576PDVS2","*BACHEO7",8,"*COMPAC2",1.0000000000000000e+00,3.3152731000000000e+05,2.0000000000000000e-03,"02",74858,
"576PDVS2","*BACHEO7",8,"*COMPAC7",1.0000000000000000e+00,2.5457948999999999e+05,2.0000000000000000e-03,"02",74859,
"576PDVS2","*ARMRE07",10,"*EQUIP02",1.0000000000000000e+00,1.0855000000000000e+02,3.5000000000000001e-03,"01",74862,
"576PDVS2","*ARMRE07",10,"EQUI0201",2.5000000000000000e-01,1.5000000000000000e+05,2.0000000000000000e-03,"00",74863,
"576PDVS2","*PAVAS01",9,"*CAMIO06",3.0000000000000000e+00,8.3834809999999998e+04,2.0000000000000000e-03,"02",76098,
"576PDVS2","*PAVAS01",9,"*CAMIO07",3.0000000000000000e+00,2.2328000000000000e+02,5.0000000000000000e-01,"02",76099,
"576PDVS2","P0002329",11,"EQUI0015",2.0000000000000000e+00,6.0000000000000000e+01,1.0000000000000000e-02,"00",74864,
"576PDVS2","P0002329",11,"EQUI0322",2.0000000000000000e+00,5.0000000000000000e+01,1.0000000000000000e-02,"00",74865,
"576PDVS2","P0002329",11,"EQUI0253",2.0000000000000000e+00,4.0000000000000000e+01,1.0000000000000000e-02,"00",74866,
"576PDVS2","P0002329",11,"EQUI0177",2.0000000000000000e+00,1.0000000000000000e+02,1.0000000000000000e-02,"00",74867,
"576PDVS2","P0002329",11,"EQUI0275",2.0000000000000000e+00,8.0000000000000000e+01,1.0000000000000000e-02,"00",74868,
"576PDVS2","P0002329",11,"EQUI0073",3.0000000000000000e+00,3.0000000000000000e+01,1.0000000000000000e-02,"01",74869,
"576PDVS2","P0002329",11,"EQUI0326",3.3000000000000002e-01,5.0000000000000000e+02,2.5000000000000001e-03,"00",74870,
"576PDVS2","P0002329",11,"EQUI0068",1.0000000000000000e+00,1.5000000000000000e+01,1.2000000000000000e-02,"00",74871,
"576PDVS2","P0002329",11,"EQUI0063",1.0000000000000000e+00,1.9000000000000000e+02,5.0000000000000001e-03,"00",74872,
"576PDVS2","P0002329",11,"EQUI0007",2.0000000000000000e+00,6.0000000000000000e+01,1.0000000000000000e+00,"00",74873,
"576PDVS2","P0001367",12,"EQUI0279",8.0000000000000000e+00,4.0000000000000000e+01,1.0000000000000000e-02,"00",74874,
"576PDVS2","P0001367",12,"EQUI0116",2.0000000000000000e+00,7.0120000000000005e+01,1.0000000000000000e-02,"00",74875,
"576PDVS2","P0001367",12,"EQUI0069",2.0000000000000000e+00,4.1180000000000000e+01,1.0000000000000000e-02,"00",74876,
"576PDVS2","P0001367",12,"EQUI0063",4.0000000000000000e+00,1.9000000000000000e+02,5.0000000000000001e-03,"00",74877,
"576PDVS2","P0001367",12,"EQUI0061",2.0000000000000000e+00,8.0000000000000000e+01,3.5000000000000001e-03,"00",74878,
"576PDVS2","P0001367",12,"EQUI0361",2.0000000000000000e+00,1.4100000000000000e+03,8.0000000000000002e-03,"00",74879,
"576PDVS2","P0001367",12,"FIORI",4.0000000000000000e+00,3.0000000000000000e+02,1.0000000000000000e+00,"01",74880,
"576PDVS2","P0001367",12,"BOMCON",2.0000000000000000e+00,1.5000000000000000e+05,2.0000000000000000e-03,"00",74881,
"576PDVS2","*OBREX33",13,"*CARRET2",1.0000000000000000e+00,1.9000000000000000e+02,5.0000000000000001e-03,"01",74882,
"576PDVS2","*OBREX33",13,"*CARRET1",3.0000000000000000e+00,3.0000000000000000e+01,4.0000000000000001e-03,"01",74883,
"576PDVS2","*OBREX33",13,"*VIBRAD1",2.0000000000000000e+00,1.4100599999999999e+03,8.0000000000000002e-03,"01",74884,
"576PDVS2","*OBREX33",13,"*CUCHAR1",4.0000000000000000e+00,2.7799999999999998e+00,5.4999999999999997e-03,"01",74885,
"576PDVS2","*OBREX33",13,"*PALA001",4.0000000000000000e+00,4.0000000000000000e+01,1.0000000000000000e-02,"01",74886,
"576PDVS2","*OBREX33",13,"FIORI",5.0000000000000000e-01,3.0000000000000000e+02,1.0000000000000000e+00,"01",74887,
"576PDVS2","*OBREX30",14,"*CARRET2",1.0000000000000000e+00,1.9000000000000000e+02,5.0000000000000001e-03,"01",74888,
"576PDVS2","*OBREX30",14,"*GRUATEL",5.0000000000000000e-01,1.7800000000000001e+01,1.0000000000000000e+00,"02",74889,
"576PDVS2","*OBREX30",14,"*PALA001",4.0000000000000000e+00,4.0000000000000000e+01,1.0000000000000000e-02,"01",74890,
"576PDVS2","*OBREX30",14,"*CUCHAR1",4.0000000000000000e+00,2.7799999999999998e+00,5.4999999999999997e-03,"01",74891,
"576PDVS2","*OBREX30",14,"*VIBRAD1",2.0000000000000000e+00,1.4100599999999999e+03,8.0000000000000002e-03,"01",74892,
"576PDVS2","*OBREX30",14,"*CARRET1",3.0000000000000000e+00,3.0000000000000000e+01,4.0000000000000001e-03,"01",74893,
"576PDVS2","*OBREX30",14,"*MEZCLA1",2.0000000000000000e+00,8.0000000000000000e+01,1.0000000000000000e+00,"01",74894,
"576PDVS2","OBREX30",15,"*EQUIP15",1.0000000000000000e+00,1.0140000000000001e+02,1.0000000000000000e-02,"01",74895,
"576PDVS2","LAI490",16,"PIN013",1.0000000000000000e+00,1.0000000000000000e+01,7.0000000000000007e-02,"00",74896,
"576PDVS2","LAI490",16,"MED010",1.0000000000000000e+00,1.0000000000000000e+03,5.0000000000000003e-02,"00",74897,
"576PDVS2","LAI490",16,"MED008",1.0000000000000000e+00,1.2500000000000000e+02,6.0000000000000001e-03,"00",74898,
"576PDVS2","LAI490",16,"MED009",1.0000000000000000e+00,9.5000000000000000e+01,1.0000000000000000e-02,"00",74899,
"576PDVS2","LAI490",16,"MED016",1.0000000000000000e+00,2.0000000000000000e+02,1.0000000000000000e+00,"00",74900,
"576PDVS2","P0000164",17,"EQUI0311",2.0000000000000000e+00,2.5000000000000000e+02,1.0000000000000000e+00,"01",74901,
"576PDVS2","P0000164",17,"EQUI0284",4.0000000000000000e+00,5.0000000000000000e+01,1.0000000000000000e-02,"00",74902,
"576PDVS2","P0000164",17,"EQUI0015",2.0000000000000000e+00,6.0000000000000000e+01,1.0000000000000000e-02,"00",74903,
"576PDVS2","P0000164",17,"EQUI0279",4.0000000000000000e+00,4.0000000000000000e+01,1.0000000000000000e-02,"00",74904,
"576PDVS2","P0000164",17,"EQUI0061",2.0000000000000000e+00,8.0000000000000000e+01,3.5000000000000001e-03,"00",74905,
"576PDVS2","BOTE1",18,"EQUI0035",1.0000000000000000e+00,5.2000000000000000e+04,3.5899999999999999e-03,"01",74906,
"576PDVS2","LAI499",19,"ALB133",1.0000000000000000e+00,1.4000000000000000e+02,8.0000000000000002e-03,"00",74907,
"576PDVS2","LAI499",19,"ALB027",8.0000000000000000e+00,3.0000000000000000e+01,3.4000000000000002e-02,"00",74908,
"576PDVS2","LAI499",19,"ALB091",2.0000000000000000e+00,5.0000000000000000e+01,3.5000000000000003e-02,"00",74909,
"576PDVS2","LAI499",19,"ALB002",2.0000000000000000e+00,3.0000000000000000e+01,3.7999999999999999e-02,"00",74910,
"576PDVS2","LAI499",19,"COP038",1.0000000000000000e+00,1.6000000000000000e+02,1.0000000000000000e+00,"00",74911,
"576PDVS2","P0001661",20,"EQUI0091",1.0000000000000000e+00,1.2000000000000000e+02,1.0000000000000000e+00,"00",74912,
"576PDVS2","P0001661",20,"EQUI0259",5.0000000000000000e-01,1.5000000000000000e+02,1.0000000000000000e+00,"00",74913,
"576PDVS2","P0001661",20,"EQUI0278",2.0000000000000000e+00,7.3500000000000000e+01,1.0000000000000000e-02,"00",74914,
"576PDVS2","P0001661",20,"EQUI0061",2.0000000000000000e+00,8.0000000000000000e+01,3.5000000000000001e-03,"00",74915,
"576PDVS2","P0002002",21,"EQUI0091",2.0000000000000000e+00,1.2000000000000000e+02,1.0000000000000000e+00,"00",74916,
"576PDVS2","P0002002",21,"EQUI0279",8.0000000000000000e+00,4.0000000000000000e+01,1.0000000000000000e-02,"00",74917,
"576PDVS2","P0002002",21,"EQUI0243",2.0000000000000000e+00,1.2000000000000000e+02,8.0000000000000002e-03,"00",74918,
"576PDVS2","P0002002",21,"EQUI0061",4.0000000000000000e+00,8.0000000000000000e+01,3.5000000000000001e-03,"00",74919,
"576PDVS2","UP333",22,"COP078",2.5000000000000000e-01,2.5000000000000000e+02,1.0000000000000000e+00,"00",74920,
"576PDVS2","UP333",22,"PIN013",1.0000000000000000e+00,1.0000000000000000e+01,7.0000000000000007e-02,"00",74921,
"576PDVS2","UP333",22,"ALB138",1.0000000000000000e+00,3.2000000000000000e+01,1.0000000000000000e-02,"00",74922,
"576PDVS2","UP333",22,"ALB136",1.0000000000000000e+00,2.4000000000000000e+01,1.0000000000000000e-02,"00",74923,
"576PDVS2","UP333",22,"MED015",1.0000000000000000e+00,1.1000000000000000e+02,2.0000000000000000e-02,"00",74924,
"576PDVS2","UP333",22,"ALB137",1.0000000000000000e+00,4.0000000000000000e+01,2.1999999999999999e-02,"00",74925,
"576PDVS2","UP333",22,"ALB051",1.0000000000000000e+00,5.9000000000000000e+01,1.0000000000000000e-02,"00",74926,
"576PDVS2","UP333",22,"ALB002",1.0000000000000000e+00,3.0000000000000000e+01,3.7999999999999999e-02,"00",74927,
"576PDVS2","LAI530",23,"COP075",2.5000000000000000e-01,1.3500000000000000e+05,3.1419999999999998e-03,"00",74928,
"576PDVS2","LAI530",23,"ALB002",1.0000000000000000e+00,3.0000000000000000e+01,3.7999999999999999e-02,"00",74929,
"576PDVS2","LAI530",23,"ALB027",1.0000000000000000e+00,3.0000000000000000e+01,3.4000000000000002e-02,"00",74930,
"576PDVS2","LAI530",23,"ALB136",1.0000000000000000e+00,2.4000000000000000e+01,1.0000000000000000e-02,"00",74931,
"576PDVS2","LAI530",23,"ALB026",1.0000000000000000e+00,1.0000000000000000e+01,6.7000000000000004e-02,"00",74932,
"576PDVS2","P0004769",24,"EQUI0259",1.0000000000000000e+00,1.5000000000000000e+02,1.0000000000000000e+00,"00",74933,
"576PDVS2","P0004769",24,"EQUI0279",4.0000000000000000e+00,4.0000000000000000e+01,1.0000000000000000e-02,"00",74934,
"576PDVS2","P0004769",24,"EQUI0116",1.0000000000000000e+00,7.0120000000000005e+01,1.0000000000000000e-02,"00",74935,
"576PDVS2","P0004769",24,"EQUI0063",3.0000000000000000e+00,1.9000000000000000e+02,5.0000000000000001e-03,"00",74936,
"576PDVS2","P0004769",24,"EQUI0361",2.0000000000000000e+00,1.4100000000000000e+03,8.0000000000000002e-03,"00",74937,
"576PDVS2","P0004769",24,"EQUI0051",1.0000000000000000e+00,1.2000000000000000e+02,1.0000000000000000e+00,"00",74938,
"576PDVS2","P0005722",25,"COP078",5.0000000000000000e-01,2.5000000000000000e+02,1.0000000000000000e+00,"00",74939,
"576PDVS2","P0005722",25,"EQUI0351",1.0000000000000000e+00,1.1250000000000000e+01,1.0000000000000000e-02,"00",74940,
"576PDVS2","P0005722",25,"EQUI0279",2.0000000000000000e+00,4.0000000000000000e+01,1.0000000000000000e-02,"00",74941,
"576PDVS2","P0005722",25,"EQUI0061",1.0000000000000000e+00,8.0000000000000000e+01,3.5000000000000001e-03,"00",74942,
"576PDVS2","P0003198",26,"EQUI0351",1.0000000000000000e+00,1.1250000000000000e+01,1.0000000000000000e-02,"00",74943,
"576PDVS2","P0003198",26,"EQUI0279",2.0000000000000000e+00,4.0000000000000000e+01,1.0000000000000000e-02,"00",74944,
"576PDVS2","P0003198",26,"EQUI0061",1.0000000000000000e+00,8.0000000000000000e+01,3.5000000000000001e-03,"00",74945,
"576PDVS2","P0003198",26,"COP078",5.0000000000000000e-01,2.5000000000000000e+02,1.0000000000000000e+00,"00",74946,
"576PDVS2","P0004757",27,"EQUI0351",1.0000000000000000e+00,1.1250000000000000e+01,1.0000000000000000e-02,"00",74947,
"576PDVS2","P0004757",27,"EQUI0279",2.0000000000000000e+00,4.0000000000000000e+01,1.0000000000000000e-02,"00",74948,
"576PDVS2","P0004757",27,"EQUI0116",1.0000000000000000e+00,7.0120000000000005e+01,1.0000000000000000e-02,"00",74949,
"576PDVS2","P0004757",27,"EQUI0275",1.0000000000000000e+00,8.0000000000000000e+01,1.0000000000000000e-02,"00",74950,
"576PDVS2","P0004757",27,"EQUI0061",2.0000000000000000e+00,8.0000000000000000e+01,3.5000000000000001e-03,"00",74951,
"576PDVS2","LAI531",28,"PIN013",1.0000000000000000e+00,1.0000000000000000e+01,7.0000000000000007e-02,"00",74952,
"576PDVS2","LAI531",28,"MED010",1.0000000000000000e+00,1.0000000000000000e+03,5.0000000000000003e-02,"00",74953,
"576PDVS2","LAI531",28,"MED008",1.0000000000000000e+00,1.2500000000000000e+02,6.0000000000000001e-03,"00",74954,
"576PDVS2","LAI531",28,"MED009",1.0000000000000000e+00,9.5000000000000000e+01,1.0000000000000000e-02,"00",74955,
"576PDVS2","LAI531",28,"MED016",1.0000000000000000e+00,2.0000000000000000e+02,1.0000000000000000e+00,"00",74956,
"576PDVS2","P0000164",29,"EQUI0311",2.0000000000000000e+00,2.5000000000000000e+02,1.0000000000000000e+00,"01",74957,
"576PDVS2","P0000164",29,"EQUI0284",4.0000000000000000e+00,5.0000000000000000e+01,1.0000000000000000e-02,"00",74958,
"576PDVS2","P0000164",29,"EQUI0015",2.0000000000000000e+00,6.0000000000000000e+01,1.0000000000000000e-02,"00",74959,
"576PDVS2","P0000164",29,"EQUI0279",4.0000000000000000e+00,4.0000000000000000e+01,1.0000000000000000e-02,"00",74960,
"576PDVS2","P0000164",29,"EQUI0061",2.0000000000000000e+00,8.0000000000000000e+01,3.5000000000000001e-03,"00",74961,
"576PDVS2","P0000173",30,"EQUI0091",2.0000000000000000e+00,1.2000000000000000e+02,1.0000000000000000e+00,"00",74962,
"576PDVS2","P0000173",30,"EQUI0279",8.0000000000000000e+00,4.0000000000000000e+01,1.0000000000000000e-02,"00",74963,
"576PDVS2","P0000173",30,"EQUI0243",2.0000000000000000e+00,1.2000000000000000e+02,8.0000000000000002e-03,"00",74964,
"576PDVS2","P0000173",30,"EQUI0061",4.0000000000000000e+00,8.0000000000000000e+01,3.5000000000000001e-03,"00",74965,
"576PDVS2","P0003576",31,"EQUI0310",1.0000000000000000e+00,2.5000000000000000e+02,1.0000000000000000e+00,"01",74966,
"576PDVS2","P0003576",31,"EQUI0318",1.0000000000000000e+00,6.6780000000000001e+01,1.0000000000000000e-02,"00",74967,
"576PDVS2","P0003576",31,"EQUI0275",1.0000000000000000e+00,8.0000000000000000e+01,1.0000000000000000e-02,"00",74968,
"576PDVS2","P0003576",31,"EQUI0073",1.0000000000000000e+00,3.0000000000000000e+01,1.0000000000000000e-02,"01",74969,
"576PDVS2","P0003576",31,"EQUI0019",1.0000000000000000e+00,1.3252000000000001e+02,1.0000000000000000e+00,"00",74970,
"576PDVS2","P0003606",32,"PLO012",1.0000000000000000e+00,8.5000000000000000e+01,1.0000000000000000e+00,"00",74971,
"576PDVS2","P0003641",33,"PLO012",1.0000000000000000e+00,8.5000000000000000e+01,1.0000000000000000e+00,"00",74972,
"576PDVS2","LIC006",34,"COP074",2.5000000000000000e-01,5.1600000000000000e+04,3.5320000000000000e-03,"00",74973,
"576PDVS2","LIC006",34,"PLO012",1.0000000000000000e+00,8.5000000000000000e+01,1.0000000000000000e+00,"00",74974,
"576PDVS2","P0005861",35,"EQUI0229",1.0000000000000000e+00,1.3133000000000001e+02,1.0000000000000000e-02,"00",74975,
"576PDVS2","P0005861",35,"EQUI0238",1.0000000000000000e+00,2.5460000000000001e+01,1.0000000000000000e+00,"00",74976,
"576PDVS2","P0005861",35,"EQUI0275",1.0000000000000000e+00,8.0000000000000000e+01,1.0000000000000000e-02,"00",74977,
"576PDVS2","P0005861",35,"EQUI0073",1.0000000000000000e+00,3.0000000000000000e+01,1.0000000000000000e-02,"01",74978,
"576PDVS2","P0005861",35,"EQUI0042",1.0000000000000001e-01,2.5000000000000000e+02,1.0000000000000000e+00,"00",74979,
"576PDVS2","P0005861",35,"EQUI0080",1.0000000000000000e+00,3.0000000000000000e+01,1.0000000000000000e-02,"00",74980,
"576PDVS2","P0005862",36,"EQUI0143",1.0000000000000000e+00,2.6500000000000000e+03,3.5000000000000001e-03,"00",74981,
"576PDVS2","P0005862",36,"EQUI0201",5.0000000000000000e-01,1.5000000000000000e+05,2.0000000000000000e-03,"00",74982,
"576PDVS2","P0005862",36,"EQUI0330",2.0000000000000000e+00,2.6739899999999998e+03,3.5000000000000001e-03,"00",74983,
"576PDVS2","P0005862",36,"EQUI0181",1.0000000000000000e+00,4.5000000000000000e+02,3.5000000000000001e-03,"00",74984,
"576PDVS2","P0005896",37,"EQUI0229",1.0000000000000000e+00,1.3133000000000001e+02,1.0000000000000000e-02,"00",74985,
"576PDVS2","P0005896",37,"EQUI0238",1.0000000000000000e+00,2.5460000000000001e+01,1.0000000000000000e+00,"00",74986,
"576PDVS2","P0005896",37,"EQUI0275",1.0000000000000000e+00,8.0000000000000000e+01,1.0000000000000000e-02,"00",74987,
"576PDVS2","P0005896",37,"EQUI0073",1.0000000000000000e+00,3.0000000000000000e+01,1.0000000000000000e-02,"01",74988,
"576PDVS2","P0005896",37,"EQUI0042",1.0000000000000000e+00,2.5000000000000000e+02,1.0000000000000000e+00,"00",74989,
"576PDVS2","P0005896",37,"EQUI0080",1.0000000000000000e+00,3.0000000000000000e+01,1.0000000000000000e-02,"00",74990,
"576PDVS2","ESTRUC27",38,"EQUI0143",1.0000000000000000e+00,2.6500000000000000e+03,3.5000000000000001e-03,"00",74991,
"576PDVS2","ESTRUC27",38,"EQUI0201",1.0000000000000000e+00,1.5000000000000000e+05,2.0000000000000000e-03,"00",74992,
"576PDVS2","ESTRUC27",38,"EQUI0330",2.0000000000000000e+00,2.6739899999999998e+03,3.5000000000000001e-03,"00",74993,
"576PDVS2","ESTRUC27",38,"EQUI0181",1.0000000000000000e+00,4.5000000000000000e+02,3.5000000000000001e-03,"00",74994,
"576PDVS2","P0005864",39,"EQUI0031",1.0000000000000001e-01,1.2000000000000000e+02,1.0000000000000000e+00,"00",74995,
"576PDVS2","P0005864",39,"EQUI0229",2.0000000000000000e+00,1.3133000000000001e+02,1.0000000000000000e-02,"00",74996,
"576PDVS2","P0005864",39,"EQUI0219",1.0000000000000000e+00,4.3500000000000000e+01,1.0000000000000000e-02,"00",74997,
"576PDVS2","P0005864",39,"EQUI0275",1.0000000000000000e+00,8.0000000000000000e+01,1.0000000000000000e-02,"00",74998,
"576PDVS2","P0005865",40,"EQUI0031",1.0000000000000001e-01,1.2000000000000000e+02,1.0000000000000000e+00,"00",74999,
"576PDVS2","P0005865",40,"EQUI0229",2.0000000000000000e+00,1.3133000000000001e+02,1.0000000000000000e-02,"00",75000,
"576PDVS2","P0005865",40,"EQUI0219",1.0000000000000000e+00,4.3500000000000000e+01,1.0000000000000000e-02,"00",75001,
"576PDVS2","P0005865",40,"EQUI0275",1.0000000000000000e+00,8.0000000000000000e+01,1.0000000000000000e-02,"00",75002,
"576PDVS2","P0005866",41,"EQUI0031",1.0000000000000001e-01,1.2000000000000000e+02,1.0000000000000000e+00,"00",75003,
"576PDVS2","P0005866",41,"EQUI0229",2.0000000000000000e+00,1.3133000000000001e+02,1.0000000000000000e-02,"00",75004,
"576PDVS2","P0005866",41,"EQUI0219",1.0000000000000000e+00,4.3500000000000000e+01,1.0000000000000000e-02,"00",75005,
"576PDVS2","P0005866",41,"EQUI0275",1.0000000000000000e+00,8.0000000000000000e+01,1.0000000000000000e-02,"00",75006,
"576PDVS2","P0005868",42,"EQUI0342",1.0000000000000000e+00,2.5000000000000000e+01,1.0000000000000000e-02,"01",75007,
"576PDVS2","P0005868",42,"EQUI0219",1.0000000000000000e+00,4.3500000000000000e+01,1.0000000000000000e-02,"00",75008,
"576PDVS2","P0005868",42,"EQUI0001",1.0000000000000000e+00,1.8000000000000000e+01,1.0000000000000000e-02,"01",75009,
"576PDVS2","P0005868",42,"EQUI0073",1.0000000000000000e+00,3.0000000000000000e+01,1.0000000000000000e-02,"01",75010,
"576PDVS2","P0005868",42,"EQUI0042",1.0000000000000000e+00,2.5000000000000000e+02,1.0000000000000000e+00,"00",75011,
"576PDVS2","P0005872",43,"EQUI0106",3.6000000000000001e+00,1.2000000000000000e+02,1.0000000000000000e-02,"01",75012,
"576PDVS2","P0005872",43,"EQUI0015",2.0000000000000000e+00,6.0000000000000000e+01,1.0000000000000000e-02,"00",75013,
"576PDVS2","P0005872",43,"EQUI0322",2.0000000000000000e+00,5.0000000000000000e+01,1.0000000000000000e-02,"00",75014,
"576PDVS2","P0005872",43,"EQUI0253",2.0000000000000000e+00,4.0000000000000000e+01,1.0000000000000000e-02,"00",75015,
"576PDVS2","P0005872",43,"EQUI0177",2.0000000000000000e+00,1.0000000000000000e+02,1.0000000000000000e-02,"00",75016,
"576PDVS2","P0005872",43,"EQUI0275",2.0000000000000000e+00,8.0000000000000000e+01,1.0000000000000000e-02,"00",75017,
"576PDVS2","P0005872",43,"EQUI0326",3.3000000000000002e-01,5.0000000000000000e+02,2.5000000000000001e-03,"00",75018,
"576PDVS2","P0005872",43,"EQUI0068",1.0000000000000000e+00,1.5000000000000000e+01,1.2000000000000000e-02,"00",75019,
"576PDVS2","P0005872",43,"EQUI0063",1.0000000000000000e+00,1.9000000000000000e+02,5.0000000000000001e-03,"00",75020,
"576PDVS2","P0005872",43,"EQUI0366",5.0000000000000000e-01,6.3000000000000000e+04,2.5000000000000001e-03,"00",75021,
"576PDVS2","CALBRE3",44,"EQUI0285",2.0000000000000000e+00,4.8969999999999999e+01,1.0000000000000000e-02,"00",75022,
"576PDVS2","CALBRE3",44,"EQUI0217",1.0000000000000000e+00,2.1361000000000001e+02,1.0000000000000000e-02,"00",75023,
"576PDVS2","CALBRE3",44,"EQUI0219",1.0000000000000000e+00,4.3500000000000000e+01,1.0000000000000000e-02,"00",75024,
"576PDVS2","CALBRE3",44,"EQUI0074",1.0000000000000000e+00,2.0000000000000000e+01,1.0000000000000000e-02,"00",75025,
"576PDVS2","CALBRE3",44,"EQUI0175",2.0000000000000000e+00,2.9272000000000003e+02,5.0000000000000001e-03,"00",75026,
"576PDVS2","CALBRE3",44,"EQUI0073",2.0000000000000000e+00,3.0000000000000000e+01,1.0000000000000000e-02,"01",75027,
"576PDVS2","CALBRE3",44,"EQUI0208",1.0000000000000000e+00,5.3455370000000003e+04,2.5000000000000001e-03,"00",75028,
"576PDVS2","CALBRE3",44,"EQUI0077",1.0000000000000000e+00,2.1231999999999999e+02,5.0000000000000001e-03,"00",75029,
"576PDVS2","CALBRE3",44,"EQUI0078",1.0000000000000000e+00,3.0037000000000000e+02,5.0000000000000001e-03,"00",75030,
"576PDVS2","CALBRE3",44,"EQUI0363",1.0000000000000000e+00,3.0000000000000000e+01,3.0000000000000001e-03,"00",75031,
"576PDVS2","TEGDG",45,"EQUI0342",1.0000000000000000e+00,2.5000000000000000e+01,1.0000000000000000e-02,"01",75032,
"576PDVS2","TEGDG",45,"EQUI0219",1.0000000000000000e+00,4.3500000000000000e+01,1.0000000000000000e-02,"00",75033,
"576PDVS2","TEGDG",45,"EQUI0001",1.0000000000000000e+00,1.8000000000000000e+01,1.0000000000000000e-02,"01",75034,
"576PDVS2","TEGDG",45,"EQUI0073",1.0000000000000000e+00,3.0000000000000000e+01,1.0000000000000000e-02,"01",75035,
"576PDVS2","TEGDG",45,"EQUI0042",5.0000000000000000e-01,2.5000000000000000e+02,1.0000000000000000e+00,"00",75036,
"576PDVS2","FEFF",46,"EQUI0031",1.0000000000000001e-01,1.2000000000000000e+02,1.0000000000000000e+00,"00",75037,
"576PDVS2","FEFF",46,"EQUI0229",2.0000000000000000e+00,1.3133000000000001e+02,1.0000000000000000e-02,"00",75038,
"576PDVS2","FEFF",46,"EQUI0219",1.0000000000000000e+00,4.3500000000000000e+01,1.0000000000000000e-02,"00",75039,
"576PDVS2","FEFF",46,"EQUI0275",1.0000000000000000e+00,8.0000000000000000e+01,1.0000000000000000e-02,"00",75040,
"576PDVS2","P0005888",47,"EQUI0143",1.0000000000000000e+00,2.6500000000000000e+03,3.5000000000000001e-03,"00",75041,
"576PDVS2","P0005888",47,"EQUI0330",1.0000000000000000e+00,2.6739899999999998e+03,3.5000000000000001e-03,"00",75042,
"576PDVS2","P0005888",47,"EQUI0181",1.0000000000000000e+00,4.5000000000000000e+02,3.5000000000000001e-03,"00",75043,
"576PDVS2","P0005893",48,"EQUI0051",1.0000000000000001e-01,1.2000000000000000e+02,1.0000000000000000e+00,"00",75044,
"576PDVS2","P0005894",49,"EQUI0285",2.0000000000000000e+00,4.8969999999999999e+01,1.0000000000000000e-02,"00",75045,
"576PDVS2","P0005894",49,"EQUI0217",1.0000000000000000e+00,2.1361000000000001e+02,1.0000000000000000e-02,"00",75046,
"576PDVS2","P0005894",49,"EQUI0001",2.0000000000000000e+00,1.8000000000000000e+01,1.0000000000000000e-02,"01",75047,
"576PDVS2","P0005894",49,"EQUI0175",1.0000000000000000e+00,2.9272000000000003e+02,5.0000000000000001e-03,"00",75048,
"576PDVS2","P0005894",49,"EQUI0031",1.0000000000000000e+00,1.2000000000000000e+02,1.0000000000000000e+00,"00",75049,
"576PDVS2","P0005895",50,"EQUI0343",2.0000000000000000e+00,1.7763299999999999e+03,1.0000000000000000e-02,"00",75050,
"576PDVS2","P0005895",50,"EQUI0031",2.0000000000000001e-01,1.2000000000000000e+02,1.0000000000000000e+00,"00",75051,
"576PDVS2","P0005895",50,"EQUI0342",1.0000000000000000e+00,2.5000000000000000e+01,1.0000000000000000e-02,"01",75052,
"576PDVS2","P0005895",50,"EQUI0001",1.0000000000000000e+00,1.8000000000000000e+01,1.0000000000000000e-02,"01",75053,
"576PDVS2","P0005895",50,"EQUI0080",1.0000000000000000e+00,3.0000000000000000e+01,1.0000000000000000e-02,"00",75054,
"576PDVS2","P0003897",51,"EQUI0024",2.0000000000000000e+00,8.0000000000000000e+00,1.0000000000000000e-02,"00",75055,
"576PDVS2","P0003897",51,"EQUI0031",1.0000000000000001e-01,1.2000000000000000e+02,1.0000000000000000e+00,"00",75056,
"576PDVS2","P0003897",51,"EQUI0023",2.0000000000000000e+00,8.0000000000000000e+00,1.0000000000000000e-02,"00",75057,
"576PDVS2","P0003897",51,"EQUI0173",1.0000000000000000e+00,5.7854999999999995e+02,1.0000000000000000e-02,"00",75058,
"576PDVS2","P0003897",51,"EQUI0183",1.0000000000000000e+00,1.1550000000000001e+01,1.0000000000000000e-02,"00",75059,
"576PDVS2","P0003897",51,"EQUI0175",1.0000000000000000e+00,2.9272000000000003e+02,5.0000000000000001e-03,"00",75060,
"576PDVS2","P0003898",52,"EQUI0031",1.0000000000000001e-01,1.2000000000000000e+02,1.0000000000000000e+00,"00",75061,
"576PDVS2","P0003898",52,"EQUI0023",2.0000000000000000e+00,8.0000000000000000e+00,1.0000000000000000e-02,"00",75062,
"576PDVS2","P0003898",52,"EQUI0173",1.0000000000000000e+00,5.7854999999999995e+02,1.0000000000000000e-02,"00",75063,
"576PDVS2","P0003898",52,"EQUI0183",1.0000000000000000e+00,1.1550000000000001e+01,1.0000000000000000e-02,"00",75064,
"576PDVS2","P0003898",52,"EQUI0175",1.0000000000000000e+00,2.9272000000000003e+02,5.0000000000000001e-03,"00",75065,
"576PDVS2","P0003898",52,"EQUI0024",2.0000000000000000e+00,8.0000000000000000e+00,1.0000000000000000e-02,"00",75066,
"576PDVS2","P0003820",53,"EQUI0001",1.0000000000000000e+00,1.8000000000000000e+01,1.0000000000000000e-02,"01",75067,
"576PDVS2","P0003820",53,"EQUI0073",1.0000000000000000e+00,3.0000000000000000e+01,1.0000000000000000e-02,"01",75068,
"576PDVS2","P0003820",53,"EQUI0031",2.5000000000000000e-01,1.2000000000000000e+02,1.0000000000000000e+00,"00",75069,
"576PDVS2","P0003820",53,"EQUI0229",2.0000000000000000e+00,1.3133000000000001e+02,1.0000000000000000e-02,"00",75070,
"576PDVS2","P0003820",53,"EQUI0342",1.0000000000000000e+00,2.5000000000000000e+01,1.0000000000000000e-02,"01",75071,
"576PDVS2","P0003821",54,"EQUI0342",1.0000000000000000e+00,2.5000000000000000e+01,1.0000000000000000e-02,"01",75072,
"576PDVS2","P0003821",54,"EQUI0001",1.0000000000000000e+00,1.8000000000000000e+01,1.0000000000000000e-02,"01",75073,
"576PDVS2","P0003821",54,"EQUI0073",1.0000000000000000e+00,3.0000000000000000e+01,1.0000000000000000e-02,"01",75074,
"576PDVS2","P0003821",54,"EQUI0031",2.5000000000000000e-01,1.2000000000000000e+02,1.0000000000000000e+00,"00",75075,
"576PDVS2","P0003821",54,"EQUI0229",2.0000000000000000e+00,1.3133000000000001e+02,1.0000000000000000e-02,"00",75076,
"576PDVS2","P0005708",55,"EQUI0031",1.0000000000000001e-01,1.2000000000000000e+02,1.0000000000000000e+00,"00",75077,
"576PDVS2","P0005708",55,"EQUI0172",1.0000000000000000e+00,2.1930000000000000e+01,1.0000000000000000e+00,"00",75078,
"576PDVS2","P0005708",55,"EQUI0342",1.0000000000000000e+00,2.5000000000000000e+01,1.0000000000000000e-02,"01",75079,
"576PDVS2","P0005708",55,"EQUI0219",1.0000000000000000e+00,4.3500000000000000e+01,1.0000000000000000e-02,"00",75080,
"576PDVS2","P0005708",55,"EQUI0001",1.0000000000000000e+00,1.8000000000000000e+01,1.0000000000000000e-02,"01",75081,
"576PDVS2","P0000160",56,"EQUI0284",2.0000000000000000e+00,5.0000000000000000e+01,1.0000000000000000e-02,"00",75082,
"576PDVS2","P0000160",56,"EQUI0279",2.0000000000000000e+00,4.0000000000000000e+01,1.0000000000000000e-02,"00",75083,
"576PDVS2","P0000160",56,"EQUI0243",1.0000000000000001e-01,1.2000000000000000e+02,8.0000000000000002e-03,"00",75084,
"576PDVS2","P0000160",56,"EQUI0061",4.0000000000000000e+00,8.0000000000000000e+01,3.5000000000000001e-03,"00",75085,
"576PDVS2","P0000147",57,"EQUI0284",3.0000000000000000e+00,5.0000000000000000e+01,1.0000000000000000e-02,"00",75086,
"576PDVS2","P0000147",57,"EQUI0015",2.0000000000000000e+00,6.0000000000000000e+01,1.0000000000000000e-02,"00",75087,
"576PDVS2","P0000147",57,"EQUI0279",1.0000000000000000e+01,4.0000000000000000e+01,1.0000000000000000e-02,"00",75088,
"576PDVS2","P0000176",58,"EQUI0259",1.0000000000000000e+00,1.5000000000000000e+02,1.0000000000000000e+00,"00",75089,
"576PDVS2","P0000176",58,"EQUI0284",2.0000000000000000e+00,5.0000000000000000e+01,1.0000000000000000e-02,"00",75090,
"576PDVS2","P0000176",58,"EQUI0279",8.0000000000000000e+00,4.0000000000000000e+01,1.0000000000000000e-02,"00",75091,
"576PDVS2","P0000176",58,"EQUI0243",1.0000000000000000e+00,1.2000000000000000e+02,8.0000000000000002e-03,"00",75092,
"576PDVS2","P0000176",58,"EQUI0061",2.0000000000000000e+00,8.0000000000000000e+01,3.5000000000000001e-03,"00",75093,
"576PDVS2","P0000645",59,"EQUI0109",1.0000000000000000e+00,1.5000000000000000e+02,1.0000000000000000e+00,"01",75094,
"576PDVS2","P0000645",59,"EQUI0342",4.0000000000000000e+00,2.5000000000000000e+01,1.0000000000000000e-02,"01",75095,
"576PDVS2","P0000645",59,"EQUI0001",4.0000000000000000e+00,1.8000000000000000e+01,1.0000000000000000e-02,"01",75096,
"576PDVS2","P0000645",59,"EQUI0073",3.0000000000000000e+00,3.0000000000000000e+01,1.0000000000000000e-02,"01",75097,
"576PDVS2","P0000645",59,"EQUI0124",1.0000000000000000e+00,1.5000000000000000e+02,1.0000000000000000e+00,"01",75098,
"576PDVS2","P0000647",60,"EQUI0109",1.0000000000000000e+00,1.5000000000000000e+02,1.0000000000000000e+00,"01",75099,
"576PDVS2","P0000647",60,"EQUI0342",4.0000000000000000e+00,2.5000000000000000e+01,1.0000000000000000e-02,"01",75100,
"576PDVS2","P0000647",60,"EQUI0001",4.0000000000000000e+00,1.8000000000000000e+01,1.0000000000000000e-02,"01",75101,
"576PDVS2","P0000647",60,"EQUI0073",3.0000000000000000e+00,3.0000000000000000e+01,1.0000000000000000e-02,"01",75102,
"576PDVS2","P0000647",60,"EQUI0124",1.0000000000000000e+00,1.5000000000000000e+02,1.0000000000000000e+00,"01",75103,
"576PDVS2","EDF-9004",61,"EQUI0109",1.0000000000000000e+00,1.5000000000000000e+02,1.0000000000000000e+00,"01",75104,
"576PDVS2","EDF-9004",61,"EQUI0342",4.0000000000000000e+00,2.5000000000000000e+01,1.0000000000000000e-02,"01",75105,
"576PDVS2","EDF-9004",61,"EQUI0001",4.0000000000000000e+00,1.8000000000000000e+01,1.0000000000000000e-02,"01",75106,
"576PDVS2","EDF-9004",61,"EQUI0073",3.0000000000000000e+00,3.0000000000000000e+01,1.0000000000000000e-02,"01",75107,
"576PDVS2","EDF-9004",61,"EQUI0124",1.0000000000000000e+00,1.5000000000000000e+02,1.0000000000000000e+00,"01",75108,
"576PDVS2","P0000648",62,"EQUI0342",4.0000000000000000e+00,2.5000000000000000e+01,1.0000000000000000e-02,"01",75109,
"576PDVS2","P0000648",62,"EQUI0001",4.0000000000000000e+00,1.8000000000000000e+01,1.0000000000000000e-02,"01",75110,
"576PDVS2","P0000648",62,"EQUI0073",3.0000000000000000e+00,3.0000000000000000e+01,1.0000000000000000e-02,"01",75111,
"576PDVS2","P0000648",62,"EQUI0080",2.0000000000000000e+00,3.0000000000000000e+01,1.0000000000000000e-02,"00",75112,
"576PDVS2","P0002330",63,"EQUI0015",2.0000000000000000e+00,6.0000000000000000e+01,1.0000000000000000e-02,"00",75113,
"576PDVS2","P0002330",63,"EQUI0322",2.0000000000000000e+00,5.0000000000000000e+01,1.0000000000000000e-02,"00",75114,
"576PDVS2","P0002330",63,"EQUI0253",2.0000000000000000e+00,4.0000000000000000e+01,1.0000000000000000e-02,"00",75115,
"576PDVS2","P0002330",63,"EQUI0177",2.0000000000000000e+00,1.0000000000000000e+02,1.0000000000000000e-02,"00",75116,
"576PDVS2","P0002330",63,"EQUI0275",2.0000000000000000e+00,8.0000000000000000e+01,1.0000000000000000e-02,"00",75117,
"576PDVS2","P0002330",63,"EQUI0073",3.0000000000000000e+00,3.0000000000000000e+01,1.0000000000000000e-02,"01",75118,
"576PDVS2","P0002330",63,"EQUI0326",3.3000000000000002e-01,5.0000000000000000e+02,2.5000000000000001e-03,"00",75119,
"576PDVS2","P0002330",63,"EQUI0068",1.0000000000000000e+00,1.5000000000000000e+01,1.2000000000000000e-02,"00",75120,
"576PDVS2","P0002330",63,"EQUI0063",1.0000000000000000e+00,1.9000000000000000e+02,5.0000000000000001e-03,"00",75121,
"576PDVS2","P0002330",63,"EQUI0007",2.0000000000000000e+00,6.0000000000000000e+01,1.0000000000000000e+00,"00",75122,
"576PDVS2","P0000211",64,"EQUI0259",1.0000000000000000e+00,1.5000000000000000e+02,1.0000000000000000e+00,"00",75123,
"576PDVS2","P0000211",64,"EQUI0362",2.0000000000000000e+00,1.2000000000000000e+03,4.0000000000000001e-03,"00",75124,
"576PDVS2","P0000211",64,"EQUI0279",3.0000000000000000e+00,4.0000000000000000e+01,1.0000000000000000e-02,"00",75125,
"576PDVS2","P0000211",64,"EQUI0069",2.0000000000000000e+00,4.1180000000000000e+01,1.0000000000000000e-02,"00",75126,
"576PDVS2","P0000211",64,"EQUI0063",4.0000000000000000e+00,1.9000000000000000e+02,5.0000000000000001e-03,"00",75127,
"576PDVS2","P0000211",64,"FIORI",2.0000000000000000e+00,3.0000000000000000e+02,1.0000000000000000e+00,"01",75128,
"576PDVS2","P0005904",65,"EQUI0362",2.0000000000000000e+00,1.2000000000000000e+03,4.0000000000000001e-03,"00",75129,
"576PDVS2","P0005904",65,"EQUI0279",3.0000000000000000e+00,4.0000000000000000e+01,1.0000000000000000e-02,"00",75130,
"576PDVS2","P0005904",65,"EQUI0116",2.0000000000000000e+00,7.0120000000000005e+01,1.0000000000000000e-02,"00",75131,
"576PDVS2","P0005904",65,"EQUI0063",4.0000000000000000e+00,1.9000000000000000e+02,5.0000000000000001e-03,"00",75132,
"576PDVS2","P0005904",65,"FIORI",1.0000000000000000e+00,3.0000000000000000e+02,1.0000000000000000e+00,"01",75133,
"576PDVS2","P0000653",66,"EQUI0342",1.4000000000000000e+01,2.5000000000000000e+01,1.0000000000000000e-02,"01",75134,
"576PDVS2","P0000653",66,"EQUI0001",1.2000000000000000e+01,1.8000000000000000e+01,1.0000000000000000e-02,"01",75135,
"576PDVS2","P0000653",66,"EQUI0073",1.2000000000000000e+01,3.0000000000000000e+01,1.0000000000000000e-02,"01",75136,
"576PDVS2","P0000653",66,"EQUI0080",8.0000000000000000e+00,3.0000000000000000e+01,1.0000000000000000e-02,"00",75137,
"576PDVS2","P0000653",66,"EQUI0201",5.0000000000000000e-01,1.5000000000000000e+05,2.0000000000000000e-03,"00",75138,
"576PDVS2","P0005902",67,"EQUI0005",4.0000000000000000e+00,7.4461400000000003e+03,5.0000000000000001e-03,"00",75139,
"576PDVS2","P0005902",67,"EQUI0253",2.0000000000000000e+00,4.0000000000000000e+01,1.0000000000000000e-02,"00",75140,
"576PDVS2","P0005902",67,"EQUI0177",2.0000000000000000e+00,1.0000000000000000e+02,1.0000000000000000e-02,"00",75141,
"576PDVS2","P0005902",67,"EQUI0275",2.0000000000000000e+00,8.0000000000000000e+01,1.0000000000000000e-02,"00",75142,
"576PDVS2","P0005902",67,"ENCOFRAD",1.0000000000000000e+00,5.0000000000000000e+05,6.3000000000000000e-03,"00",75143,
"576PDVS2","P0005902",67,"EQUI0042",1.0000000000000000e+00,2.5000000000000000e+02,1.0000000000000000e+00,"00",75144,
"576PDVS2","P0005815",68,"EQUI0362",2.0000000000000000e+00,1.2000000000000000e+03,4.0000000000000001e-03,"00",75145,
"576PDVS2","P0005815",68,"EQUI0279",3.0000000000000000e+00,4.0000000000000000e+01,1.0000000000000000e-02,"00",75146,
"576PDVS2","P0005815",68,"EQUI0116",2.0000000000000000e+00,7.0120000000000005e+01,1.0000000000000000e-02,"00",75147,
"576PDVS2","P0005815",68,"EQUI0063",4.0000000000000000e+00,1.9000000000000000e+02,5.0000000000000001e-03,"00",75148,
"576PDVS2","P0005815",68,"BOMCON",1.0000000000000000e+00,1.5000000000000000e+05,2.0000000000000000e-03,"00",75149,
"576PDVS2","P0005815",68,"FIORI",2.0000000000000000e+00,3.0000000000000000e+02,1.0000000000000000e+00,"01",75150,
"576PDVS2","P0000822",69,"EQUI0312",2.0000000000000000e+00,2.5600000000000001e+01,1.0000000000000000e-02,"00",75151,
"576PDVS2","P0000822",69,"EQUI0026",2.0000000000000000e+00,8.0000000000000000e+00,1.0000000000000000e-02,"00",75152,
"576PDVS2","P0000822",69,"EQUI0173",1.0000000000000000e+00,5.7854999999999995e+02,1.0000000000000000e-02,"00",75153,
"576PDVS2","P0003174",70,"EQUI0279",5.0000000000000000e+00,4.0000000000000000e+01,1.0000000000000000e-02,"00",75154,
"576PDVS2","P0003174",70,"EQUI0069",2.0000000000000000e+00,4.1180000000000000e+01,1.0000000000000000e-02,"00",75155,
"576PDVS2","P0003174",70,"EQUI0061",2.0000000000000000e+00,8.0000000000000000e+01,3.5000000000000001e-03,"00",75156,
"576PDVS2","P0003174",70,"BOMCON",1.0000000000000000e+00,1.5000000000000000e+05,2.0000000000000000e-03,"00",75157,
"576PDVS2","P0003174",70,"FIORI",1.0000000000000000e+00,3.0000000000000000e+02,1.0000000000000000e+00,"01",75158,
"576PDVS2","*ALBAÑ52",71,"*EQUIP05",1.0000000000000000e+00,2.5516000000000000e+02,1.0000000000000000e-02,"01",75159,
"576PDVS2","*ALBAÑ52",71,"COP078",2.0000000000000000e+00,2.5000000000000000e+02,1.0000000000000000e+00,"00",75160,
"576PDVS2","*ALBAÑ52",71,"FIORI",2.0000000000000000e+00,3.0000000000000000e+02,1.0000000000000000e+00,"01",75161,
"576PDVS2","*ALBAÑ52",71,"BOMCON",1.0000000000000000e+00,1.5000000000000000e+05,2.0000000000000000e-03,"00",75162,
"576PDVS2","P0000696",72,"EQUI0351",2.0000000000000000e+00,1.1250000000000000e+01,1.0000000000000000e-02,"00",75163,
"576PDVS2","P0000696",72,"EQUI0286",1.0000000000000000e+00,6.3000000000000000e+01,1.0000000000000000e-02,"00",75164,
"576PDVS2","P0000696",72,"EQUI0279",3.0000000000000000e+00,4.0000000000000000e+01,1.0000000000000000e-02,"00",75165,
"576PDVS2","P0000696",72,"EQUI0116",2.0000000000000000e+00,7.0120000000000005e+01,1.0000000000000000e-02,"00",75166,
"576PDVS2","P0000696",72,"EQUI0296",1.0000000000000000e+00,7.6189999999999998e+01,1.0000000000000000e-02,"00",75167,
"576PDVS2","P0000696",72,"EQUI0275",1.0000000000000000e+00,8.0000000000000000e+01,1.0000000000000000e-02,"00",75168,
"576PDVS2","P0000696",72,"EQUI0061",2.0000000000000000e+00,8.0000000000000000e+01,3.5000000000000001e-03,"00",75169,
"576PDVS2","P0000726",73,"COP078",3.0000000000000000e+00,2.5000000000000000e+02,1.0000000000000000e+00,"00",75170,
"576PDVS2","P0000726",73,"EQUI0351",1.0000000000000000e+01,1.1250000000000000e+01,1.0000000000000000e-02,"00",75171,
"576PDVS2","P0000726",73,"EQUI0286",1.0000000000000000e+00,6.3000000000000000e+01,1.0000000000000000e-02,"00",75172,
"576PDVS2","P0000726",73,"EQUI0279",2.0000000000000000e+01,4.0000000000000000e+01,1.0000000000000000e-02,"00",75173,
"576PDVS2","P0000726",73,"EQUI0116",2.0000000000000000e+01,7.0120000000000005e+01,1.0000000000000000e-02,"00",75174,
"576PDVS2","P0000726",73,"EQUI0296",5.0000000000000000e+00,7.6189999999999998e+01,1.0000000000000000e-02,"00",75175,
"576PDVS2","P0000726",73,"EQUI0275",1.0000000000000000e+00,8.0000000000000000e+01,1.0000000000000000e-02,"00",75176,
"576PDVS2","P0000726",73,"EQUI0073",1.0000000000000000e+00,3.0000000000000000e+01,1.0000000000000000e-02,"01",75177,
"576PDVS2","P0000726",73,"EQUI0061",2.0000000000000000e+01,8.0000000000000000e+01,3.5000000000000001e-03,"00",75178,
"576PDVS2","P0000726",73,"EQUI0007",1.0000000000000000e+01,6.0000000000000000e+01,1.0000000000000000e+00,"00",75179,
"576PDVS2","P0000738",74,"COP078",3.0000000000000000e+00,2.5000000000000000e+02,1.0000000000000000e+00,"00",75180,
"576PDVS2","P0000738",74,"EQUI0005",1.0000000000000000e+01,7.4461400000000003e+03,5.0000000000000001e-03,"00",75181,
"576PDVS2","P0000738",74,"EQUI0351",1.0000000000000000e+01,1.1250000000000000e+01,1.0000000000000000e-02,"00",75182,
"576PDVS2","P0000738",74,"EQUI0286",1.0000000000000000e+00,6.3000000000000000e+01,1.0000000000000000e-02,"00",75183,
"576PDVS2","P0000738",74,"EQUI0279",1.0000000000000000e+01,4.0000000000000000e+01,1.0000000000000000e-02,"00",75184,
"576PDVS2","P0000738",74,"EQUI0116",1.0000000000000000e+01,7.0120000000000005e+01,1.0000000000000000e-02,"00",75185,
"576PDVS2","P0000738",74,"EQUI0296",1.0000000000000000e+00,7.6189999999999998e+01,1.0000000000000000e-02,"00",75186,
"576PDVS2","P0000738",74,"EQUI0275",1.0000000000000000e+00,8.0000000000000000e+01,1.0000000000000000e-02,"00",75187,
"576PDVS2","P0000738",74,"EQUI0073",1.0000000000000000e+00,3.0000000000000000e+01,1.0000000000000000e-02,"01",75188,
"576PDVS2","P0000738",74,"EQUI0061",1.0000000000000000e+01,8.0000000000000000e+01,3.5000000000000001e-03,"00",75189,
"576PDVS2","ALBAÑ27",75,"*EQUIP06",1.5000000000000000e+01,5.9100000000000001e+01,2.0000000000000000e-03,"01",75190,
"576PDVS2","ALBAÑ27",75,"*EQUIP05",1.5000000000000000e+01,2.5516000000000000e+02,1.0000000000000000e-02,"01",75191,
"576PDVS2","ALBAÑ28",76,"*EQUIP06",1.5000000000000000e+01,5.9100000000000001e+01,2.0000000000000000e-03,"01",75192,
"576PDVS2","ALBAÑ28",76,"*EQUIP05",1.5000000000000000e+01,2.5516000000000000e+02,1.0000000000000000e-02,"01",75193,
"576PDVS2","P0002544",77,"EQUI0253",1.0000000000000000e+01,4.0000000000000000e+01,1.0000000000000000e-02,"00",75194,
"576PDVS2","P0002544",77,"EQUI0275",4.0000000000000000e+00,8.0000000000000000e+01,1.0000000000000000e-02,"00",75195,
"576PDVS2","P0002544",77,"EQUI0073",4.0000000000000000e+00,3.0000000000000000e+01,1.0000000000000000e-02,"01",75196,
"576PDVS2","P0002544",77,"EQUI0181",1.0000000000000000e+01,4.5000000000000000e+02,3.5000000000000001e-03,"00",75197,
"576PDVS2","P0002544",77,"EQUI0335",1.0000000000000000e+01,3.4000000000000000e+02,1.0000000000000000e-02,"00",75198,
"576PDVS2","EDF-0901",78,"EQUI0217",4.0000000000000000e+00,2.1361000000000001e+02,1.0000000000000000e-02,"00",75199,
"576PDVS2","EDF-0901",78,"EQUI0253",4.0000000000000000e+00,4.0000000000000000e+01,1.0000000000000000e-02,"00",75200,
"576PDVS2","EDF-0901",78,"EQUI0275",4.0000000000000000e+00,8.0000000000000000e+01,1.0000000000000000e-02,"00",75201,
"576PDVS2","EDF-0901",78,"EQUI0073",4.0000000000000000e+00,3.0000000000000000e+01,1.0000000000000000e-02,"01",75202,
"576PDVS2","EDF-0901",78,"EQUI0181",1.0000000000000000e+00,4.5000000000000000e+02,3.5000000000000001e-03,"00",75203,
"576PDVS2","EDF-0901",78,"EQUI0333",1.0000000000000000e+00,3.4000000000000000e+02,1.0000000000000000e-02,"01",75204,
"576PDVS2","P0000855",79,"EQUI0253",8.0000000000000000e+00,4.0000000000000000e+01,1.0000000000000000e-02,"00",75205,
"576PDVS2","P0000855",79,"EQUI0177",8.0000000000000000e+00,1.0000000000000000e+02,1.0000000000000000e-02,"00",75206,
"576PDVS2","P0000855",79,"EQUI0275",4.0000000000000000e+00,8.0000000000000000e+01,1.0000000000000000e-02,"00",75207,
"576PDVS2","P0000855",79,"EQUI0073",4.0000000000000000e+00,3.0000000000000000e+01,1.0000000000000000e-02,"01",75208,
"576PDVS2","P0000855",79,"EQUI0323",4.0000000000000000e+00,1.0105900000000000e+03,1.0000000000000000e-02,"00",75209,
"576PDVS2","P0000855",79,"EQUI0335",4.0000000000000000e+00,3.4000000000000000e+02,1.0000000000000000e-02,"00",75210,
"576PDVS2","P0000849",80,"EQUI0335",1.0000000000000000e+01,3.4000000000000000e+02,1.0000000000000000e-02,"00",75211,
"576PDVS2","P0000849",80,"EQUI0296",1.0000000000000000e+01,7.6189999999999998e+01,1.0000000000000000e-02,"00",75212,
"576PDVS2","P0000849",80,"EQUI0275",8.0000000000000000e+00,8.0000000000000000e+01,1.0000000000000000e-02,"00",75213,
"576PDVS2","P0000849",80,"EQUI0073",4.0000000000000000e+00,3.0000000000000000e+01,1.0000000000000000e-02,"01",75214,
"576PDVS2","HERRE18",81,"*WINCHE1",1.0000000000000000e+00,6.3000000000000000e+04,2.5000000000000001e-03,"01",75215,
"576PDVS2","HERRE18",81,"EQUI0143",4.0000000000000000e+00,2.6500000000000000e+03,3.5000000000000001e-03,"00",75216,
"576PDVS2","P0000909",82,"EQUI0335",8.0000000000000000e+00,3.4000000000000000e+02,1.0000000000000000e-02,"00",75217,
"576PDVS2","P0000909",82,"EQUI0217",8.0000000000000000e+00,2.1361000000000001e+02,1.0000000000000000e-02,"00",75218,
"576PDVS2","P0000909",82,"EQUI0253",4.0000000000000000e+00,4.0000000000000000e+01,1.0000000000000000e-02,"00",75219,
"576PDVS2","P0000909",82,"EQUI0073",4.0000000000000000e+00,3.0000000000000000e+01,1.0000000000000000e-02,"01",75220,
"576PDVS2","CARPI10",83,"*WINCHE1",1.0000000000000000e+00,6.3000000000000000e+04,2.5000000000000001e-03,"01",75221,
"576PDVS2","CARPI10",83,"*EQUIP04",1.0000000000000000e+00,1.1011500000000001e+03,1.0000000000000000e-02,"01",75222,
"576PDVS2","P0000904",84,"EQUI0312",2.0000000000000000e+01,2.5600000000000001e+01,1.0000000000000000e-02,"00",75223,
"576PDVS2","P0000904",84,"EQUI0194",2.0000000000000000e+01,6.7640000000000001e+01,1.0000000000000000e-02,"00",75224,
"576PDVS2","P0000904",84,"EQUI0014",2.0000000000000000e+01,2.9039999999999999e+01,1.0000000000000000e-02,"00",75225,
"576PDVS2","P0000904",84,"EQUI0173",2.0000000000000000e+01,5.7854999999999995e+02,1.0000000000000000e-02,"00",75226,
"576PDVS2","P0000904",84,"EQUI0183",2.0000000000000000e+01,1.1550000000000001e+01,1.0000000000000000e-02,"00",75227,
"576PDVS2","P0000904",84,"EQUI0175",2.0000000000000000e+01,2.9272000000000003e+02,5.0000000000000001e-03,"00",75228,
"576PDVS2","P0000904",84,"EQUI0026",2.0000000000000000e+01,8.0000000000000000e+00,1.0000000000000000e-02,"00",75229,
"576PDVS2","P0000904",84,"EQUI0024",2.0000000000000000e+01,8.0000000000000000e+00,1.0000000000000000e-02,"00",75230,
"576PDVS2","P0000905",85,"EQUI0312",2.0000000000000000e+01,2.5600000000000001e+01,1.0000000000000000e-02,"00",75231,
"576PDVS2","P0000905",85,"EQUI0194",2.0000000000000000e+01,6.7640000000000001e+01,1.0000000000000000e-02,"00",75232,
"576PDVS2","P0000905",85,"EQUI0014",2.0000000000000000e+01,2.9039999999999999e+01,1.0000000000000000e-02,"00",75233,
"576PDVS2","P0000905",85,"EQUI0173",2.0000000000000000e+01,5.7854999999999995e+02,1.0000000000000000e-02,"00",75234,
"576PDVS2","P0000905",85,"EQUI0183",2.0000000000000000e+01,1.1550000000000001e+01,1.0000000000000000e-02,"00",75235,
"576PDVS2","P0000905",85,"EQUI0175",2.0000000000000000e+01,2.9272000000000003e+02,5.0000000000000001e-03,"00",75236,
"576PDVS2","P0000905",85,"EQUI0026",2.0000000000000000e+01,8.0000000000000000e+00,1.0000000000000000e-02,"00",75237,
"576PDVS2","P0000905",85,"EQUI0024",2.0000000000000000e+01,8.0000000000000000e+00,1.0000000000000000e-02,"00",75238,
"576PDVS2","P0000896",86,"EQUI0173",1.0000000000000000e+00,5.7854999999999995e+02,1.0000000000000000e-02,"00",75239,
"576PDVS2","P0000896",86,"EQUI0183",2.0000000000000000e+00,1.1550000000000001e+01,1.0000000000000000e-02,"00",75240,
"576PDVS2","P0000896",86,"EQUI0175",1.0000000000000000e+00,2.9272000000000003e+02,5.0000000000000001e-03,"00",75241,
"576PDVS2","P0000896",86,"EQUI0026",2.0000000000000000e+00,8.0000000000000000e+00,1.0000000000000000e-02,"00",75242,
"576PDVS2","P0000896",86,"EQUI0024",2.0000000000000000e+00,8.0000000000000000e+00,1.0000000000000000e-02,"00",75243,
"576PDVS2","P0000935",87,"EQUI0174",5.0000000000000001e-03,4.8304000000000002e+02,5.0000000000000001e-03,"00",75244,
"576PDVS2","P0000935",87,"EQUI0217",1.0000000000000000e+00,2.1361000000000001e+02,1.0000000000000000e-02,"00",75245,
"576PDVS2","P0000935",87,"EQUI0001",2.0000000000000000e+00,1.8000000000000000e+01,1.0000000000000000e-02,"01",75246,
"576PDVS2","P0000935",87,"EQUI0318",2.0000000000000000e+00,6.6780000000000001e+01,1.0000000000000000e-02,"00",75247,
"576PDVS2","P0000935",87,"EQUI0073",2.0000000000000000e+00,3.0000000000000000e+01,1.0000000000000000e-02,"01",75248,
"576PDVS2","P0000935",87,"EQUI0288",6.6000000000000003e-01,6.9825000000000000e+03,5.0000000000000001e-03,"00",75249,
"576PDVS2","P0000930",88,"EQUI0217",1.0000000000000000e+00,2.1361000000000001e+02,1.0000000000000000e-02,"00",75250,
"576PDVS2","P0000930",88,"EQUI0001",2.0000000000000000e+00,1.8000000000000000e+01,1.0000000000000000e-02,"01",75251,
"576PDVS2","P0000930",88,"EQUI0318",2.0000000000000000e+00,6.6780000000000001e+01,1.0000000000000000e-02,"00",75252,
"576PDVS2","P0000930",88,"EQUI0073",2.0000000000000000e+00,3.0000000000000000e+01,1.0000000000000000e-02,"01",75253,
"576PDVS2","P0000930",88,"EQUI0174",1.0000000000000000e+00,4.8304000000000002e+02,5.0000000000000001e-03,"00",75254,
"576PDVS2","P0000936",89,"EQUI0217",1.0000000000000000e+00,2.1361000000000001e+02,1.0000000000000000e-02,"00",75255,
"576PDVS2","P0000936",89,"EQUI0001",2.0000000000000000e+00,1.8000000000000000e+01,1.0000000000000000e-02,"01",75256,
"576PDVS2","P0000936",89,"EQUI0318",2.0000000000000000e+00,6.6780000000000001e+01,1.0000000000000000e-02,"00",75257,
"576PDVS2","P0000936",89,"EQUI0073",2.0000000000000000e+00,3.0000000000000000e+01,1.0000000000000000e-02,"01",75258,
"576PDVS2","P0000936",89,"EQUI0288",6.6000000000000003e-01,6.9825000000000000e+03,5.0000000000000001e-03,"00",75259,
"576PDVS2","P0002673",90,"EQUI0285",2.0000000000000000e+00,4.8969999999999999e+01,1.0000000000000000e-02,"00",75260,
"576PDVS2","P0002673",90,"EQUI0217",1.0000000000000000e+00,2.1361000000000001e+02,1.0000000000000000e-02,"00",75261,
"576PDVS2","P0002673",90,"EQUI0175",2.0000000000000000e+00,2.9272000000000003e+02,5.0000000000000001e-03,"00",75262,
"576PDVS2","P0002673",90,"EQUI0078",1.0000000000000000e+00,3.0037000000000000e+02,5.0000000000000001e-03,"00",75263,
"576PDVS2","P0002674",91,"EQUI0285",2.0000000000000000e+00,4.8969999999999999e+01,1.0000000000000000e-02,"00",75264,
"576PDVS2","P0002674",91,"EQUI0217",1.0000000000000000e+00,2.1361000000000001e+02,1.0000000000000000e-02,"00",75265,
"576PDVS2","P0002674",91,"EQUI0175",2.0000000000000000e+00,2.9272000000000003e+02,5.0000000000000001e-03,"00",75266,
"576PDVS2","P0002674",91,"EQUI0078",1.0000000000000000e+00,3.0037000000000000e+02,5.0000000000000001e-03,"00",75267,
"576PDVS2","*CABLE28",92,"*EQUIP10",1.0000000000000000e+00,7.6000000000000000e+03,4.7900000000000000e-03,"01",75268,
"576PDVS2","P0001013",93,"EQUI0217",1.0000000000000000e+01,2.1361000000000001e+02,1.0000000000000000e-02,"00",75269,
"576PDVS2","P0001013",93,"EQUI0001",1.0000000000000000e+01,1.8000000000000000e+01,1.0000000000000000e-02,"01",75270,
"576PDVS2","P0001013",93,"EQUI0175",2.0000000000000000e+00,2.9272000000000003e+02,5.0000000000000001e-03,"00",75271,
"576PDVS2","P0001013",93,"EQUI0073",2.0000000000000000e+00,3.0000000000000000e+01,1.0000000000000000e-02,"01",75272,
"576PDVS2","P0001017",94,"EQUI0217",1.0000000000000000e+00,2.1361000000000001e+02,1.0000000000000000e-02,"00",75273,
"576PDVS2","P0001017",94,"EQUI0001",2.0000000000000000e+00,1.8000000000000000e+01,1.0000000000000000e-02,"01",75274,
"576PDVS2","P0001017",94,"EQUI0175",2.0000000000000000e+00,2.9272000000000003e+02,5.0000000000000001e-03,"00",75275,
"576PDVS2","P0001017",94,"EQUI0073",2.0000000000000000e+00,3.0000000000000000e+01,1.0000000000000000e-02,"01",75276,
"576PDVS2","P0001049",95,"EQUI0285",1.0000000000000000e+00,4.8969999999999999e+01,1.0000000000000000e-02,"00",75277,
"576PDVS2","P0001049",95,"EQUI0299",1.0000000000000000e+00,6.6799999999999997e+00,1.0000000000000000e-02,"00",75278,
"576PDVS2","P0001049",95,"EQUI0217",1.0000000000000000e+00,2.1361000000000001e+02,1.0000000000000000e-02,"00",75279,
"576PDVS2","P0001049",95,"EQUI0001",2.0000000000000000e+00,1.8000000000000000e+01,1.0000000000000000e-02,"01",75280,
"576PDVS2","P0001049",95,"EQUI0175",1.0000000000000000e+00,2.9272000000000003e+02,5.0000000000000001e-03,"00",75281,
"576PDVS2","P0001049",95,"EQUI0073",1.0000000000000000e+00,3.0000000000000000e+01,1.0000000000000000e-02,"01",75282,
"576PDVS2","P0001049",95,"EQUI0363",1.0000000000000000e+00,3.0000000000000000e+01,3.0000000000000001e-03,"00",75283,
"576PDVS2","P0001042",96,"EQUI0285",1.0000000000000000e+00,4.8969999999999999e+01,1.0000000000000000e-02,"00",75284,
"576PDVS2","P0001042",96,"EQUI0299",1.0000000000000000e+00,6.6799999999999997e+00,1.0000000000000000e-02,"00",75285,
"576PDVS2","P0001042",96,"EQUI0217",1.0000000000000000e+00,2.1361000000000001e+02,1.0000000000000000e-02,"00",75286,
"576PDVS2","P0001042",96,"EQUI0001",2.0000000000000000e+00,1.8000000000000000e+01,1.0000000000000000e-02,"01",75287,
"576PDVS2","P0001042",96,"EQUI0175",1.0000000000000000e+00,2.9272000000000003e+02,5.0000000000000001e-03,"00",75288,
"576PDVS2","P0001053",97,"EQUI0351",1.0000000000000000e+00,1.1250000000000000e+01,1.0000000000000000e-02,"00",75289,
"576PDVS2","P0001053",97,"EQUI0217",2.0000000000000000e+00,2.1361000000000001e+02,1.0000000000000000e-02,"00",75290,
"576PDVS2","P0001053",97,"EQUI0001",4.0000000000000000e+00,1.8000000000000000e+01,1.0000000000000000e-02,"01",75291,
"576PDVS2","P0001053",97,"EQUI0116",4.0000000000000000e+00,7.0120000000000005e+01,1.0000000000000000e-02,"00",75292,
"576PDVS2","P0001053",97,"EQUI0175",2.0000000000000000e+00,2.9272000000000003e+02,5.0000000000000001e-03,"00",75293,
"576PDVS2","P0001053",97,"EQUI0073",2.0000000000000000e+00,3.0000000000000000e+01,1.0000000000000000e-02,"01",75294,
"576PDVS2","BREAKER",98,"EQUI0285",1.0000000000000000e+00,4.8969999999999999e+01,1.0000000000000000e-02,"00",75295,
"576PDVS2","BREAKER",98,"EQUI0217",1.0000000000000000e+00,2.1361000000000001e+02,1.0000000000000000e-02,"00",75296,
"576PDVS2","BREAKER",98,"EQUI0001",2.0000000000000000e+00,1.8000000000000000e+01,1.0000000000000000e-02,"01",75297,
"576PDVS2","BREAKER",98,"EQUI0175",2.0000000000000000e+00,2.9272000000000003e+02,5.0000000000000001e-03,"00",75298,
"576PDVS2","BREAKER",98,"EQUI0363",1.0000000000000000e+00,3.0000000000000000e+01,3.0000000000000001e-03,"00",75299,
"576PDVS2","P0005133",99,"EQUI0285",1.0000000000000000e+00,4.8969999999999999e+01,1.0000000000000000e-02,"00",75300,
"576PDVS2","P0005133",99,"EQUI0217",1.0000000000000000e+00,2.1361000000000001e+02,1.0000000000000000e-02,"00",75301,
"576PDVS2","P0005133",99,"EQUI0001",2.0000000000000000e+00,1.8000000000000000e+01,1.0000000000000000e-02,"01",75302,
"576PDVS2","P0005133",99,"EQUI0175",2.0000000000000000e+00,2.9272000000000003e+02,5.0000000000000001e-03,"00",75303,
"576PDVS2","P0005133",99,"EQUI0363",1.0000000000000000e+00,3.0000000000000000e+01,3.0000000000000001e-03,"00",75304,
"576PDVS2","PAR0942",100,"*PISTOLA",1.0000000000000000e+00,3.8009999999999998e+01,3.5000000000000001e-03,"01",75305,
"576PDVS2","PAR0942",100,"*PINZAS1",2.0000000000000000e+00,5.3200000000000003e+00,1.0000000000000000e-02,"01",75306,
"576PDVS2","PAR0942",100,"*DESTOR1",1.0000000000000000e+00,3.6719999999999999e+01,5.4999999999999997e-03,"01",75307,
"576PDVS2","PAR0942",100,"*ALICAT2",2.0000000000000000e+00,1.8000000000000000e+01,1.0000000000000000e-02,"01",75308,
"576PDVS2","PAR0942",100,"*ESCALE1",1.0000000000000000e+00,3.1410000000000000e+01,5.4999999999999997e-03,"01",75309,
"576PDVS2","PAR0942",100,"*TALADR1",5.0000000000000000e-01,7.0000000000000000e+01,5.0999999999999997e-02,"01",75310,
"576PDVS2","PAR0942",100,"*AMPERM1",1.0000000000000000e+00,3.0000000000000000e+01,3.0000000000000001e-03,"01",75311,
"576PDVS2","CAJAMED",101,"EQUI0031",1.0000000000000001e-01,1.2000000000000000e+02,1.0000000000000000e+00,"00",75312,
"576PDVS2","CAJAMED",101,"EQUI0172",1.0000000000000000e+00,2.1930000000000000e+01,1.0000000000000000e+00,"00",75313,
"576PDVS2","CAJAMED",101,"EQUI0342",1.0000000000000000e+00,2.5000000000000000e+01,1.0000000000000000e-02,"01",75314,
"576PDVS2","CAJAMED",101,"EQUI0219",1.0000000000000000e+00,4.3500000000000000e+01,1.0000000000000000e-02,"00",75315,
"576PDVS2","CAJAMED",101,"EQUI0001",1.0000000000000000e+00,1.8000000000000000e+01,1.0000000000000000e-02,"01",75316,
"576PDVS2","PAR0986",102,"*DRYWA33",1.0000000000000000e+00,2.2000000000000002e+00,1.0000000000000000e-02,"01",75318,
"576PDVS2","PAR0986",102,"*ALICAT2",3.0000000000000000e+00,1.8000000000000000e+01,1.0000000000000000e-02,"01",75319,
"576PDVS2","PAR0986",102,"*DESTOR1",1.0000000000000000e+00,3.6719999999999999e+01,5.4999999999999997e-03,"01",75320,
"576PDVS2","PAR0986",102,"*PROBADO",1.0000000000000000e+00,1.6800000000000001e+01,5.0000000000000003e-02,"01",75321,
"576PDVS2","PAR0986",102,"*PINZAS1",2.0000000000000000e+00,5.3200000000000003e+00,1.0000000000000000e-02,"01",75322,
"576PDVS2","TUBECOBR",103,"EQUI0142",1.0000000000000000e+00,9.9980000000000004e+01,1.0000000000000000e+00,"00",75323,
"576PDVS2","TUBECOBR",103,"EQUI0342",5.0000000000000000e+00,2.5000000000000000e+01,1.0000000000000000e-02,"01",75324,
"576PDVS2","TUBECOBR",103,"EQUI0173",5.0000000000000000e+00,5.7854999999999995e+02,1.0000000000000000e-02,"00",75325,
"576PDVS2","TUBECOBR",103,"EQUI0053",3.0000000000000000e+00,1.2000000000000000e+02,1.0000000000000000e-02,"00",75326,
"576PDVS2","TUBECOBR",103,"EQUI0203",5.0000000000000000e+00,3.3079999999999998e+01,1.0000000000000000e-02,"00",75327,
"576PDVS2","TUBECOBR",103,"EQUI0114",3.0000000000000000e+00,7.8328699999999999e+03,1.0000000000000000e-02,"00",75328,
"576PDVS2","P0005222",104,"EQUI0138",1.0000000000000000e+00,3.2225999999999999e+02,8.3599999999999994e-02,"00",75329,
"576PDVS2","P0005222",104,"EQUI0142",1.0000000000000000e+00,9.9980000000000004e+01,1.0000000000000000e+00,"00",75330,
"576PDVS2","P0005222",104,"EQUI0342",1.0000000000000000e+00,2.5000000000000000e+01,1.0000000000000000e-02,"01",75331,
"576PDVS2","P0005222",104,"EQUI0173",1.0000000000000000e+00,5.7854999999999995e+02,1.0000000000000000e-02,"00",75332,
"576PDVS2","P0005222",104,"EQUI0053",1.0000000000000000e+00,1.2000000000000000e+02,1.0000000000000000e-02,"00",75333,
"576PDVS2","P0005222",104,"EQUI0203",1.0000000000000000e+00,3.3079999999999998e+01,1.0000000000000000e-02,"00",75334,
"576PDVS2","P0005222",104,"EQUI0114",1.0000000000000000e+00,7.8328699999999999e+03,1.0000000000000000e-02,"00",75335,
"576PDVS2","P0001171",106,"EQUI0025",1.0000000000000000e+00,8.0000000000000000e+00,1.0000000000000000e-02,"00",75336,
"576PDVS2","P0001171",106,"EQUI0074",1.0000000000000000e+00,2.0000000000000000e+01,1.0000000000000000e-02,"00",75337,
"576PDVS2","P0001171",106,"EQUI0177",1.0000000000000000e+00,1.0000000000000000e+02,1.0000000000000000e-02,"00",75338,
"576PDVS2","P0001171",106,"EQUI0318",1.0000000000000000e+00,6.6780000000000001e+01,1.0000000000000000e-02,"00",75339,
"576PDVS2","P0001171",106,"EQUI0275",1.0000000000000000e+00,8.0000000000000000e+01,1.0000000000000000e-02,"00",75340,
"576PDVS2","P0001171",106,"EQUI0020",1.0000000000000000e+00,2.6315999999999999e+03,1.0000000000000000e-02,"00",75341,
"576PDVS2","P0001171",106,"EQUI0061",1.0000000000000000e+00,8.0000000000000000e+01,3.5000000000000001e-03,"00",75342,
"576PDVS2","P0001172",107,"EQUI0025",6.0000000000000000e+00,8.0000000000000000e+00,1.0000000000000000e-02,"00",75343,
"576PDVS2","P0001172",107,"EQUI0074",4.0000000000000000e+00,2.0000000000000000e+01,1.0000000000000000e-02,"00",75344,
"576PDVS2","P0001172",107,"EQUI0177",6.0000000000000000e+00,1.0000000000000000e+02,1.0000000000000000e-02,"00",75345,
"576PDVS2","P0001172",107,"EQUI0318",6.0000000000000000e+00,6.6780000000000001e+01,1.0000000000000000e-02,"00",75346,
"576PDVS2","P0001172",107,"EQUI0275",4.0000000000000000e+00,8.0000000000000000e+01,1.0000000000000000e-02,"00",75347,
"576PDVS2","P0001172",107,"EQUI0020",4.0000000000000000e+00,2.6315999999999999e+03,1.0000000000000000e-02,"00",75348,
"576PDVS2","P0001172",107,"EQUI0061",6.0000000000000000e+00,8.0000000000000000e+01,3.5000000000000001e-03,"00",75349,
"576PDVS2","P0001211",110,"EQUI0025",1.0000000000000000e+00,8.0000000000000000e+00,1.0000000000000000e-02,"00",75453,
"576PDVS2","P0001211",110,"EQUI0074",4.0000000000000000e+00,2.0000000000000000e+01,1.0000000000000000e-02,"00",75454,
"576PDVS2","P0001211",110,"EQUI0177",6.0000000000000000e+00,1.0000000000000000e+02,1.0000000000000000e-02,"00",75455,
"576PDVS2","P0001211",110,"EQUI0318",6.0000000000000000e+00,6.6780000000000001e+01,1.0000000000000000e-02,"00",75456,
"576PDVS2","P0001211",110,"EQUI0275",6.0000000000000000e+00,8.0000000000000000e+01,1.0000000000000000e-02,"00",75457,
"576PDVS2","P0001209",109,"EQUI0025",1.0000000000000000e+00,8.0000000000000000e+00,1.0000000000000000e-02,"00",75460,
"576PDVS2","P0001209",109,"EQUI0074",1.0000000000000000e+00,2.0000000000000000e+01,1.0000000000000000e-02,"00",75461,
"576PDVS2","P0001209",109,"EQUI0177",1.0000000000000000e+00,1.0000000000000000e+02,1.0000000000000000e-02,"00",75462,
"576PDVS2","P0001209",109,"EQUI0318",6.0000000000000000e+00,6.6780000000000001e+01,1.0000000000000000e-02,"00",75463,
"576PDVS2","P0001209",109,"EQUI0275",6.0000000000000000e+00,8.0000000000000000e+01,1.0000000000000000e-02,"00",75464,
"576PDVS2","P0001209",109,"EQUI0247",6.0000000000000000e+00,6.7400000000000006e+01,1.0000000000000000e-02,"00",75465,
"576PDVS2","P0001209",109,"EQUI0061",1.0000000000000000e+00,8.0000000000000000e+01,3.5000000000000001e-03,"00",75466,
"576PDVS2","P0001173",108,"EQUI0025",1.0000000000000000e+00,8.0000000000000000e+00,1.0000000000000000e-02,"00",75467,
"576PDVS2","P0001173",108,"EQUI0074",1.0000000000000000e+00,2.0000000000000000e+01,1.0000000000000000e-02,"00",75468,
"576PDVS2","P0001173",108,"EQUI0177",1.0000000000000000e+00,1.0000000000000000e+02,1.0000000000000000e-02,"00",75469,
"576PDVS2","P0001173",108,"EQUI0318",1.0000000000000000e+00,6.6780000000000001e+01,1.0000000000000000e-02,"00",75470,
"576PDVS2","P0001173",108,"EQUI0275",1.0000000000000000e+00,8.0000000000000000e+01,1.0000000000000000e-02,"00",75471,
"576PDVS2","P0001173",108,"EQUI0020",1.0000000000000000e+00,2.6315999999999999e+03,1.0000000000000000e-02,"00",75472,
"576PDVS2","P0001173",108,"EQUI0061",1.0000000000000000e+00,8.0000000000000000e+01,3.5000000000000001e-03,"00",75473,
"576PDVS2","P0003578",111,"EQUI0310",1.0000000000000000e+00,2.5000000000000000e+02,1.0000000000000000e+00,"01",75371,
"576PDVS2","P0003578",111,"EQUI0318",1.0000000000000000e+00,6.6780000000000001e+01,1.0000000000000000e-02,"00",75372,
"576PDVS2","P0003578",111,"EQUI0275",1.0000000000000000e+00,8.0000000000000000e+01,1.0000000000000000e-02,"00",75373,
"576PDVS2","P0003578",111,"EQUI0073",1.0000000000000000e+00,3.0000000000000000e+01,1.0000000000000000e-02,"01",75374,
"576PDVS2","P0003578",111,"EQUI0019",1.0000000000000000e+00,1.3252000000000001e+02,1.0000000000000000e+00,"00",75375,
"576PDVS2","P0001217",112,"EQUI0074",1.0000000000000000e+00,2.0000000000000000e+01,1.0000000000000000e-02,"00",75376,
"576PDVS2","P0001217",112,"EQUI0116",1.0000000000000000e+00,7.0120000000000005e+01,1.0000000000000000e-02,"00",75377,
"576PDVS2","P0001217",112,"EQUI0318",1.0000000000000000e+00,6.6780000000000001e+01,1.0000000000000000e-02,"00",75378,
"576PDVS2","P0001217",112,"EQUI0275",1.0000000000000000e+00,8.0000000000000000e+01,1.0000000000000000e-02,"00",75379,
"576PDVS2","P0001217",112,"EQUI0247",1.0000000000000000e+00,6.7400000000000006e+01,1.0000000000000000e-02,"00",75380,
"576PDVS2","P0001217",112,"EQUI0061",1.0000000000000000e+00,8.0000000000000000e+01,3.5000000000000001e-03,"00",75381,
"576PDVS2","P0001250",113,"EQUI0074",1.0000000000000000e+00,2.0000000000000000e+01,1.0000000000000000e-02,"00",75382,
"576PDVS2","P0001250",113,"EQUI0001",1.0000000000000000e+00,1.8000000000000000e+01,1.0000000000000000e-02,"01",75383,
"576PDVS2","P0001250",113,"EQUI0177",1.0000000000000000e+00,1.0000000000000000e+02,1.0000000000000000e-02,"00",75384,
"576PDVS2","P0001250",113,"EQUI0318",1.0000000000000000e+00,6.6780000000000001e+01,1.0000000000000000e-02,"00",75385,
"576PDVS2","P0001250",113,"EQUI0275",1.0000000000000000e+00,8.0000000000000000e+01,1.0000000000000000e-02,"00",75386,
"576PDVS2","P0001250",113,"EQUI0247",1.0000000000000000e+00,6.7400000000000006e+01,1.0000000000000000e-02,"00",75387,
"576PDVS2","P0001250",113,"EQUI0061",1.0000000000000000e+00,8.0000000000000000e+01,3.5000000000000001e-03,"00",75388,
"576PDVS2","P0001251",114,"EQUI0074",1.0000000000000000e+00,2.0000000000000000e+01,1.0000000000000000e-02,"00",75389,
"576PDVS2","P0001251",114,"EQUI0001",1.0000000000000000e+00,1.8000000000000000e+01,1.0000000000000000e-02,"01",75390,
"576PDVS2","P0001251",114,"EQUI0177",1.0000000000000000e+00,1.0000000000000000e+02,1.0000000000000000e-02,"00",75391,
"576PDVS2","P0001251",114,"EQUI0318",1.0000000000000000e+00,6.6780000000000001e+01,1.0000000000000000e-02,"00",75392,
"576PDVS2","P0001251",114,"EQUI0275",1.0000000000000000e+00,8.0000000000000000e+01,1.0000000000000000e-02,"00",75393,
"576PDVS2","P0001251",114,"EQUI0247",1.0000000000000000e+00,6.7400000000000006e+01,1.0000000000000000e-02,"00",75394,
"576PDVS2","P0001251",114,"EQUI0061",1.0000000000000000e+00,8.0000000000000000e+01,3.5000000000000001e-03,"00",75395,
"576PDVS2","P0002930",115,"EQUIP",1.0000000000000000e+00,1.5000000000000000e+02,1.0000000000000000e+00,"00",75396,
"576PDVS2","P0005841",116,"EQUI0351",1.0000000000000000e+00,1.1250000000000000e+01,1.0000000000000000e-02,"00",75397,
"576PDVS2","P0005841",116,"EQUI0116",1.0000000000000000e+00,7.0120000000000005e+01,1.0000000000000000e-02,"00",75398,
"576PDVS2","P0001211",110,"EQUI0247",4.0000000000000000e+00,6.7400000000000006e+01,1.0000000000000000e-02,"00",75458,
"576PDVS2","P0005841",116,"EQUI0073",1.0000000000000000e+00,3.0000000000000000e+01,1.0000000000000000e-02,"01",75399,
"576PDVS2","TAPON",117,"EQUI0351",1.0000000000000000e+00,1.1250000000000000e+01,1.0000000000000000e-02,"00",75400,
"576PDVS2","TAPON",117,"EQUI0116",1.0000000000000000e+00,7.0120000000000005e+01,1.0000000000000000e-02,"00",75401,
"576PDVS2","TAPON",117,"EQUI0073",1.0000000000000000e+00,3.0000000000000000e+01,1.0000000000000000e-02,"01",75402,
"576PDVS2","TAPON1",118,"EQUI0351",1.0000000000000000e+00,1.1250000000000000e+01,1.0000000000000000e-02,"00",75403,
"576PDVS2","TAPON1",118,"EQUI0116",1.0000000000000000e+00,7.0120000000000005e+01,1.0000000000000000e-02,"00",75404,
"576PDVS2","TAPON1",118,"EQUI0073",1.0000000000000000e+00,3.0000000000000000e+01,1.0000000000000000e-02,"01",75405,
"576PDVS2","P0001321",119,"EQUI0116",1.0000000000000000e+00,7.0120000000000005e+01,1.0000000000000000e-02,"00",75406,
"576PDVS2","P0001321",119,"EQUI0275",1.0000000000000000e+00,8.0000000000000000e+01,1.0000000000000000e-02,"00",75407,
"576PDVS2","P0001321",119,"EQUI0073",1.0000000000000000e+00,3.0000000000000000e+01,1.0000000000000000e-02,"01",75408,
"576PDVS2","P0002986",120,"EQUI0351",3.0000000000000000e+00,1.1250000000000000e+01,1.0000000000000000e-02,"00",75409,
"576PDVS2","P0002986",120,"EQUI0116",3.0000000000000000e+00,7.0120000000000005e+01,1.0000000000000000e-02,"00",75410,
"576PDVS2","P0002986",120,"EQUI0275",3.0000000000000000e+00,8.0000000000000000e+01,1.0000000000000000e-02,"00",75411,
"576PDVS2","P0002986",120,"EQUI0073",3.0000000000000000e+00,3.0000000000000000e+01,1.0000000000000000e-02,"01",75412,
"576PDVS2","P0002986",120,"EQUI0335",3.0000000000000000e+00,3.4000000000000000e+02,1.0000000000000000e-02,"00",75413,
"576PDVS2","P0002986",120,"EQUI0233",6.0000000000000000e+00,3.0000000000000000e+01,1.0000000000000000e-02,"00",75414,
"576PDVS2","P0002986",120,"EQUI0114",3.0000000000000000e+00,7.8328699999999999e+03,1.0000000000000000e-02,"00",75415,
"576PDVS2","P0002986",120,"EQUI0061",3.0000000000000000e+00,8.0000000000000000e+01,3.5000000000000001e-03,"00",75416,
"576PDVS2","P0001303",121,"EQUI0351",1.0000000000000000e+00,1.1250000000000000e+01,1.0000000000000000e-02,"00",75417,
"576PDVS2","P0001303",121,"EQUI0116",1.0000000000000000e+00,7.0120000000000005e+01,1.0000000000000000e-02,"00",75418,
"576PDVS2","P0001303",121,"EQUI0275",1.0000000000000000e+00,8.0000000000000000e+01,1.0000000000000000e-02,"00",75419,
"576PDVS2","P0001303",121,"EQUI0073",1.0000000000000000e+00,3.0000000000000000e+01,1.0000000000000000e-02,"01",75420,
"576PDVS2","P0001303",121,"EQUI0233",2.0000000000000000e+00,3.0000000000000000e+01,1.0000000000000000e-02,"00",75421,
"576PDVS2","P0001330",122,"EQUI0061",1.0000000000000000e+00,8.0000000000000000e+01,3.5000000000000001e-03,"00",75422,
"576PDVS2","P0001330",122,"EQUI0114",1.0000000000000000e+00,7.8328699999999999e+03,1.0000000000000000e-02,"00",75423,
"576PDVS2","P0001330",122,"EQUI0233",2.0000000000000000e+00,3.0000000000000000e+01,1.0000000000000000e-02,"00",75424,
"576PDVS2","P0001330",122,"EQUI0335",1.0000000000000000e+00,3.4000000000000000e+02,1.0000000000000000e-02,"00",75425,
"576PDVS2","P0001330",122,"EQUI0073",1.0000000000000000e+00,3.0000000000000000e+01,1.0000000000000000e-02,"01",75426,
"576PDVS2","P0001330",122,"EQUI0275",1.0000000000000000e+00,8.0000000000000000e+01,1.0000000000000000e-02,"00",75427,
"576PDVS2","P0005453",123,"EQUI0164",1.0000000000000000e+00,7.6000000000000000e+03,4.7900000000000000e-03,"01",75428,
"576PDVS2","P0005275",124,"EQUI0133",1.3000000000000000e-01,5.0972000000000003e+02,1.0000000000000000e+00,"01",75429,
"576PDVS2","P0005275",124,"EQUI0165",1.0000000000000000e+00,7.3119399999999996e+03,7.7000000000000002e-03,"01",75430,
"576PDVS2","P0005901",125,"EQUI0351",1.0000000000000000e+00,1.1250000000000000e+01,1.0000000000000000e-02,"00",75431,
"576PDVS2","P0005901",125,"EQUI0116",1.0000000000000000e+00,7.0120000000000005e+01,1.0000000000000000e-02,"00",75432,
"576PDVS2","P0005901",125,"EQUI0275",1.0000000000000000e+00,8.0000000000000000e+01,1.0000000000000000e-02,"00",75433,
"576PDVS2","P0005901",125,"EQUI0073",1.0000000000000000e+00,3.0000000000000000e+01,1.0000000000000000e-02,"01",75434,
"576PDVS2","P0005901",125,"EQUI0335",1.0000000000000000e+00,3.4000000000000000e+02,1.0000000000000000e-02,"00",75435,
"576PDVS2","P0005901",125,"EQUI0233",2.0000000000000000e+00,3.0000000000000000e+01,1.0000000000000000e-02,"00",75436,
"576PDVS2","P0005901",125,"EQUI0061",1.0000000000000000e+00,8.0000000000000000e+01,3.5000000000000001e-03,"00",75437,
"576PDVS2","P0003579",126,"EQUI0310",1.0000000000000000e+00,2.5000000000000000e+02,1.0000000000000000e+00,"01",75438,
"576PDVS2","P0003579",126,"EQUI0318",1.0000000000000000e+00,6.6780000000000001e+01,1.0000000000000000e-02,"00",75439,
"576PDVS2","P0003579",126,"EQUI0275",1.0000000000000000e+00,8.0000000000000000e+01,1.0000000000000000e-02,"00",75440,
"576PDVS2","P0003579",126,"EQUI0073",1.0000000000000000e+00,3.0000000000000000e+01,1.0000000000000000e-02,"01",75441,
"576PDVS2","P0003579",126,"EQUI0019",1.0000000000000000e+00,1.3252000000000001e+02,1.0000000000000000e+00,"00",75442,
"576PDVS2","CAJAMED2",128,"EQUI0031",1.0000000000000001e-01,1.2000000000000000e+02,1.0000000000000000e+00,"00",75448,
"576PDVS2","CAJAMED2",128,"EQUI0172",1.0000000000000000e+00,2.1930000000000000e+01,1.0000000000000000e+00,"00",75449,
"576PDVS2","CAJAMED2",128,"EQUI0342",1.0000000000000000e+00,2.5000000000000000e+01,1.0000000000000000e-02,"01",75450,
"576PDVS2","CAJAMED2",128,"EQUI0219",1.0000000000000000e+00,4.3500000000000000e+01,1.0000000000000000e-02,"00",75451,
"576PDVS2","CAJAMED2",128,"EQUI0001",1.0000000000000000e+00,1.8000000000000000e+01,1.0000000000000000e-02,"01",75452,
"576PDVS2","P0001211",110,"EQUI0061",4.0000000000000000e+00,8.0000000000000000e+01,3.5000000000000001e-03,"00",75459,
"576PDVS2","CAJAMED1",127,"EQUI0031",1.0000000000000001e-01,1.2000000000000000e+02,1.0000000000000000e+00,"00",76093,
"576PDVS2","CAJAMED1",127,"EQUI0172",1.0000000000000000e+00,2.1930000000000000e+01,1.0000000000000000e+00,"00",76094,
"576PDVS2","CAJAMED1",127,"EQUI0342",1.0000000000000000e+00,2.5000000000000000e+01,1.0000000000000000e-02,"01",76095,
"576PDVS2","CAJAMED1",127,"EQUI0219",1.0000000000000000e+00,4.3500000000000000e+01,1.0000000000000000e-02,"00",76096,
"576PDVS2","CAJAMED1",127,"EQUI0001",1.0000000000000000e+00,1.8000000000000000e+01,1.0000000000000000e-02,"01",76097,
"576PDVS2","COCINA",105,"EQUI0164",1.0000000000000000e+00,7.6000000000000000e+03,4.7900000000000000e-03,"01",76100,
