CodPar,CodIns,CanIns,Contad,CodAlt
"P0000176","MANO0057",1.0000000000000000e+00,24013,
"P0000645","MANO0056",4.0000000000000000e+00,24020,
"P0000645","MANO0005",4.0000000000000000e+00,24021,
"P0000645","MANO0010",1.0000000000000000e+00,24022,
"P0000645","MANO0009",3.0000000000000000e+00,24023,
"P0000645","MANO0039",1.0000000000000000e+00,24024,
"P0000648","MANO0056",4.0000000000000000e+00,24030,
"P0000648","MANO0005",4.0000000000000000e+00,24031,
"P0000648","MANO0010",1.0000000000000000e+00,24032,
"P0000648","MANO0009",3.0000000000000000e+00,24033,
"P0000726","MANO0056",2.4000000000000000e+01,24044,
"P0000726","MANO0005",6.0000000000000000e+00,24045,
"P0000726","MANO0001",1.0000000000000000e+01,24046,
"P0000726","MANO0043",3.0000000000000000e+00,24047,
"P0002930","MANO0072",1.0000000000000000e+00,24176,
"P0005708","MANO0005",3.0000000000000000e+00,24240,
"P0005708","MANO0045",1.0000000000000001e-01,24241,
"P0005708","MANO0018",1.0000000000000001e-01,24242,
"P0005708","MANO0038",2.0000000000000000e+00,24243,
"P0005722","MANO0056",2.0000000000000000e+00,24244,
"P0005722","MANO0001",1.0000000000000000e+00,24245,
"P0005722","MANO0043",2.5000000000000000e-01,24246,
"P0005841","MANO0072",2.0000000000000000e+00,24253,
"P0005841","MANO0050",5.0000000000000000e-01,24254,
"LAI490","DTC003",1.0000000000000000e+00,23973,
"LAI490","MANO0056",2.0000000000000000e+00,23974,
"LAI490","MANO0005",1.0000000000000000e+00,23975,
"LAI499","MANO0057",1.0000000000000000e+00,23976,
"LAI499","MANO0042",2.5000000000000000e-01,23977,
"LAI530","MANO0042",2.5000000000000000e-01,23979,
"LAI530","MANO0072",1.0000000000000000e+00,23980,
"LAI530","MANO0001",1.0000000000000000e+00,23981,
"LAI530","MANO0056",4.0000000000000000e+00,23982,
"LAI530","MANO0019",2.5000000000000000e-01,23983,
"LIC006","MANO0056",1.0000000000000000e+00,23987,
"LIC006","MANO0072",1.0000000000000000e+00,23988,
"LIC006","MANO0005",2.0000000000000000e+00,23989,
"P0000696","MANO0005",1.0000000000000000e+00,24041,
"P0000696","MANO0001",3.0000000000000000e+00,24042,
"P0000696","MANO0043",2.5000000000000000e-01,24043,
"P0000726","MANO0059",3.0000000000000000e+00,24048,
"P0000738","MANO0056",8.0000000000000000e+00,24055,
"P0000738","MANO0005",1.0000000000000000e+01,24056,
"P0000738","MANO0001",1.0000000000000000e+01,24057,
"P0000738","MANO0043",3.0000000000000000e+00,24058,
"P0000738","MANO0059",3.0000000000000000e+00,24059,
"P0000822","MANO0056",5.0000000000000000e+00,24060,
"P0000822","MANO0005",1.0000000000000000e+00,24061,
"P0000822","MANO0032",2.0000000000000000e+00,24062,
"P0000822","MANO0047",1.0000000000000000e+00,24063,
"P0000849","MANO0056",1.0000000000000000e+01,24064,
"P0001367","MANO0056",1.2000000000000000e+01,24149,
"P0001367","MANO0005",4.0000000000000000e+00,24150,
"P0001367","MANO0001",4.0000000000000000e+00,24151,
"P0001367","MANO0043",2.0000000000000000e+00,24152,
"P0001367","MANO0051",5.0000000000000000e+00,24153,
"P0002930","MANO0056",2.0000000000000000e+00,24177,
"P0005853","MANO0007",2.0000000000000000e+00,24260,
"P0005853","MANO0077",2.0000000000000000e+00,24261,
"P0005853","MANO0012",2.5000000000000000e-01,24262,
"P0005858","MANO0042",1.0000000000000000e+00,24263,
"P0005858","MANO0021",3.0000000000000000e+00,24264,
"P0005858","MANO0019",4.0000000000000002e-01,24265,
"P0005858","MANO0007",2.0000000000000000e+00,24266,
"P0005858","MANO0059",1.0000000000000000e+00,24267,
"P0005858","MANO0028",4.0000000000000002e-01,24268,
"UP333","MANO0056",3.0000000000000000e+00,24336,
"UP333","MANO0057",2.5000000000000000e-01,24337,
"UP333","MANO0050",1.0000000000000000e+00,24338,
"P0000849","MANO0005",8.0000000000000000e+00,24065,
"P0000849","MANO0001",8.0000000000000000e+00,24066,
"P0000849","MANO0043",1.0000000000000000e+00,24067,
"P0000855","MANO0056",8.0000000000000000e+00,24068,
"P0000855","MANO0013",1.5000000000000000e+01,24069,
"P0000855","MANO0041",2.5000000000000000e-01,24070,
"P0000896","MANO0005",1.0000000000000000e+01,24071,
"P0000896","MANO0071",1.2000000000000000e+01,24072,
"P0000896","MANO0070",1.2000000000000000e+01,24073,
"P0000896","MANO0049",1.0000000000000000e+00,24074,
"P0000904","MANO0005",5.0000000000000000e+01,24075,
"P0000904","MANO0070",5.0000000000000000e+01,24076,
"P0000904","MANO0049",3.0000000000000000e+00,24077,
"P0000909","MANO0005",8.0000000000000000e+00,24078,
"P0000909","MANO0013",8.0000000000000000e+00,24079,
"P0000930","MANO0056",1.0000000000000000e+00,24080,
"P0000930","MANO0005",1.0000000000000000e+00,24081,
"P0000930","MANO0026",1.0000000000000000e+00,24082,
"P0000930","MANO0045",5.0000000000000000e-01,24083,
"P0000935","MANO0056",3.0000000000000000e+00,24084,
"P0000935","MANO0005",3.0000000000000000e+00,24085,
"P0000935","MANO0026",3.0000000000000000e+00,24086,
"P0000935","MANO0045",1.0000000000000000e+00,24087,
"P0000936","MANO0056",3.0000000000000000e+00,24088,
"P0000936","MANO0005",3.0000000000000000e+00,24089,
"P0000936","MANO0026",3.0000000000000000e+00,24090,
"P0001013","MANO0005",1.0000000000000000e+00,24092,
"P0001013","MANO0026",1.0000000000000000e+00,24093,
"P0001013","MANO0045",1.0000000000000001e-01,24094,
"P0002544","MANO0043",5.0000000000000000e-01,24165,
"P0002544","MANO0055",1.0000000000000000e+01,24166,
"P0002544","MANO0056",1.0000000000000000e+01,24167,
"P0002673","MANO0056",5.0000000000000000e+00,24168,
"P0002673","MANO0005",5.0000000000000000e+00,24169,
"P0002673","MANO0026",1.0000000000000000e+01,24170,
"P0002673","MANO0045",1.0000000000000000e+00,24171,
"P0002986","MANO0005",1.0000000000000000e+01,24178,
"P0002986","MANO0072",1.0000000000000000e+01,24179,
"P0002986","MANO0050",3.0000000000000000e+00,24180,
"P0003198","MANO0056",2.0000000000000000e+00,24186,
"P0003198","MANO0005",1.0000000000000000e+00,24187,
"P0003198","MANO0001",1.0000000000000000e+00,24188,
"P0003198","MANO0043",2.5000000000000000e-01,24189,
"P0003576","MANO0056",2.0000000000000000e+00,24190,
"P0003576","MANO0005",1.0000000000000000e+00,24191,
"P0003576","MANO0072",1.0000000000000000e+00,24192,
"P0003576","MANO0050",2.5000000000000000e-01,24193,
"P0003820","MANO0005",3.0000000000000000e+00,24198,
"P0003820","MANO0045",1.0000000000000001e-01,24199,
"P0003820","MANO0018",2.5000000000000000e-01,24200,
"P0003820","MANO0038",2.0000000000000000e+00,24201,
"P0003897","MANO0005",2.0000000000000000e+00,24206,
"P0003897","MANO0070",2.0000000000000000e+00,24207,
"P0003897","MANO0049",1.0000000000000001e-01,24208,
"P0003897","MANO0018",1.0000000000000001e-01,24209,
"P0003997","MANO0021",2.0000000000000000e+00,24214,
"P0003997","MANO0007",3.0000000000000000e+00,24215,
"P0003997","MANO0018",1.0000000000000000e+00,24216,
"P0004757","MANO0056",2.0000000000000000e+00,24217,
"P0004757","MANO0001",1.0000000000000000e+00,24218,
"P0004757","MANO0043",2.5000000000000000e-01,24219,
"P0004769","MANO0056",6.0000000000000000e+00,24220,
"P0004769","MANO0005",2.0000000000000000e+00,24221,
"P0004769","MANO0001",1.0000000000000000e+00,24222,
"P0004769","MANO0043",1.0000000000000000e+00,24223,
"P0004769","MANO0051",1.0000000000000000e+00,24224,
"P0004769","MANO0021",1.0000000000000000e+00,24225,
"P0005133","MANO0005",1.0000000000000000e+00,24227,
"P0005133","MANO0026",1.0000000000000000e+00,24228,
"P0005133","MANO0045",2.5000000000000000e-01,24229,
"P0005222","MANO0056",2.0000000000000000e+00,24230,
"LAI531","DTC003",1.0000000000000000e+00,23984,
"LAI531","MANO0008",1.0000000000000000e+00,23985,
"P0003641","MANO0056",1.0000000000000000e+00,24196,
"P0003641","MANO0072",1.0000000000000000e+00,24197,
"P0005222","MANO0001",1.0000000000000000e+00,24231,
"P0005222","MANO0074",1.0000000000000000e+00,24232,
"P0005222","MANO0044",2.5000000000000000e-01,24233,
"P0005453","MANO0056",1.0000000000000000e+00,24238,
"P0005861","MANO0005",3.0000000000000000e+00,24269,
"P0005861","MANO0045",1.0000000000000000e+00,24270,
"P0005861","MANO0018",2.5100000000000000e-01,24271,
"P0005861","MANO0038",2.0000000000000000e+00,24272,
"P0005862","MANO0059",1.0000000000000000e+00,24273,
"P0005862","MANO0056",2.0000000000000000e+00,24274,
"P0005862","MANO0005",4.0000000000000000e+00,24275,
"P0005862","MANO0055",2.0000000000000000e+00,24276,
"P0005864","MANO0005",3.0000000000000000e+00,24277,
"P0005864","MANO0045",1.0000000000000001e-01,24278,
"P0005864","MANO0018",1.0000000000000001e-01,24279,
"P0005864","MANO0038",2.0000000000000000e+00,24280,
"P0005865","MANO0005",3.0000000000000000e+00,24281,
"P0005865","MANO0045",1.0000000000000001e-01,24282,
"P0005865","MANO0018",1.0000000000000001e-01,24283,
"P0005865","MANO0038",2.0000000000000000e+00,24284,
"P0005866","MANO0005",3.0000000000000000e+00,24285,
"P0005866","MANO0045",1.0000000000000001e-01,24286,
"P0005866","MANO0018",1.0000000000000001e-01,24287,
"P0005866","MANO0038",2.0000000000000000e+00,24288,
"P0005868","MANO0005",4.0000000000000000e+00,24289,
"P0005868","MANO0045",1.0000000000000000e+00,24290,
"P0005868","MANO0018",5.0000000000000000e-01,24291,
"P0005868","MANO0038",2.0000000000000000e+00,24292,
"P0005888","MANO0056",4.0000000000000000e+00,24297,
"P0005888","MANO0005",1.0000000000000000e+00,24298,
"P0005888","MANO0074",1.0000000000000000e+00,24299,
"P0005888","MANO0009",1.0000000000000000e+00,24300,
"P0005893","MANO0005",1.0000000000000000e+00,24301,
"P0005893","MANO0045",1.0000000000000001e-01,24302,
"P0005893","MANO0020",1.0000000000000001e-01,24303,
"P0005893","MANO0001",4.0000000000000000e+00,24304,
"P0005894","MANO0045",5.0000000000000000e-01,24305,
"P0005894","MANO0005",1.0000000000000000e+00,24306,
"P0005894","MANO0026",1.0000000000000000e+00,24307,
"P0005895","MANO0005",3.0000000000000000e+00,24308,
"P0005895","MANO0045",1.0000000000000001e-01,24309,
"P0005895","MANO0018",2.0000000000000001e-01,24310,
"P0005895","MANO0038",2.0000000000000000e+00,24311,
"P0005896","MANO0005",3.0000000000000000e+00,24312,
"P0005896","MANO0045",1.0000000000000000e+00,24313,
"EDF-0901","MANO0056",8.0000000000000000e+00,23953,
"EDF-0901","MANO0043",1.0000000000000000e+00,23954,
"EDF-0901","MANO0055",8.0000000000000000e+00,23955,
"EDF-9004","MANO0056",8.0000000000000000e+00,23956,
"EDF-9004","MANO0005",8.0000000000000000e+00,23957,
"EDF-9004","MANO0010",4.0000000000000000e+00,23958,
"EDF-9004","MANO0009",4.0000000000000000e+00,23959,
"ESTRUC27","MANO0056",2.0000000000000000e+00,23961,
"ESTRUC27","MANO0005",4.0000000000000000e+00,23962,
"ESTRUC27","MANO0059",1.0000000000000000e+00,23963,
"P0000653","MANO0056",1.2000000000000000e+01,24035,
"P0000653","MANO0005",1.2000000000000000e+01,24036,
"P0000653","MANO0010",6.0000000000000000e+00,24037,
"P0000653","MANO0009",6.0000000000000000e+00,24038,
"P0000653","MANO0039",1.0000000000000000e+00,24039,
"P0000696","MANO0056",3.0000000000000000e+00,24040,
"P0003174","MANO0043",1.0000000000000000e+00,24181,
"P0003174","MANO0051",2.0000000000000000e+00,24182,
"P0003174","MANO0056",8.0000000000000000e+00,24183,
"P0003174","MANO0005",2.0000000000000000e+00,24184,
"P0003174","MANO0001",2.0000000000000000e+00,24185,
"P0005275","MANO0050",2.5000000000000000e-01,24234,
"P0005275","MANO0056",2.5000000000000000e-01,24235,
"P0005275","MANO0005",1.0000000000000000e+00,24236,
"P0005453","MANO0005",1.0000000000000000e+00,24239,
"P0005815","MANO0056",2.2000000000000000e+01,24247,
"P0005815","MANO0005",2.2000000000000000e+01,24248,
"P0005815","MANO0001",6.0000000000000000e+00,24249,
"P0005815","MANO0042",1.0000000000000000e+00,24250,
"P0005815","MANO0057",2.0000000000000000e+00,24251,
"P0005841","MANO0005",2.0000000000000000e+00,24252,
"P0005872","MANO0056",1.0000000000000000e+00,24294,
"P0005872","MANO0005",1.0000000000000000e+00,24295,
"P0005872","MANO0026",1.0000000000000000e+00,24296,
"P0005896","MANO0018",2.5100000000000000e-01,24314,
"P0005896","MANO0038",2.0000000000000000e+00,24315,
"P0005901","MANO0005",1.0000000000000000e+00,24316,
"P0005901","MANO0072",1.0000000000000000e+00,24317,
"P0005901","MANO0050",2.5000000000000000e-01,24318,
"P0005902","MANO0056",2.5000000000000000e+01,24319,
"P0005902","MANO0005",2.5000000000000000e+01,24320,
"P0005902","MANO0042",1.0000000000000000e+00,24321,
"P0005902","MANO0013",1.0000000000000000e+01,24322,
"P0005904","MANO0056",2.0000000000000000e+01,24323,
"P0005904","MANO0005",2.4000000000000000e+01,24324,
"P0005904","MANO0001",8.0000000000000000e+00,24325,
"P0005904","MANO0042",1.0000000000000000e+00,24326,
"P0005904","MANO0057",1.0000000000000000e+00,24327,
"PAR0942","MANO0005",5.0000000000000000e+00,24328,
"PAR0942","MANO0026",5.0000000000000000e+00,24329,
"PAR0942","MANO0045",1.0000000000000000e+00,24330,
"TEGDG","MANO0005",4.0000000000000000e+00,24331,
"P0000035","MANO0056",2.0000000000000000e+00,23991,
"P0000035","MANO0008",1.0000000000000000e+00,23992,
"P0000110","MANO0056",2.0000000000000000e+00,23994,
"P0000110","MANO0005",1.0000000000000000e+00,23995,
"P0000110","MANO0007",1.0000000000000000e+00,23996,
"P0000110","MANO0012",5.0000000000000000e-01,23997,
"P0000110","MANO0059",1.0000000000000000e+00,23998,
"P0000147","MANO0056",1.0000000000000000e+01,23999,
"P0000147","MANO0011",2.5000000000000000e-01,24000,
"P0000160","MANO0056",8.0000000000000000e+00,24001,
"P0000160","MANO0011",1.0000000000000000e+00,24002,
"P0000164","MANO0059",1.0000000000000000e+00,24003,
"P0000164","MANO0056",6.0000000000000000e+00,24004,
"P0000164","MANO0042",5.0000000000000000e-01,24005,
"P0000164","MANO0007",1.0000000000000000e+00,24006,
"P0000173","MANO0056",1.0000000000000000e+01,24008,
"P0000173","MANO0011",1.0000000000000000e+00,24009,
"P0000173","MANO0057",2.0000000000000000e+00,24010,
"P0000176","MANO0056",4.0000000000000000e+00,24011,
"P0000176","MANO0042",2.5000000000000000e-01,24012,
"P0001017","MANO0005",1.0000000000000000e+00,24095,
"P0001017","MANO0026",1.0000000000000000e+00,24096,
"P0001017","MANO0045",1.0000000000000001e-01,24097,
"P0001042","MANO0056",3.0000000000000000e+00,24098,
"P0001042","MANO0005",3.0000000000000000e+00,24099,
"P0001042","MANO0026",3.0000000000000000e+00,24100,
"P0001042","MANO0045",1.0000000000000000e+00,24101,
"P0001049","MANO0056",3.0000000000000000e+00,24102,
"P0001049","MANO0005",3.0000000000000000e+00,24103,
"P0001049","MANO0026",3.0000000000000000e+00,24104,
"P0001053","MANO0005",4.0000000000000000e+00,24106,
"P0001053","MANO0001",4.0000000000000000e+00,24107,
"P0001053","MANO0026",4.0000000000000000e+00,24108,
"P0001053","MANO0045",1.0000000000000001e-01,24109,
"P0001171","MANO0056",1.0000000000000000e+00,24110,
"P0001171","MANO0005",1.0000000000000000e+00,24111,
"P0001171","MANO0072",1.0000000000000000e+00,24112,
"P0001171","MANO0050",2.5000000000000000e-01,24113,
"P0001172","MANO0056",6.0000000000000000e+00,24114,
"P0001172","MANO0005",6.0000000000000000e+00,24115,
"P0001172","MANO0072",6.0000000000000000e+00,24116,
"P0001172","MANO0050",2.5000000000000000e-01,24117,
"ESTRUC27","MANO0074",2.0000000000000000e+00,23964,
"ESTRUC27","MANO0055",2.0000000000000000e+00,23965,
"P0001173","MANO0056",1.0000000000000000e+00,24118,
"P0001173","MANO0005",1.0000000000000000e+00,24119,
"P0001173","MANO0072",1.0000000000000000e+00,24120,
"P0001173","MANO0050",2.5000000000000000e-01,24121,
"P0001209","MANO0056",6.0000000000000000e+00,24122,
"P0001209","MANO0005",6.0000000000000000e+00,24123,
"P0001209","MANO0072",6.0000000000000000e+00,24124,
"P0001209","MANO0050",2.5000000000000000e-01,24125,
"P0001211","MANO0056",3.0000000000000000e+00,24126,
"P0001211","MANO0005",3.0000000000000000e+00,24127,
"P0001211","MANO0072",6.0000000000000000e+00,24128,
"P0001211","MANO0050",2.5000000000000000e-01,24129,
"P0001217","MANO0056",1.0000000000000000e+00,24130,
"P0001217","MANO0005",1.0000000000000000e+00,24131,
"P0001217","MANO0001",2.5000000000000000e-01,24132,
"P0001217","MANO0072",1.0000000000000000e+00,24133,
"P0001217","MANO0050",2.5000000000000000e-01,24134,
"P0001250","MANO0056",1.0000000000000000e+00,24135,
"P0001250","MANO0005",1.0000000000000000e+00,24136,
"P0001250","MANO0072",1.0000000000000000e+00,24137,
"P0001250","MANO0050",2.5000000000000000e-01,24138,
"P0001251","MANO0056",1.0000000000000000e+00,24139,
"P0001251","MANO0005",1.0000000000000000e+00,24140,
"P0001251","MANO0072",1.0000000000000000e+00,24141,
"P0001251","MANO0050",2.5000000000000000e-01,24142,
"P0001303","MANO0005",1.0000000000000000e+01,24143,
"P0001303","MANO0072",1.0000000000000000e+01,24144,
"P0001303","MANO0050",2.5000000000000000e-01,24145,
"P0001321","MANO0005",1.0000000000000000e+01,24146,
"P0001321","MANO0072",1.0000000000000000e+01,24147,
"P0001321","MANO0050",1.0000000000000000e+00,24148,
"P0001661","MANO0056",4.0000000000000000e+00,24154,
"P0001661","MANO0042",5.0000000000000000e-01,24155,
"P0001661","MANO0057",1.0000000000000000e+00,24156,
"P0002002","MANO0056",1.0000000000000000e+01,24157,
"P0002002","MANO0011",1.0000000000000000e+00,24158,
"P0002002","MANO0057",2.0000000000000000e+00,24159,
"P0002329","MANO0056",4.0000000000000000e+00,24160,
"P0002329","MANO0005",2.0000000000000000e+00,24161,
"P0002329","MANO0014",1.0000000000000000e+00,24162,
"P0002329","MANO0013",3.0000000000000000e+00,24163,
"P0002329","MANO0040",1.0000000000000000e+00,24164,
"P0002674","MANO0056",1.0000000000000000e+00,24172,
"P0002674","MANO0005",1.0000000000000000e+00,24173,
"P0002674","MANO0026",2.0000000000000000e+00,24174,
"P0002674","MANO0045",2.5000000000000000e-01,24175,
"P0003606","MANO0005",1.0000000000000000e+00,24194,
"P0003606","MANO0072",1.0000000000000000e+00,24195,
"P0003821","MANO0005",3.0000000000000000e+00,24202,
"P0003821","MANO0045",1.0000000000000001e-01,24203,
"*ALBAÑ52","MANO0001",1.8000000000000000e+01,23929,
"*ALBAÑ52","MANO0056",1.8000000000000000e+01,23930,
"*ALBAÑ52","MANO0042",1.0000000000000000e+00,23931,
"*ALBAÑ52","MANO0059",4.0000000000000000e+00,23932,
"CALBRE3","MANO0056",1.0000000000000000e+00,23949,
"CALBRE3","MANO0005",1.0000000000000000e+00,23950,
"CALBRE3","MANO0026",1.0000000000000000e+00,23951,
"FEFF","MANO0005",3.0000000000000000e+00,23966,
"FEFF","MANO0045",1.0000000000000001e-01,23967,
"FEFF","MANO0018",1.0000000000000001e-01,23968,
"FEFF","MANO0038",2.0000000000000000e+00,23969,
"P0000211","MANO0056",8.0000000000000000e+00,24014,
"P0000211","MANO0005",4.0000000000000000e+00,24015,
"P0000211","MANO0001",1.0000000000000000e+00,24016,
"P0000211","MANO0043",1.0000000000000000e+00,24017,
"P0000211","MANO0051",1.0000000000000000e+00,24018,
"P0000211","MANO0057",2.0000000000000000e+00,24019,
"P0000647","MANO0056",4.0000000000000000e+00,24025,
"P0000647","MANO0005",4.0000000000000000e+00,24026,
"P0000647","MANO0010",1.0000000000000000e+00,24027,
"P0000647","MANO0009",3.0000000000000000e+00,24028,
"P0000647","MANO0039",1.0000000000000000e+00,24029,
"P0000936","MANO0045",1.0000000000000000e+00,24091,
"P0001049","MANO0045",1.0000000000000000e+00,24105,
"P0003821","MANO0018",2.5000000000000000e-01,24204,
"P0003821","MANO0038",2.0000000000000000e+00,24205,
"P0003898","MANO0005",2.0000000000000000e+00,24210,
"P0003898","MANO0070",2.0000000000000000e+00,24211,
"P0003898","MANO0049",1.0000000000000001e-01,24212,
"P0003898","MANO0018",1.0000000000000001e-01,24213,
"P0004769","MANO0057",1.0000000000000000e+00,24226,
"P0005275","MANO0072",1.0000000000000000e+00,24237,
"P0005868","MANO0026",2.0000000000000000e+00,24293,
"TEGDG","MANO0045",1.0000000000000000e+00,24332,
"TEGDG","MANO0018",1.0000000000000000e+00,24333,
"TEGDG","MANO0038",2.0000000000000000e+00,24334,
"TEGDG","MANO0026",2.0000000000000000e+00,24335,
"UP333","MANO0005",1.0000000000000000e+00,24339,
"UP333","MANO0072",1.0000000000000000e+00,24340,
"*ARMRE07","*CABILL1",2.0000000000000000e+00,23933,
"*ARMRE07","*CABILL2",1.0000000000000000e+00,23934,
"*ARMRE07","*AYUDAN1",1.0000000000000000e+00,23935,
"*ARMRE07","*OBRERO1",4.0000000000000000e+00,23936,
"*ARMRE07","*MCABILL",1.0000000000000000e+00,23937,
"*CABLE28","*ELECTR2",1.0000000000000000e+00,23938,
"*CABLE28","*ELECTR1",1.0000000000000000e+00,23939,
"*CABLE28","*MELECTR",2.5000000000000000e-01,23940,
"*CABLE28","*AYUDAN1",2.0000000000000000e+00,23941,
"BREAKER","MANO0005",1.0000000000000000e+00,23942,
"BREAKER","MANO0026",1.0000000000000000e+00,23943,
"BREAKER","MANO0045",2.5000000000000000e-01,23944,
"CAJAMED","MANO0005",3.0000000000000000e+00,23945,
"CAJAMED","MANO0045",1.0000000000000001e-01,23946,
"CAJAMED","MANO0018",1.0000000000000001e-01,23947,
"CAJAMED","MANO0038",2.0000000000000000e+00,23948,
"CALBRE3","MANO0045",2.5000000000000000e-01,23952,
"EDF-9004","MANO0039",1.0000000000000000e+00,23960,
"LAI499","MANO0056",2.0000000000000000e+00,23978,
"LAI531","MANO0056",4.0000000000000000e+00,23986,
"LIC006","MANO0020",2.5000000000000000e-01,23990,
"P0000035","DTC003",1.0000000000000000e+00,23993,
"P0000164","MANO0012",1.0000000000000000e+00,24007,
"P0000648","MANO0039",2.5000000000000000e-01,24034,
"ALBAÑ27","*OBRERO1",8.0000000000000000e+00,24345,
"ALBAÑ27","*ALBAÑ01",1.5000000000000000e+01,24346,
"ALBAÑ27","*ALBAÑ02",1.5000000000000000e+01,24347,
"ALBAÑ27","*MALBAÑ1",1.0000000000000000e+00,24348,
"ALBAÑ28","*OBRERO1",8.0000000000000000e+00,24349,
"ALBAÑ28","*ALBAÑ01",1.5000000000000000e+01,24350,
"ALBAÑ28","*ALBAÑ02",1.5000000000000000e+01,24351,
"ALBAÑ28","*MALBAÑ1",1.0000000000000000e+00,24352,
"HERRE20","*AYUDAN1",1.0000000000000000e+00,24357,
"HERRE20","*ALBAÑ01",1.0000000000000000e+00,24359,
"HERRE20","*MAESTR2",2.5000000000000000e-01,24360,
"BOTE1","MANO0056",5.0000000000000000e+00,24364,
"BOTE1","MANO0042",5.0000000000000000e-01,24365,
"BOTE1","MANO0018",1.0000000000000000e+00,24366,
"*OBREX33","*MAESTR2",1.0000000000000000e+00,24367,
"*OBREX33","*OBRERO1",6.0000000000000000e+00,24368,
"*OBREX33","*ALBAÑ01",2.0000000000000000e+00,24369,
"*OBREX33","*MAQCON1",2.0000000000000000e+00,24370,
"*OBREX30","*ALBAÑ01",2.0000000000000000e+00,24371,
"*OBREX30","*MAQCON1",2.0000000000000000e+00,24372,
"*OBREX30","*OBRERO1",6.0000000000000000e+00,24373,
"*OBREX30","*MAESTR2",1.0000000000000000e+00,24374,
"OBREX30","*CAPORAL",2.5000000000000000e-01,24377,
"OBREX30","*OBRERO1",3.0000000000000000e+00,24378,
"P0002330","MANO0056",4.0000000000000000e+00,24379,
"P0002330","MANO0005",2.0000000000000000e+00,24380,
"P0002330","MANO0014",1.0000000000000000e+00,24381,
"P0002330","MANO0013",3.0000000000000000e+00,24382,
"P0002330","MANO0040",1.0000000000000000e+00,24383,
"P0005853","MANO0018",1.0000000000000000e+00,24384,
"P0005722","MANO0059",5.0000000000000000e-01,24385,
"P0003198","MANO0059",5.0000000000000000e-01,24386,
"P0003576","MANO0059",1.0000000000000000e+00,24387,
"P0000905","MANO0005",3.0000000000000000e+01,24388,
"P0000905","MANO0070",3.0000000000000000e+01,24389,
"P0000905","MANO0049",3.0000000000000000e+00,24390,
"P0001329","MANO0005",1.0000000000000000e+00,24391,
"P0001329","MANO0072",1.0000000000000000e+00,24392,
"P0001329","MANO0050",2.5000000000000000e-01,24393,
"P0001329","MANO0031",5.0000000000000003e-02,24394,
"P0001330","MANO0005",1.0000000000000000e+01,24395,
"P0001330","MANO0072",1.0000000000000000e+01,24396,
"P0001330","MANO0050",1.0000000000000000e+00,24397,
"CARPI08","*GUINCHE",1.0000000000000000e+00,24399,
"CARPI08","*MCARPI2",2.5000000000000000e-01,24400,
"CARPI08","*CARPI01",1.0000000000000000e+00,24401,
"CARPI08","*AYUDAN1",1.0000000000000000e+00,24402,
"CARPI09","*MCARPI2",1.0000000000000000e+00,24404,
"CARPI09","*CARPI01",1.5000000000000000e+01,24405,
"CARPI09","*AYUDAN1",8.0000000000000000e+00,24406,
"CARPI10","*GUINCHE",1.0000000000000000e+00,24407,
"CARPI10","*MCARPI2",2.5000000000000000e-01,24408,
"CARPI10","*CARPI01",1.0000000000000000e+00,24409,
"CARPI10","*AYUDAN1",1.0000000000000000e+00,24410,
"COCINA","MANO0056",1.0000000000000000e+00,24411,
"COCINA","MANO0005",1.0000000000000000e+00,24412,
"COCINA1","MANO0056",1.0000000000000000e+00,24413,
"COCINA1","MANO0005",1.0000000000000000e+00,24414,
"*HERRE17","*AYUDAN1",1.0000000000000000e+00,24415,
"*HERRE17","*GUINCHE",1.0000000000000000e+00,24416,
"*HERRE17","*ALBAÑ01",1.0000000000000000e+00,24417,
"*HERRE17","*MAESTR2",2.5000000000000000e-01,24418,
"HERRE18","*AYUDAN1",1.0000000000000000e+01,24419,
"HERRE18","*GUINCHE",1.0000000000000000e+00,24420,
"HERRE18","*MAESTR2",1.0000000000000000e+00,24422,
"HERRE18","MANO0074",1.5000000000000000e+01,24423,
"*COMPC01","*OPEMAQ2",9.0000000000000000e+00,24424,
"*COMPC01","*CAPORAL",1.0000000000000000e+00,24425,
"*COMPC01","*OBRERO1",5.0000000000000000e+00,24426,
"*COMPC01","*AYUDAOP",3.0000000000000000e+00,24427,
"*BACHEO7","*OBRERO1",6.0000000000000000e+00,24428,
"*BACHEO7","*MAESTR1",1.0000000000000000e+00,24429,
"*BACHEO7","*OPENIV1",1.0000000000000000e+00,24430,
"*BACHEO7","*OPERLIV",2.0000000000000000e+00,24431,
"*BACHEO7","*AYUDAOP",2.0000000000000000e+00,24432,
"*PAVAS01","*CAPEQUI",1.0000000000000000e+00,24433,
"*PAVAS01","*OBRERO1",2.0000000000000000e+00,24434,
"*PAVAS01","*OPERLIV",3.0000000000000000e+00,24435,
"*PAVAS01","*AYUDAOP",3.0000000000000000e+00,24436,
"*PAVAS01","*CHOFER1",1.0000000000000000e+00,24437,
"TAPON","MANO0005",2.0000000000000000e+00,24438,
"TAPON","MANO0072",2.0000000000000000e+00,24439,
"TAPON","MANO0050",5.0000000000000000e-01,24440,
"TAPON1","MANO0005",1.0000000000000000e+01,24441,
"TAPON1","MANO0072",2.0000000000000000e+00,24442,
"TAPON1","MANO0050",5.0000000000000000e-01,24443,
"P0003577","MANO0056",2.0000000000000000e+00,24444,
"P0003577","MANO0005",1.0000000000000000e+00,24445,
"P0003577","MANO0072",1.0000000000000000e+00,24446,
"P0003577","MANO0050",2.5000000000000000e-01,24447,
"P0003577","MANO0059",1.0000000000000000e+00,24448,
"P0003578","MANO0056",2.0000000000000000e+00,24449,
"P0003578","MANO0005",1.0000000000000000e+00,24450,
"P0003578","MANO0072",1.0000000000000000e+00,24451,
"P0003578","MANO0050",2.5000000000000000e-01,24452,
"P0003578","MANO0059",1.0000000000000000e+00,24453,
"P0003579","MANO0056",8.0000000000000000e+00,24454,
"P0003579","MANO0005",4.0000000000000000e+00,24455,
"P0003579","MANO0072",2.0000000000000000e+00,24456,
"P0003579","MANO0050",2.5000000000000000e-01,24457,
"P0003579","MANO0059",1.0000000000000000e+00,24458,
"CAJAMED1","MANO0005",2.0000000000000000e+00,24459,
"CAJAMED1","MANO0018",1.0000000000000001e-01,24461,
"CAJAMED1","MANO0072",2.0000000000000000e+00,24463,
"CAJAMED1","MANO0050",5.0000000000000000e-01,24464,
"CAJAMED2","MANO0005",2.0000000000000000e+00,24465,
"CAJAMED2","MANO0018",1.0000000000000001e-01,24466,
"CAJAMED2","MANO0072",2.0000000000000000e+00,24467,
"CAJAMED2","MANO0050",5.0000000000000000e-01,24468,
"PAR0985","*OBRERO1",2.0000000000000000e+00,24469,
"PAR0985","*AYUDAN1",1.0000000000000000e+00,24470,
"PAR0985","*ELECTR1",1.0000000000000000e+00,24471,
"PAR0985","*MOBELEM",2.5000000000000000e-01,24472,
"PAR0986","*OBRERO1",3.0000000000000000e+00,24473,
"PAR0986","*AYUDAN1",3.0000000000000000e+00,24474,
"PAR0986","*ELECTR1",3.0000000000000000e+00,24475,
"PAR0986","*MOBELEM",1.0000000000000000e+00,24476,
"TUBECOBR","MANO0056",5.0000000000000000e+00,24477,
"TUBECOBR","MANO0001",5.0000000000000000e+00,24478,
"TUBECOBR","MANO0074",5.0000000000000000e+00,24479,
"TUBECOBR","MANO0044",2.5000000000000000e-01,24480,
